{"type":"Feature","properties":{"source":"OpenStreetMap contributors (ODbL): relation 49715 land area, clipped to natural=coastline"},"geometry":{"type":"MultiPolygon","coordinates":[[[[22.81143,54.37098],[22.80607,54.36862],[22.792,54.36332],[22.785,54.36378],[22.75591,54.36206],[22.72385,54.36085],[22.71596,54.36112],[22.70985,54.36174],[22.69174,54.36069],[22.68942,54.36027],[22.6806,54.36024],[22.66888,54.35821],[22.66044,54.35555],[22.65,54.35417],[22.64155,54.35377],[22.62664,54.35493],[22.6233,54.3558],[22.61655,54.35568],[22.61184,54.35509],[22.60858,54.35447],[22.59636,54.35354],[22.59274,54.35408],[22.57134,54.35387],[22.55951,54.35185],[22.55261,54.35131],[22.54478,54.35113],[22.54118,54.35081],[22.53857,54.35038],[22.5367,54.35077],[22.52808,54.34919],[22.51777,54.34943],[22.49766,54.34929],[22.49077,54.34949],[22.47916,54.34879],[22.47643,54.34891],[22.4737,54.3486],[22.46864,54.34839],[22.4643,54.34898],[22.46019,54.34896],[22.45373,54.34862],[22.44691,54.34868],[22.44322,54.34842],[22.43997,54.34767],[22.43755,54.34757],[22.43446,54.34627],[22.42887,54.34697],[22.42731,54.34758],[22.42179,54.34846],[22.41796,54.34742],[22.40912,54.34664],[22.40525,54.34612],[22.39676,54.34576],[22.3908,54.3457],[22.38251,54.34468],[22.36523,54.34439],[22.35065,54.34369],[22.34869,54.34397],[22.33076,54.34331],[22.32925,54.34454],[22.32311,54.34391],[22.31977,54.34294],[22.31878,54.34052],[22.31203,54.3407],[22.30895,54.34141],[22.27718,54.34087],[22.27001,54.34088],[22.26008,54.34058],[22.24339,54.34088],[22.24095,54.34116],[22.23881,54.34173],[22.23628,54.34168],[22.23197,54.34028],[22.22924,54.3405],[22.22571,54.34377],[22.18818,54.33888],[22.18153,54.33846],[22.17948,54.3372],[22.17593,54.3381],[22.15279,54.33657],[22.12107,54.33636],[22.09725,54.33741],[22.07586,54.33625],[22.06131,54.33563],[22.04289,54.33577],[22.03719,54.33565],[22.0221,54.33637],[22.01019,54.33622],[21.99497,54.33557],[21.96968,54.33271],[21.91346,54.33371],[21.8997,54.33271],[21.88067,54.33228],[21.85587,54.33204],[21.85058,54.33128],[21.84256,54.33159],[21.81496,54.33123],[21.80245,54.33146],[21.8004,54.33177],[21.79711,54.33179],[21.78268,54.33106],[21.76978,54.33064],[21.76736,54.33058],[21.765,54.33078],[21.75944,54.33023],[21.74677,54.33],[21.74453,54.33014],[21.74287,54.32989],[21.71309,54.32838],[21.67672,54.3268],[21.64689,54.32654],[21.63492,54.32741],[21.62268,54.32684],[21.61435,54.32675],[21.59642,54.32598],[21.57741,54.32555],[21.57357,54.32536],[21.57019,54.32202],[21.55322,54.32286],[21.55282,54.32521],[21.54786,54.3249],[21.541,54.32487],[21.52875,54.32542],[21.51381,54.32404],[21.508,54.32382],[21.49582,54.32397],[21.47548,54.32122],[21.46775,54.32001],[21.46336,54.31991],[21.45778,54.31914],[21.44611,54.31822],[21.44124,54.32145],[21.43854,54.32424],[21.43703,54.32617],[21.43368,54.3269],[21.42475,54.32636],[21.4143,54.32622],[21.40747,54.32697],[21.39353,54.32792],[21.3854,54.33014],[21.37947,54.33105],[21.37029,54.33129],[21.35705,54.33117],[21.35113,54.32985],[21.33751,54.33056],[21.32822,54.32998],[21.32386,54.32936],[21.31908,54.3303],[21.30884,54.33268],[21.30285,54.33354],[21.29059,54.33232],[21.2744,54.32839],[21.26129,54.3292],[21.24658,54.33112],[21.23957,54.33188],[21.21409,54.33585],[21.19676,54.33778],[21.17973,54.3379],[21.16412,54.3373],[21.15488,54.33917],[21.14843,54.3409],[21.14322,54.34255],[21.14096,54.34254],[21.11527,54.34475],[21.09883,54.34674],[21.0898,54.34727],[21.08296,54.34635],[21.06207,54.34795],[21.05847,54.34812],[21.04486,54.3482],[21.03809,54.34859],[21.01725,54.35206],[21.00669,54.35362],[20.96728,54.35419],[20.95816,54.35464],[20.95134,54.35713],[20.92596,54.35643],[20.9031,54.3577],[20.89918,54.3582],[20.89472,54.35756],[20.88737,54.35844],[20.88191,54.35866],[20.87994,54.35849],[20.87193,54.35851],[20.85564,54.35938],[20.84847,54.36069],[20.81844,54.36001],[20.80402,54.36197],[20.7782,54.36484],[20.7525,54.3674],[20.74084,54.36928],[20.73713,54.36947],[20.72895,54.36872],[20.72523,54.36878],[20.71749,54.36923],[20.69669,54.37171],[20.69285,54.37211],[20.6894,54.37226],[20.67587,54.37141],[20.66037,54.37173],[20.64811,54.37118],[20.63625,54.36739],[20.63107,54.36631],[20.62239,54.37101],[20.61688,54.37256],[20.61288,54.37269],[20.58396,54.37802],[20.55134,54.37963],[20.53594,54.38089],[20.53115,54.38091],[20.51767,54.38053],[20.51514,54.38061],[20.50551,54.38271],[20.49851,54.3832],[20.48812,54.38358],[20.48251,54.38481],[20.47171,54.38526],[20.46748,54.38623],[20.43847,54.38793],[20.42919,54.389],[20.42551,54.38978],[20.41251,54.39175],[20.40337,54.39287],[20.38167,54.39385],[20.36562,54.39608],[20.36106,54.39586],[20.33203,54.40115],[20.3144,54.40213],[20.28617,54.40421],[20.27435,54.4056],[20.26546,54.40608],[20.25723,54.40696],[20.24192,54.40815],[20.2317,54.40804],[20.22099,54.40876],[20.2078,54.40997],[20.19934,54.411],[20.17268,54.4136],[20.16194,54.41453],[20.1534,54.41498],[20.10085,54.41936],[20.09078,54.42001],[20.08514,54.42075],[20.06911,54.42215],[20.06072,54.4218],[20.0579,54.42209],[20.05131,54.42318],[20.03184,54.42373],[20.00741,54.42474],[19.99729,54.42581],[19.9477,54.43001],[19.93513,54.43155],[19.89723,54.43411],[19.8949,54.43486],[19.89074,54.43532],[19.87862,54.43602],[19.87324,54.43667],[19.85653,54.43825],[19.84303,54.43926],[19.824,54.44126],[19.81146,54.44231],[19.81029,54.44194],[19.80385,54.44241],[19.80382,54.44214],[19.80334,54.4416],[19.80291,54.4413],[19.80211,54.44107],[19.80213,54.44049],[19.80233,54.44026],[19.8022,54.43996],[19.80199,54.44007],[19.80172,54.43991],[19.80177,54.43978],[19.80143,54.43978],[19.8003,54.43929],[19.79942,54.43851],[19.79859,54.43835],[19.79816,54.43797],[19.79768,54.4379],[19.79732,54.43766],[19.79612,54.43748],[19.79523,54.4366],[19.79368,54.43634],[19.7935,54.43619],[19.79153,54.43603],[19.79079,54.43573],[19.7891,54.43547],[19.78852,54.43524],[19.78854,54.43513],[19.78703,54.43508],[19.78575,54.43471],[19.78455,54.43488],[19.78389,54.43477],[19.78347,54.43454],[19.78325,54.43417],[19.7823,54.4339],[19.78229,54.43404],[19.78246,54.43409],[19.78223,54.43439],[19.78143,54.43412],[19.77973,54.43429],[19.77851,54.43382],[19.77793,54.43385],[19.77772,54.43367],[19.77516,54.43374],[19.77433,54.43338],[19.77334,54.43374],[19.77058,54.43424],[19.76835,54.43433],[19.76763,54.4338],[19.76715,54.43367],[19.76715,54.43303],[19.76638,54.43285],[19.76588,54.43312],[19.76661,54.4321],[19.76615,54.43203],[19.76526,54.43238],[19.76445,54.43225],[19.76331,54.43266],[19.76278,54.43322],[19.7621,54.43344],[19.76099,54.43312],[19.76043,54.43338],[19.75923,54.43341],[19.75676,54.43312],[19.75624,54.43292],[19.75547,54.43312],[19.75459,54.43302],[19.75421,54.43323],[19.75259,54.4329],[19.75217,54.43249],[19.75127,54.43207],[19.75096,54.43172],[19.74976,54.43162],[19.74902,54.43124],[19.74722,54.43083],[19.74496,54.42908],[19.74456,54.42828],[19.74415,54.42683],[19.74387,54.42645],[19.74257,54.42621],[19.74602,54.4262],[19.75028,54.4278],[19.75052,54.42776],[19.74613,54.42595],[19.74236,54.42583],[19.74426,54.42575],[19.74485,54.42553],[19.74522,54.42472],[19.74607,54.42434],[19.74631,54.42403],[19.74688,54.42385],[19.74811,54.42262],[19.74903,54.42067],[19.74882,54.42046],[19.74913,54.41963],[19.74878,54.41892],[19.74794,54.41823],[19.74608,54.41731],[19.74559,54.41669],[19.74548,54.41631],[19.74558,54.41593],[19.74509,54.41579],[19.74525,54.41556],[19.74555,54.4156],[19.7457,54.41628],[19.74584,54.41625],[19.74601,54.41609],[19.74596,54.41575],[19.74628,54.41541],[19.74606,54.41523],[19.74625,54.41487],[19.74587,54.4144],[19.74565,54.41335],[19.74519,54.41323],[19.74432,54.41329],[19.74387,54.41297],[19.74283,54.4126],[19.7421,54.41259],[19.74161,54.41177],[19.74083,54.41169],[19.74082,54.41146],[19.74121,54.41142],[19.7413,54.41121],[19.7399,54.41078],[19.7396,54.41041],[19.73863,54.41062],[19.73677,54.41056],[19.73617,54.41017],[19.73613,54.40936],[19.73642,54.40893],[19.73613,54.40863],[19.73434,54.40814],[19.73367,54.40818],[19.73299,54.40794],[19.7322,54.40788],[19.73154,54.40751],[19.73036,54.40748],[19.72921,54.40711],[19.7284,54.40616],[19.72558,54.40513],[19.72385,54.404],[19.72191,54.40326],[19.72097,54.40247],[19.72072,54.40204],[19.72035,54.40193],[19.71902,54.4009],[19.7185,54.39979],[19.71799,54.39915],[19.71695,54.3987],[19.71667,54.39761],[19.71622,54.39719],[19.71582,54.39629],[19.71599,54.39604],[19.71524,54.39528],[19.71485,54.39415],[19.71493,54.39361],[19.71441,54.39328],[19.7139,54.39252],[19.7137,54.39168],[19.71316,54.39094],[19.71357,54.39075],[19.71363,54.39016],[19.71434,54.38996],[19.71434,54.38959],[19.71354,54.38879],[19.71353,54.38858],[19.71299,54.38823],[19.713,54.38789],[19.71241,54.38815],[19.71191,54.38813],[19.71173,54.38803],[19.71171,54.38771],[19.71139,54.38748],[19.71156,54.38709],[19.71295,54.38638],[19.713,54.38612],[19.71193,54.38598],[19.7115,54.3861],[19.71109,54.38593],[19.70974,54.38481],[19.70957,54.3842],[19.7092,54.38388],[19.70934,54.38351],[19.70886,54.38324],[19.7085,54.38266],[19.70778,54.38251],[19.70736,54.38221],[19.70708,54.38177],[19.70334,54.38095],[19.70283,54.3806],[19.70226,54.38052],[19.70199,54.38032],[19.70115,54.38019],[19.70033,54.38026],[19.69951,54.38013],[19.69942,54.38],[19.69863,54.38012],[19.69796,54.38003],[19.69711,54.37968],[19.697,54.37942],[19.69546,54.37893],[19.69529,54.37864],[19.6948,54.3785],[19.69427,54.37855],[19.69342,54.37821],[19.69329,54.37794],[19.69283,54.3778],[19.69263,54.37754],[19.69301,54.37698],[19.69096,54.37664],[19.6908,54.37642],[19.69048,54.37635],[19.69048,54.37612],[19.69006,54.37607],[19.69012,54.37598],[19.68971,54.37579],[19.68949,54.37544],[19.68959,54.37512],[19.69008,54.37487],[19.68918,54.37465],[19.68891,54.37408],[19.68898,54.37319],[19.68919,54.37298],[19.68894,54.37293],[19.68909,54.37286],[19.68918,54.37235],[19.68907,54.37221],[19.68926,54.37203],[19.68912,54.37187],[19.68922,54.37148],[19.68872,54.37102],[19.68886,54.37094],[19.68864,54.37087],[19.68891,54.37056],[19.68867,54.37026],[19.68873,54.36984],[19.68912,54.36948],[19.68896,54.36942],[19.6891,54.36931],[19.68896,54.36887],[19.68882,54.36883],[19.68894,54.36856],[19.68871,54.36855],[19.68881,54.3684],[19.68857,54.3683],[19.68865,54.36799],[19.68827,54.36768],[19.68836,54.36758],[19.68819,54.36739],[19.68743,54.36704],[19.68715,54.36674],[19.6863,54.36647],[19.68593,54.36602],[19.68641,54.36565],[19.6861,54.36461],[19.68576,54.36432],[19.68366,54.36332],[19.68173,54.36324],[19.68112,54.36288],[19.67956,54.36134],[19.67827,54.36053],[19.67801,54.36048],[19.67773,54.36072],[19.67749,54.36058],[19.67762,54.36046],[19.67688,54.3604],[19.67637,54.36069],[19.67812,54.35935],[19.67763,54.35896],[19.67621,54.36048],[19.67545,54.36104],[19.67523,54.36097],[19.67641,54.36005],[19.67559,54.3597],[19.67554,54.35926],[19.67499,54.35925],[19.67429,54.35884],[19.67407,54.35828],[19.67438,54.35777],[19.6739,54.35754],[19.67325,54.35765],[19.67301,54.35747],[19.67284,54.357],[19.67191,54.35761],[19.67173,54.35793],[19.67261,54.35951],[19.67251,54.35953],[19.67164,54.35793],[19.67182,54.35759],[19.67274,54.35695],[19.67164,54.35613],[19.67081,54.35587],[19.66948,54.35589],[19.66713,54.35501],[19.66624,54.35453],[19.66567,54.35374],[19.66365,54.35321],[19.66077,54.35166],[19.65838,54.35105],[19.65782,54.35067],[19.65618,54.35003],[19.65545,54.34949],[19.65534,54.34909],[19.655,54.34927],[19.65429,54.34916],[19.65407,54.34889],[19.65349,54.34865],[19.65297,54.34869],[19.65247,54.34846],[19.65262,54.34834],[19.65221,54.34794],[19.65095,54.34791],[19.65021,54.34734],[19.64986,54.34735],[19.64914,54.34676],[19.64837,54.34669],[19.64793,54.3463],[19.64686,54.34583],[19.64664,54.34525],[19.64615,54.34503],[19.64539,54.34529],[19.64376,54.34496],[19.64242,54.34439],[19.64146,54.34434],[19.64129,54.34394],[19.64106,54.34386],[19.64112,54.34406],[19.64069,54.34429],[19.63995,54.34431],[19.63903,54.34409],[19.6379,54.34349],[19.63702,54.34353],[19.63659,54.34318],[19.63599,54.3431],[19.63584,54.34289],[19.63489,54.34274],[19.63475,54.3425],[19.63501,54.34247],[19.63465,54.34231],[19.63464,54.34246],[19.63415,54.34245],[19.6333,54.34212],[19.63256,54.34222],[19.6312,54.34186],[19.63102,54.34151],[19.63045,54.34123],[19.6306,54.34101],[19.63034,54.34088],[19.62902,54.3409],[19.62896,54.34069],[19.62869,54.34063],[19.62774,54.34095],[19.62684,54.34087],[19.62629,54.34114],[19.62479,54.34105],[19.62313,54.34117],[19.62216,54.34087],[19.61954,54.34111],[19.61883,54.34106],[19.61869,54.34075],[19.61793,54.34054],[19.61773,54.34016],[19.61633,54.34006],[19.61601,54.33987],[19.61543,54.33988],[19.61535,54.34011],[19.61453,54.34035],[19.61312,54.34048],[19.61207,54.34009],[19.61125,54.34008],[19.61119,54.33972],[19.61072,54.3401],[19.61044,54.34007],[19.61027,54.33977],[19.60992,54.33978],[19.60986,54.34026],[19.60925,54.34054],[19.60797,54.34062],[19.6074,54.34042],[19.60601,54.34089],[19.60432,54.34075],[19.60396,54.3405],[19.60356,54.3407],[19.60297,54.34062],[19.60262,54.34039],[19.6025,54.34059],[19.60198,54.34051],[19.60229,54.3407],[19.60199,54.34103],[19.60062,54.3413],[19.59858,54.34143],[19.59687,54.34132],[19.59527,54.34153],[19.59467,54.34127],[19.59458,54.34105],[19.59474,54.34087],[19.59453,54.34079],[19.59431,54.34086],[19.59445,54.34107],[19.59435,54.34122],[19.59388,54.34147],[19.59203,54.3414],[19.5903,54.34165],[19.58967,54.34148],[19.58501,54.34134],[19.58399,54.34121],[19.58271,54.34081],[19.58166,54.34104],[19.58074,54.3409],[19.57989,54.34102],[19.57833,54.3406],[19.57801,54.34042],[19.57806,54.34028],[19.57774,54.34018],[19.57354,54.33962],[19.57308,54.33966],[19.57318,54.33981],[19.57296,54.33996],[19.5725,54.33977],[19.5726,54.3396],[19.57216,54.33946],[19.57081,54.33949],[19.57083,54.33973],[19.57046,54.33998],[19.56926,54.33995],[19.56846,54.33939],[19.56864,54.33894],[19.56838,54.33882],[19.5679,54.33877],[19.56761,54.33895],[19.56698,54.33866],[19.56271,54.33856],[19.56132,54.33834],[19.55499,54.33647],[19.55272,54.33614],[19.55155,54.33568],[19.55107,54.33588],[19.55074,54.3356],[19.55092,54.33537],[19.54863,54.33385],[19.54767,54.33353],[19.54734,54.33377],[19.54672,54.33383],[19.54629,54.33369],[19.54636,54.33355],[19.54608,54.33364],[19.54526,54.33338],[19.54476,54.33304],[19.54474,54.33269],[19.54404,54.33231],[19.54315,54.33155],[19.54234,54.33121],[19.54248,54.33088],[19.542,54.331],[19.54061,54.33078],[19.53991,54.33025],[19.53991,54.33012],[19.54028,54.33002],[19.54007,54.32982],[19.53984,54.33001],[19.53956,54.32999],[19.53799,54.3291],[19.5375,54.32902],[19.53702,54.32844],[19.53626,54.32841],[19.53573,54.32802],[19.53566,54.32764],[19.53522,54.32767],[19.53465,54.32744],[19.53417,54.32712],[19.53404,54.3268],[19.53269,54.32684],[19.53209,54.32658],[19.5318,54.32617],[19.53062,54.32633],[19.52942,54.32569],[19.5293,54.32619],[19.52878,54.32639],[19.52867,54.32681],[19.52787,54.32731],[19.52715,54.32742],[19.52649,54.32727],[19.52566,54.32679],[19.52533,54.3268],[19.52523,54.32658],[19.52482,54.32647],[19.52517,54.32624],[19.52503,54.32605],[19.52355,54.32569],[19.52264,54.32564],[19.52187,54.32641],[19.52066,54.32674],[19.52162,54.32636],[19.52261,54.32548],[19.52207,54.32527],[19.52332,54.32417],[19.52393,54.32394],[19.5238,54.32389],[19.52404,54.32367],[19.52323,54.32334],[19.52117,54.32507],[19.52122,54.32526],[19.51992,54.32641],[19.52109,54.32524],[19.52101,54.32504],[19.52026,54.3251],[19.51997,54.3246],[19.51854,54.32396],[19.51817,54.32403],[19.51709,54.32386],[19.5166,54.32362],[19.51611,54.3237],[19.51522,54.32349],[19.51513,54.32327],[19.5153,54.32318],[19.51508,54.32302],[19.51428,54.32318],[19.51331,54.32283],[19.51255,54.32305],[19.51246,54.32329],[19.51201,54.32362],[19.51175,54.32363],[19.50832,54.32305],[19.50772,54.32323],[19.50648,54.32282],[19.50641,54.32261],[19.50672,54.32247],[19.50597,54.32239],[19.50501,54.32193],[19.50483,54.32219],[19.50407,54.32228],[19.5033,54.32212],[19.50319,54.32193],[19.50269,54.32176],[19.50177,54.3218],[19.50008,54.32141],[19.49947,54.32141],[19.49915,54.32128],[19.49911,54.32105],[19.49823,54.32115],[19.49753,54.32076],[19.49693,54.31974],[19.49624,54.31941],[19.49568,54.31952],[19.49506,54.31941],[19.49436,54.31885],[19.49438,54.31867],[19.4947,54.31855],[19.49303,54.318],[19.49256,54.31759],[19.49282,54.31697],[19.49179,54.31695],[19.49158,54.31673],[19.49174,54.31644],[19.49157,54.3161],[19.49168,54.31597],[19.49089,54.31589],[19.49023,54.31551],[19.49039,54.31516],[19.4902,54.31513],[19.4902,54.31485],[19.4893,54.31434],[19.48866,54.3144],[19.4882,54.31406],[19.48719,54.31385],[19.48638,54.31333],[19.48576,54.31234],[19.48598,54.31196],[19.4856,54.31207],[19.48544,54.31198],[19.48567,54.31171],[19.48536,54.31159],[19.48539,54.31178],[19.48503,54.31179],[19.48292,54.31097],[19.48111,54.30994],[19.48101,54.30963],[19.48147,54.30939],[19.4809,54.30896],[19.47778,54.30734],[19.47689,54.30699],[19.47625,54.30695],[19.4752,54.30649],[19.47489,54.30611],[19.47492,54.30592],[19.47417,54.30558],[19.47446,54.30525],[19.47395,54.30472],[19.47142,54.30296],[19.47083,54.30275],[19.47042,54.30289],[19.47007,54.30278],[19.46996,54.30262],[19.47045,54.30234],[19.46888,54.30129],[19.46825,54.30094],[19.46743,54.30079],[19.46733,54.301],[19.46605,54.30142],[19.46704,54.3009],[19.46639,54.30065],[19.46533,54.30107],[19.46503,54.3015],[19.46505,54.30129],[19.46522,54.3011],[19.46653,54.30048],[19.46629,54.30049],[19.46602,54.30026],[19.46567,54.30029],[19.46564,54.30011],[19.46504,54.30022],[19.46364,54.29931],[19.4632,54.29888],[19.46306,54.29851],[19.4625,54.29829],[19.46236,54.29812],[19.46249,54.29799],[19.46215,54.29799],[19.4613,54.29708],[19.45952,54.29592],[19.45946,54.29575],[19.45983,54.29549],[19.45938,54.29511],[19.45848,54.29473],[19.45788,54.29493],[19.45602,54.29477],[19.45582,54.29427],[19.45513,54.29402],[19.45447,54.29318],[19.45407,54.2932],[19.45315,54.29271],[19.45306,54.29257],[19.45326,54.29247],[19.45265,54.29207],[19.45129,54.29204],[19.45046,54.29231],[19.45062,54.29212],[19.45003,54.29186],[19.44949,54.29188],[19.4494,54.29176],[19.44928,54.2919],[19.44937,54.29126],[19.44895,54.29089],[19.44869,54.29091],[19.44842,54.29064],[19.44772,54.29051],[19.44679,54.29005],[19.44542,54.28972],[19.44585,54.28942],[19.44613,54.2894],[19.44586,54.28929],[19.44532,54.28948],[19.44584,54.28915],[19.44568,54.28905],[19.44536,54.28921],[19.44385,54.28888],[19.44232,54.28886],[19.44187,54.28911],[19.44144,54.28901],[19.44156,54.28873],[19.4405,54.28875],[19.43993,54.28854],[19.43906,54.28862],[19.43918,54.2884],[19.43786,54.28803],[19.4376,54.28781],[19.43763,54.28763],[19.43794,54.28758],[19.43784,54.28732],[19.437,54.28657],[19.4375,54.28615],[19.43652,54.28575],[19.43627,54.28572],[19.4362,54.28585],[19.43565,54.28547],[19.43484,54.28543],[19.43482,54.28511],[19.43476,54.28516],[19.43476,54.28529],[19.4347,54.28533],[19.43423,54.28547],[19.43314,54.28542],[19.43331,54.28516],[19.43282,54.28517],[19.43287,54.28475],[19.43225,54.28492],[19.43121,54.28462],[19.43115,54.28446],[19.4315,54.2842],[19.43084,54.28377],[19.43012,54.28408],[19.42808,54.28409],[19.428,54.28373],[19.42931,54.28321],[19.42964,54.28326],[19.4301,54.28299],[19.42969,54.28269],[19.42888,54.2833],[19.4282,54.28311],[19.42804,54.2832],[19.42813,54.28307],[19.42785,54.28269],[19.42645,54.28223],[19.42616,54.28158],[19.42574,54.28132],[19.42516,54.28134],[19.42493,54.28119],[19.42462,54.2807],[19.42465,54.28045],[19.42494,54.28034],[19.42486,54.28024],[19.42284,54.28036],[19.42491,54.27974],[19.42609,54.279],[19.42578,54.27883],[19.42518,54.27922],[19.42477,54.27895],[19.42344,54.28004],[19.42335,54.27991],[19.42349,54.27982],[19.42299,54.27971],[19.42256,54.27923],[19.42181,54.27889],[19.42166,54.2786],[19.42088,54.27858],[19.42016,54.27808],[19.41928,54.27826],[19.4189,54.27794],[19.41933,54.27768],[19.41841,54.2771],[19.41829,54.27672],[19.41744,54.2765],[19.4173,54.27607],[19.41654,54.27607],[19.41606,54.27586],[19.41589,54.27564],[19.41603,54.27477],[19.41585,54.27442],[19.415,54.27455],[19.41461,54.27442],[19.41442,54.27413],[19.41397,54.27445],[19.41347,54.27423],[19.41373,54.27391],[19.41347,54.27378],[19.41206,54.27409],[19.41535,54.27288],[19.41592,54.2726],[19.41575,54.27238],[19.41329,54.27331],[19.41204,54.27219],[19.41142,54.27234],[19.41146,54.27258],[19.41068,54.27259],[19.41045,54.27241],[19.4105,54.27221],[19.41084,54.27215],[19.4112,54.27172],[19.41097,54.27135],[19.41063,54.27128],[19.4106,54.27096],[19.41013,54.27111],[19.40939,54.27087],[19.40843,54.2709],[19.40841,54.27073],[19.40793,54.27087],[19.40858,54.27047],[19.40846,54.27029],[19.40808,54.27033],[19.40801,54.27018],[19.40837,54.26985],[19.40827,54.26918],[19.40755,54.26842],[19.40702,54.26852],[19.4063,54.26794],[19.40565,54.26808],[19.40471,54.268],[19.40421,54.26716],[19.40409,54.26641],[19.40316,54.26618],[19.40297,54.26597],[19.40259,54.26602],[19.40119,54.26575],[19.40109,54.26535],[19.40046,54.26525],[19.40005,54.26494],[19.3994,54.2648],[19.39843,54.26428],[19.39813,54.26399],[19.39823,54.26387],[19.39747,54.26337],[19.39735,54.26301],[19.39739,54.26263],[19.39779,54.26247],[19.3976,54.2619],[19.39801,54.26137],[19.39762,54.26056],[19.39779,54.25981],[19.398,54.25962],[19.39784,54.25928],[19.39814,54.25893],[19.39816,54.25865],[19.39738,54.25802],[19.39824,54.25779],[19.39813,54.25713],[19.39782,54.2566],[19.39724,54.25645],[19.3973,54.25625],[19.39706,54.25588],[19.39669,54.25578],[19.39694,54.25557],[19.39691,54.25518],[19.39636,54.25478],[19.39577,54.25358],[19.395,54.25285],[19.39522,54.25227],[19.39487,54.25203],[19.39451,54.25118],[19.39407,54.25098],[19.39374,54.25018],[19.39398,54.25005],[19.39385,54.24977],[19.3935,54.24954],[19.39313,54.24894],[19.3934,54.2487],[19.39328,54.24827],[19.39294,54.24786],[19.39309,54.24766],[19.3928,54.24742],[19.3924,54.2458],[19.39175,54.24468],[19.39187,54.24421],[19.39141,54.24223],[19.39153,54.24135],[19.39099,54.24038],[19.39038,54.23979],[19.39042,54.23954],[19.38998,54.23851],[19.39019,54.23842],[19.39003,54.2381],[19.39011,54.23795],[19.38949,54.23715],[19.3885,54.23673],[19.38848,54.23613],[19.38722,54.23592],[19.38692,54.23574],[19.38691,54.23559],[19.38646,54.23541],[19.386,54.23441],[19.38521,54.23406],[19.38526,54.23364],[19.38563,54.23362],[19.38563,54.23352],[19.38522,54.23316],[19.38512,54.23275],[19.38529,54.23252],[19.38455,54.23201],[19.38462,54.23132],[19.38482,54.23104],[19.3856,54.23083],[19.38526,54.23035],[19.38487,54.23042],[19.38403,54.23023],[19.38372,54.22969],[19.38365,54.22914],[19.38317,54.22849],[19.3833,54.2282],[19.38381,54.2278],[19.38344,54.22747],[19.3834,54.22709],[19.38279,54.22615],[19.38167,54.22662],[19.38082,54.22661],[19.3803,54.22605],[19.38006,54.22539],[19.37915,54.22621],[19.37847,54.22619],[19.37817,54.22589],[19.37805,54.2264],[19.37746,54.22639],[19.37713,54.22619],[19.37718,54.22586],[19.37669,54.22566],[19.37674,54.22489],[19.37604,54.22458],[19.37598,54.22428],[19.37506,54.22305],[19.37401,54.22219],[19.37419,54.22188],[19.37474,54.22162],[19.37581,54.22147],[19.37538,54.22117],[19.37499,54.2205],[19.37433,54.21983],[19.37396,54.21973],[19.37029,54.21926],[19.36897,54.21933],[19.36587,54.22043],[19.36433,54.22133],[19.36426,54.222],[19.36325,54.22194],[19.36154,54.22113],[19.36124,54.22141],[19.3615,54.22023],[19.362,54.21916],[19.36338,54.2175],[19.36888,54.21321],[19.36907,54.21329],[19.36894,54.21316],[19.37106,54.2113],[19.37347,54.20946],[19.37405,54.20852],[19.37431,54.20851],[19.37409,54.20846],[19.37477,54.20736],[19.37514,54.20583],[19.3767,54.20238],[19.37794,54.20039],[19.37868,54.19839],[19.37861,54.19825],[19.37892,54.19736],[19.37912,54.19283],[19.37936,54.19202],[19.37909,54.19177],[19.37923,54.19156],[19.37959,54.18534],[19.38014,54.18449],[19.38048,54.18349],[19.38264,54.17993],[19.383,54.17975],[19.3844,54.17828],[19.38773,54.17559],[19.38928,54.17615],[19.38989,54.17612],[19.38993,54.17569],[19.38821,54.1752],[19.38773,54.17542],[19.38749,54.17538],[19.38859,54.1738],[19.38845,54.17377],[19.38875,54.17304],[19.38911,54.17298],[19.39251,54.17369],[19.39329,54.17361],[19.39446,54.17231],[19.39285,54.17202],[19.3921,54.17331],[19.38885,54.17284],[19.38865,54.17267],[19.39045,54.16898],[19.39114,54.16586],[19.3909,54.16549],[19.39106,54.16454],[19.39125,54.16448],[19.39162,54.16241],[19.39478,54.1622],[19.39442,54.16196],[19.39153,54.16195],[19.39191,54.16013],[19.39174,54.16009],[19.39177,54.15996],[19.39188,54.15996],[19.3932,54.15578],[19.39347,54.15308],[19.3934,54.15222],[19.39295,54.15137],[19.39268,54.149],[19.39272,54.14645],[19.39237,54.14561],[19.39072,54.14448],[19.39015,54.14467],[19.39123,54.14549],[19.39194,54.14648],[19.39201,54.15072],[19.39264,54.15362],[19.39264,54.15481],[19.39256,54.15561],[19.39164,54.15803],[19.39133,54.158],[19.39085,54.15987],[19.39099,54.15989],[19.39095,54.16002],[19.39079,54.16002],[19.39082,54.16179],[19.39035,54.16216],[19.39064,54.16303],[19.39037,54.16465],[19.38969,54.1649],[19.38894,54.16772],[19.38999,54.16794],[19.39003,54.16831],[19.38807,54.17218],[19.38724,54.17196],[19.38699,54.17226],[19.38797,54.17244],[19.38747,54.17395],[19.3873,54.17393],[19.38663,54.17532],[19.38581,54.17593],[19.3857,54.17588],[19.38603,54.1756],[19.38507,54.17515],[19.38421,54.17587],[19.38527,54.17628],[19.38558,54.17616],[19.38499,54.17673],[19.38278,54.17813],[19.38034,54.17915],[19.37976,54.17953],[19.37812,54.18142],[19.37715,54.18196],[19.37367,54.18341],[19.37251,54.18434],[19.3722,54.18495],[19.37208,54.1858],[19.37265,54.18584],[19.37277,54.18514],[19.37317,54.18439],[19.37402,54.18371],[19.37853,54.18167],[19.37989,54.17994],[19.38041,54.17951],[19.38163,54.17905],[19.38192,54.17929],[19.37996,54.18243],[19.37905,54.18417],[19.37874,54.18551],[19.37828,54.19255],[19.37811,54.19337],[19.37816,54.19695],[19.378,54.19793],[19.37712,54.20005],[19.3754,54.20301],[19.37516,54.20297],[19.37537,54.20308],[19.37428,54.20565],[19.37264,54.20816],[19.37248,54.20812],[19.37261,54.20822],[19.37193,54.20931],[19.3706,54.21105],[19.36843,54.21296],[19.36818,54.21294],[19.36837,54.21302],[19.36731,54.21395],[19.36367,54.21661],[19.36167,54.21848],[19.36116,54.21859],[19.36143,54.21866],[19.36045,54.22075],[19.36007,54.22287],[19.35995,54.22286],[19.36007,54.22289],[19.35992,54.22486],[19.35963,54.22493],[19.35992,54.22492],[19.36018,54.22628],[19.36109,54.22814],[19.36213,54.22942],[19.36316,54.23036],[19.36301,54.23043],[19.36321,54.2304],[19.36423,54.23125],[19.36568,54.2334],[19.36831,54.2356],[19.37125,54.23711],[19.3722,54.23811],[19.38118,54.25222],[19.38431,54.25675],[19.38813,54.26293],[19.39222,54.26906],[19.39505,54.27287],[19.39772,54.27606],[19.39954,54.27791],[19.40526,54.28311],[19.40434,54.28296],[19.40433,54.28264],[19.40401,54.28253],[19.40374,54.28178],[19.40148,54.27981],[19.40061,54.27947],[19.39961,54.27975],[19.39926,54.27932],[19.39873,54.2791],[19.39836,54.27809],[19.39794,54.27792],[19.3976,54.2772],[19.39671,54.27635],[19.39644,54.27558],[19.39503,54.27441],[19.39504,54.27426],[19.39368,54.27352],[19.39246,54.27229],[19.39201,54.27145],[19.38992,54.26981],[19.3888,54.26841],[19.38697,54.2669],[19.38378,54.26567],[19.38162,54.26514],[19.37958,54.26485],[19.37638,54.26474],[19.36859,54.26632],[19.36391,54.26693],[19.36197,54.268],[19.3606,54.26849],[19.36021,54.26902],[19.35674,54.26988],[19.35501,54.27004],[19.35215,54.27078],[19.35161,54.27075],[19.34873,54.27127],[19.3449,54.27155],[19.34233,54.27206],[19.33726,54.2727],[19.33227,54.27277],[19.33171,54.27282],[19.3311,54.27322],[19.32941,54.27291],[19.32827,54.2729],[19.32738,54.27351],[19.32689,54.2744],[19.32649,54.27432],[19.32574,54.2746],[19.32516,54.27461],[19.32442,54.27433],[19.32093,54.27383],[19.31893,54.27395],[19.31776,54.27468],[19.31721,54.27526],[19.31667,54.27541],[19.31564,54.27498],[19.31535,54.27467],[19.31533,54.27411],[19.31504,54.2735],[19.31462,54.27351],[19.31426,54.2747],[19.31373,54.27502],[19.31294,54.27509],[19.31175,54.27446],[19.31015,54.27431],[19.30891,54.27461],[19.30815,54.27501],[19.30651,54.27513],[19.30525,54.27571],[19.30333,54.27533],[19.30291,54.27543],[19.30089,54.27675],[19.29938,54.27729],[19.29941,54.27754],[19.29873,54.27777],[19.29818,54.27753],[19.29684,54.27601],[19.29602,54.27606],[19.29562,54.27622],[19.29541,54.27656],[19.29268,54.27714],[19.29207,54.27715],[19.29059,54.27677],[19.29009,54.27687],[19.28965,54.27662],[19.28913,54.27687],[19.28904,54.27726],[19.28931,54.27887],[19.28794,54.27844],[19.28719,54.27849],[19.28646,54.27779],[19.28507,54.27746],[19.28316,54.27735],[19.28204,54.27768],[19.28151,54.2782],[19.28055,54.27862],[19.28052,54.27873],[19.28093,54.27886],[19.27894,54.27875],[19.27795,54.27824],[19.27787,54.27796],[19.27696,54.277],[19.27681,54.27633],[19.27506,54.27477],[19.27492,54.27396],[19.27415,54.27294],[19.27378,54.27273],[19.27318,54.27258],[19.27199,54.27196],[19.27113,54.27175],[19.26919,54.27209],[19.26824,54.27264],[19.26783,54.27269],[19.26721,54.27259],[19.26677,54.27223],[19.26549,54.27219],[19.26503,54.27244],[19.2645,54.27337],[19.26419,54.27361],[19.26289,54.27421],[19.26189,54.27488],[19.26141,54.27594],[19.26095,54.27606],[19.25886,54.27812],[19.25644,54.27858],[19.25702,54.27999],[19.25747,54.28061],[19.25741,54.2815],[19.25856,54.2827],[19.25889,54.28422],[19.2582,54.28458],[19.25813,54.28477],[19.25745,54.285],[19.25431,54.28529],[19.25387,54.28588],[19.2539,54.28612],[19.25437,54.28662],[19.254,54.2871],[19.25325,54.28701],[19.25114,54.28893],[19.24816,54.28992],[19.24677,54.29069],[19.24645,54.29115],[19.24638,54.29198],[19.24754,54.29435],[19.24823,54.29463],[19.24873,54.29533],[19.24879,54.29591],[19.24837,54.2961],[19.24822,54.29638],[19.2471,54.29683],[19.24757,54.29703],[19.24955,54.29637],[19.24989,54.29646],[19.2519,54.30152],[19.25768,54.30055],[19.25795,54.30063],[19.26117,54.30419],[19.25901,54.30474],[19.25768,54.30986],[19.25861,54.31338],[19.25615,54.31364],[19.2535,54.31351],[19.25328,54.31454],[19.25232,54.31649],[19.25092,54.31706],[19.25046,54.3179],[19.24948,54.31851],[19.24799,54.31897],[19.24786,54.31932],[19.24793,54.32212],[19.24936,54.32304],[19.2494,54.32478],[19.24928,54.32512],[19.2502,54.32593],[19.24977,54.32593],[19.24963,54.3264],[19.24993,54.32695],[19.24933,54.32769],[19.2485,54.32821],[19.24796,54.32832],[19.24761,54.32888],[19.24386,54.33068],[19.24269,54.33074],[19.23886,54.3298],[19.2365,54.32964],[19.23401,54.33026],[19.23223,54.32991],[19.23163,54.32964],[19.22952,54.32977],[19.22636,54.33085],[19.22548,54.33143],[19.22479,54.33216],[19.22432,54.33353],[19.22498,54.33369],[19.22455,54.33405],[19.22441,54.33439],[19.22462,54.33448],[19.22474,54.33488],[19.22438,54.33544],[19.22414,54.33544],[19.22531,54.33634],[19.22794,54.33722],[19.22865,54.33765],[19.22907,54.33762],[19.22931,54.33804],[19.22858,54.3385],[19.22879,54.33859],[19.22959,54.33795],[19.22957,54.33774],[19.22985,54.33786],[19.22976,54.33832],[19.23098,54.33902],[19.23222,54.33932],[19.23299,54.33973],[19.23648,54.34052],[19.2372,54.33959],[19.23784,54.33963],[19.23838,54.33987],[19.23829,54.33995],[19.2375,54.33971],[19.23715,54.3401],[19.23819,54.34034],[19.2374,54.34118],[19.23805,54.34138],[19.23925,54.34013],[19.23991,54.3402],[19.23989,54.34038],[19.24009,54.34044],[19.24089,54.34047],[19.24256,54.34126],[19.24306,54.34121],[19.24351,54.3409],[19.24379,54.34088],[19.24524,54.34213],[19.24719,54.34345],[19.24982,54.34408],[19.25034,54.34434],[19.25235,54.3444],[19.25306,54.34469],[19.25409,54.34479],[19.25448,54.34497],[19.25464,54.34552],[19.25487,54.34536],[19.25591,54.3454],[19.25747,54.34578],[19.25881,54.3464],[19.2608,54.34667],[19.26143,54.34661],[19.26173,54.34697],[19.26216,54.34708],[19.26333,54.34714],[19.26561,54.34767],[19.26764,54.34782],[19.26983,54.34839],[19.27123,54.34837],[19.2715,54.34859],[19.27324,54.34896],[19.27408,54.34879],[19.27526,54.34931],[19.27577,54.34928],[19.27623,54.34893],[19.27665,54.34896],[19.27718,54.34925],[19.27722,54.3495],[19.27867,54.34945],[19.28358,54.35031],[19.28626,54.35094],[19.288,54.35097],[19.28878,54.35124],[19.29433,54.35183],[19.29847,54.35207],[19.3012,54.35197],[19.30271,54.35214],[19.3033,54.35237],[19.30629,54.35202],[19.30754,54.35208],[19.30834,54.35233],[19.31,54.35218],[19.3105,54.35231],[19.31054,54.35323],[19.3108,54.3532],[19.31076,54.3509],[19.31057,54.35043],[19.31078,54.35045],[19.31094,54.35055],[19.31098,54.35323],[19.31174,54.35493],[19.31153,54.355],[19.31173,54.355],[19.31179,54.35863],[19.3116,54.35863],[19.31178,54.35872],[19.31108,54.36041],[19.31114,54.36414],[19.31038,54.36459],[19.30654,54.36461],[19.30693,54.36738],[19.30715,54.36737],[19.30711,54.36763],[19.30682,54.36759],[19.30637,54.36429],[19.3014,54.36255],[19.27094,54.35896],[19.23371,54.35526],[19.23032,54.3551],[19.2059,54.35288],[19.1833,54.35139],[19.18026,54.35105],[19.16068,54.34983],[19.09658,54.3462],[19.07066,54.3452],[19.05016,54.34494],[18.99966,54.34481],[18.9922,54.34509],[18.98858,54.34569],[18.98561,54.346],[18.98405,54.34628],[18.98358,54.34651],[18.98275,54.34656],[18.97973,54.34748],[18.97846,54.34765],[18.97488,54.3489],[18.97386,54.34939],[18.97371,54.34966],[18.97147,54.35041],[18.96991,54.35157],[18.96839,54.35202],[18.96655,54.35231],[18.96581,54.35356],[18.96349,54.35406],[18.96319,54.35437],[18.9632,54.35489],[18.96223,54.35548],[18.96176,54.35605],[18.96065,54.35617],[18.9597,54.35654],[18.95725,54.35649],[18.95601,54.35703],[18.95541,54.35759],[18.95506,54.35823],[18.95368,54.35824],[18.95493,54.36077],[18.95535,54.36058],[18.95622,54.36052],[18.95748,54.35958],[18.95859,54.35953],[18.95914,54.35914],[18.96206,54.35808],[18.96333,54.35733],[18.96449,54.35729],[18.96557,54.35695],[18.96614,54.35625],[18.96738,54.35566],[18.96773,54.35526],[18.96866,54.35477],[18.96842,54.35368],[18.96928,54.35338],[18.96968,54.35279],[18.96926,54.35245],[18.96958,54.35235],[18.97001,54.35257],[18.97008,54.35277],[18.96973,54.35328],[18.97043,54.35412],[18.9704,54.35436],[18.96979,54.35478],[18.9701,54.35495],[18.97007,54.35519],[18.96946,54.35587],[18.9686,54.3564],[18.96702,54.35785],[18.96124,54.35944],[18.95826,54.36061],[18.95711,54.36122],[18.95545,54.36174],[18.95632,54.36352],[18.95619,54.36354],[18.94878,54.36326],[18.94825,54.36206],[18.94538,54.36165],[18.94445,54.36105],[18.94263,54.36039],[18.9393,54.35819],[18.93646,54.35743],[18.93716,54.35753],[18.93761,54.35735],[18.93732,54.35644],[18.9361,54.35504],[18.93342,54.35302],[18.9322,54.35172],[18.93061,54.35075],[18.92605,54.34908],[18.92013,54.34761],[18.91375,54.34688],[18.89996,54.34691],[18.88848,54.3475],[18.87523,54.3487],[18.86789,54.3498],[18.86247,54.35042],[18.8495,54.35259],[18.84813,54.35302],[18.83415,54.35584],[18.82304,54.35839],[18.79762,54.36551],[18.78856,54.36735],[18.78347,54.36929],[18.78217,54.3702],[18.77913,54.37465],[18.77899,54.37466],[18.77872,54.37452],[18.78253,54.3691],[18.78327,54.36773],[18.78321,54.36747],[18.78345,54.36705],[18.78371,54.367],[18.78428,54.36577],[18.78734,54.35744],[18.78734,54.35558],[18.78762,54.35461],[18.78847,54.35355],[18.78899,54.35211],[18.78943,54.35205],[18.78908,54.35181],[18.78928,54.35118],[18.78987,54.35043],[18.79012,54.35045],[18.78996,54.35032],[18.79061,54.34967],[18.79367,54.34833],[18.78691,54.34801],[18.78615,54.34825],[18.78288,54.3483],[18.78146,54.34869],[18.77739,54.3508],[18.77673,54.35082],[18.77403,54.3519],[18.77328,54.35185],[18.77174,54.35223],[18.7707,54.35212],[18.77013,54.35181],[18.76863,54.35189],[18.76771,54.35174],[18.76729,54.35201],[18.76499,54.3519],[18.76431,54.35171],[18.76421,54.35153],[18.76306,54.35135],[18.76121,54.35074],[18.76017,54.3506],[18.75999,54.3503],[18.76029,54.35004],[18.75964,54.34988],[18.75876,54.35],[18.7581,54.34996],[18.75767,54.34974],[18.75573,54.34971],[18.74952,54.35048],[18.74841,54.35086],[18.7446,54.35168],[18.7397,54.35198],[18.73758,54.35167],[18.73754,54.35189],[18.73174,54.35251],[18.73077,54.35316],[18.73061,54.35345],[18.73037,54.35346],[18.73038,54.35363],[18.72998,54.35348],[18.72912,54.3537],[18.7287,54.35347],[18.7268,54.35389],[18.72502,54.35404],[18.72487,54.35388],[18.72423,54.35391],[18.72427,54.35416],[18.72348,54.35429],[18.72314,54.35426],[18.72312,54.35398],[18.72267,54.35401],[18.72236,54.35438],[18.7214,54.35436],[18.71824,54.35488],[18.71781,54.35486],[18.71788,54.35453],[18.71755,54.3545],[18.7174,54.35467],[18.71752,54.35496],[18.71742,54.35511],[18.71394,54.35534],[18.71341,54.35519],[18.71064,54.35518],[18.71029,54.35538],[18.70953,54.35544],[18.70935,54.35522],[18.70841,54.35511],[18.70788,54.35527],[18.70649,54.35512],[18.70647,54.35476],[18.70612,54.35477],[18.70612,54.35511],[18.70577,54.35516],[18.70582,54.35534],[18.70551,54.35536],[18.70484,54.35519],[18.7049,54.35509],[18.70333,54.3548],[18.70309,54.35499],[18.70015,54.3546],[18.69926,54.35467],[18.69901,54.3545],[18.69845,54.35457],[18.69738,54.35428],[18.69721,54.35478],[18.6965,54.35501],[18.69628,54.35536],[18.69545,54.35539],[18.69485,54.35569],[18.69405,54.35553],[18.69389,54.35524],[18.69361,54.35521],[18.69345,54.3553],[18.69363,54.35551],[18.69347,54.35576],[18.69303,54.35576],[18.69212,54.35547],[18.69213,54.35528],[18.69249,54.35505],[18.69245,54.35491],[18.69159,54.3545],[18.69212,54.35431],[18.6931,54.35438],[18.69336,54.3542],[18.69337,54.35399],[18.69249,54.35388],[18.69304,54.35348],[18.69317,54.35295],[18.6919,54.35382],[18.69157,54.35388],[18.68627,54.3533],[18.68052,54.35346],[18.67834,54.3539],[18.67801,54.35372],[18.67708,54.35255],[18.67679,54.35293],[18.6777,54.35402],[18.67735,54.35436],[18.67674,54.35461],[18.67679,54.35475],[18.67234,54.35727],[18.66897,54.35864],[18.66643,54.35991],[18.66477,54.36045],[18.6644,54.36031],[18.66438,54.35984],[18.66633,54.35821],[18.66656,54.35782],[18.66673,54.35646],[18.66602,54.35466],[18.66614,54.35462],[18.66555,54.35394],[18.66476,54.35346],[18.66324,54.35309],[18.6632,54.35287],[18.66062,54.35089],[18.65975,54.35041],[18.66047,54.34747],[18.65988,54.34748],[18.65912,54.34977],[18.65832,54.35],[18.65777,54.3495],[18.65659,54.34783],[18.65597,54.34798],[18.65766,54.35065],[18.65831,54.35319],[18.66197,54.35453],[18.66278,54.35438],[18.66353,54.35449],[18.66475,54.35495],[18.66461,54.35504],[18.66498,54.35515],[18.66587,54.3564],[18.66562,54.35777],[18.66531,54.35819],[18.66302,54.36016],[18.66216,54.3608],[18.66183,54.36077],[18.66126,54.36134],[18.66014,54.36091],[18.65987,54.36114],[18.66088,54.36157],[18.65991,54.36123],[18.65963,54.36146],[18.66055,54.36185],[18.66043,54.36202],[18.65951,54.3625],[18.65923,54.36157],[18.65814,54.36177],[18.65888,54.36259],[18.65741,54.36349],[18.65285,54.36434],[18.65287,54.36454],[18.65271,54.36456],[18.65246,54.36428],[18.65173,54.36401],[18.65059,54.3652],[18.6504,54.36513],[18.65153,54.36393],[18.65098,54.36373],[18.64929,54.36526],[18.64659,54.36661],[18.64636,54.3665],[18.64657,54.36478],[18.64604,54.36465],[18.64572,54.3675],[18.64497,54.3677],[18.64509,54.36798],[18.64483,54.36802],[18.64446,54.36744],[18.64403,54.3675],[18.64438,54.36839],[18.6439,54.36846],[18.64415,54.36903],[18.64367,54.3682],[18.64325,54.36826],[18.64373,54.36957],[18.6418,54.37512],[18.64266,54.37524],[18.64325,54.37639],[18.64304,54.37648],[18.64345,54.37721],[18.64359,54.37735],[18.64395,54.37729],[18.64401,54.37743],[18.64371,54.37755],[18.64554,54.37929],[18.64653,54.37993],[18.64884,54.38099],[18.64912,54.38108],[18.64938,54.3809],[18.64919,54.3811],[18.6494,54.38116],[18.65817,54.38274],[18.65901,54.38317],[18.6641,54.3869],[18.66906,54.39063],[18.67062,54.39202],[18.67044,54.39235],[18.67262,54.39404],[18.67203,54.39404],[18.67277,54.39417],[18.67427,54.39516],[18.67398,54.39551],[18.67451,54.3953],[18.67508,54.3956],[18.67818,54.39816],[18.67933,54.39983],[18.67944,54.40035],[18.67866,54.40221],[18.67771,54.40272],[18.67683,54.40298],[18.67272,54.40344],[18.66355,54.40485],[18.66058,54.40799],[18.66034,54.40799],[18.65886,54.4072],[18.65695,54.40646],[18.65316,54.40547],[18.65298,54.40571],[18.65226,54.40552],[18.65187,54.40601],[18.65697,54.4074],[18.65798,54.40783],[18.65893,54.40847],[18.65985,54.40946],[18.65949,54.41022],[18.65903,54.41022],[18.65901,54.41093],[18.65881,54.41092],[18.65887,54.41025],[18.65818,54.40983],[18.65641,54.40903],[18.65456,54.4085],[18.6473,54.40844],[18.64513,54.40858],[18.63999,54.40929],[18.63484,54.41056],[18.62834,54.41267],[18.61545,54.41793],[18.60951,54.42077],[18.5997,54.42584],[18.59063,54.43089],[18.58513,54.43452],[18.57991,54.43843],[18.57654,54.44145],[18.57437,54.44381],[18.57352,54.44623],[18.5719,54.44721],[18.56987,54.44884],[18.56835,54.45037],[18.56687,54.45216],[18.56528,54.45445],[18.56458,54.45607],[18.56336,54.45824],[18.56224,54.46151],[18.56216,54.46228],[18.56248,54.46305],[18.56251,54.4645],[18.56299,54.46639],[18.56275,54.46719],[18.56252,54.47142],[18.56275,54.47205],[18.56281,54.4735],[18.56346,54.47612],[18.56404,54.47775],[18.56412,54.47994],[18.56446,54.4805],[18.56515,54.4809],[18.56521,54.48126],[18.56548,54.48143],[18.56566,54.48249],[18.56603,54.48306],[18.56733,54.48423],[18.56885,54.48508],[18.56905,54.48531],[18.569,54.48564],[18.56785,54.48829],[18.56645,54.49004],[18.56469,54.49286],[18.56351,54.49515],[18.56319,54.49644],[18.56331,54.49704],[18.56322,54.49749],[18.56134,54.49919],[18.55889,54.50221],[18.55887,54.50239],[18.55903,54.50244],[18.55755,54.50428],[18.55661,54.50516],[18.55705,54.50543],[18.55575,54.50634],[18.55507,54.50705],[18.55128,54.51272],[18.55109,54.51388],[18.55121,54.51551],[18.55158,54.51611],[18.55232,54.51658],[18.55057,54.51667],[18.55074,54.51791],[18.5552,54.5177],[18.5558,54.51818],[18.55985,54.51798],[18.55988,54.51905],[18.55024,54.51953],[18.54985,54.52185],[18.5532,54.52205],[18.55343,54.52075],[18.55368,54.52075],[18.55348,54.52208],[18.55982,54.52245],[18.55984,54.52421],[18.54963,54.52362],[18.54942,54.5249],[18.55238,54.52507],[18.55236,54.52519],[18.54832,54.52496],[18.54826,54.52533],[18.54905,54.52543],[18.54825,54.52538],[18.54822,54.52554],[18.54902,54.52564],[18.54821,54.5256],[18.54806,54.52643],[18.55059,54.52657],[18.55067,54.52605],[18.5527,54.52596],[18.55272,54.52608],[18.55081,54.52616],[18.55072,54.52666],[18.55976,54.52718],[18.55966,54.52949],[18.5487,54.52884],[18.54853,54.52968],[18.55025,54.52978],[18.55024,54.52989],[18.54856,54.5298],[18.54814,54.53227],[18.55598,54.5327],[18.55581,54.53387],[18.5479,54.53343],[18.54791,54.53481],[18.54774,54.53485],[18.54762,54.53408],[18.54449,54.53372],[18.54094,54.53242],[18.54064,54.5327],[18.54,54.53246],[18.53994,54.53229],[18.54014,54.53211],[18.52991,54.52831],[18.52536,54.52885],[18.52509,54.5291],[18.53825,54.53393],[18.53827,54.53414],[18.5348,54.5354],[18.528,54.53286],[18.52781,54.53303],[18.52695,54.5327],[18.52713,54.53254],[18.52431,54.53149],[18.5241,54.53169],[18.52351,54.53147],[18.5209,54.53178],[18.52063,54.53203],[18.5319,54.53622],[18.53189,54.53633],[18.52933,54.53703],[18.52021,54.53356],[18.5194,54.53429],[18.51967,54.5344],[18.51877,54.53521],[18.5185,54.53512],[18.51798,54.53558],[18.52488,54.53812],[18.52311,54.5386],[18.51615,54.53605],[18.51436,54.53768],[18.51895,54.5394],[18.5188,54.53954],[18.5185,54.53943],[18.51807,54.53998],[18.51649,54.54061],[18.51567,54.5406],[18.51511,54.54127],[18.51384,54.5416],[18.51283,54.54121],[18.50181,54.54478],[18.50301,54.54613],[18.50558,54.54558],[18.50591,54.54598],[18.51695,54.54278],[18.52399,54.54279],[18.524,54.54249],[18.5245,54.5425],[18.52537,54.54288],[18.52557,54.54127],[18.52584,54.54127],[18.52594,54.54028],[18.52721,54.54032],[18.52726,54.53996],[18.52677,54.53988],[18.53645,54.53764],[18.53653,54.53776],[18.53345,54.53844],[18.53386,54.53904],[18.53692,54.53846],[18.53701,54.53858],[18.53393,54.53916],[18.53432,54.53971],[18.537,54.53927],[18.53707,54.53939],[18.53441,54.53984],[18.53481,54.54045],[18.54002,54.53976],[18.54379,54.53746],[18.54341,54.53725],[18.54375,54.53704],[18.5479,54.53667],[18.54779,54.53582],[18.54795,54.53576],[18.54807,54.53666],[18.54861,54.53706],[18.54916,54.53839],[18.55023,54.53985],[18.55158,54.541],[18.55098,54.54116],[18.55299,54.54363],[18.56029,54.54173],[18.56043,54.5431],[18.5597,54.54705],[18.55991,54.54739],[18.56643,54.54835],[18.5673,54.54823],[18.56753,54.54882],[18.56638,54.54897],[18.56615,54.54838],[18.55992,54.54748],[18.55982,54.54798],[18.56017,54.54856],[18.56021,54.54935],[18.55946,54.55134],[18.55876,54.55249],[18.55547,54.55658],[18.55456,54.55714],[18.55401,54.55775],[18.55256,54.55962],[18.55198,54.56094],[18.5516,54.56129],[18.55053,54.56573],[18.54943,54.57235],[18.54845,54.57435],[18.54697,54.57594],[18.54544,54.57867],[18.54265,54.58214],[18.54199,54.58376],[18.54185,54.5852],[18.53957,54.58579],[18.53867,54.58638],[18.53705,54.58707],[18.53508,54.58757],[18.53097,54.59088],[18.52751,54.59496],[18.52691,54.59606],[18.52435,54.59867],[18.52276,54.6009],[18.52093,54.60221],[18.51669,54.60645],[18.5166,54.60679],[18.51576,54.60768],[18.514,54.61007],[18.51272,54.61284],[18.51193,54.61398],[18.51137,54.6154],[18.51084,54.61726],[18.51053,54.62],[18.51101,54.62494],[18.51283,54.63037],[18.51325,54.63103],[18.51346,54.63178],[18.51488,54.63474],[18.51537,54.63629],[18.51542,54.63867],[18.51579,54.63987],[18.5158,54.64082],[18.51516,54.63872],[18.51482,54.63689],[18.51451,54.63626],[18.51358,54.63514],[18.51208,54.63434],[18.5069,54.63299],[18.50427,54.63262],[18.49633,54.632],[18.49423,54.63162],[18.49139,54.63075],[18.48837,54.63071],[18.48716,54.63041],[18.48207,54.63038],[18.47959,54.63048],[18.47788,54.63072],[18.47539,54.63114],[18.47299,54.63182],[18.47113,54.63262],[18.46833,54.63436],[18.46808,54.63472],[18.46805,54.63569],[18.46983,54.63648],[18.47029,54.63692],[18.47026,54.63724],[18.47001,54.6373],[18.47009,54.63759],[18.46977,54.63783],[18.46814,54.63844],[18.46847,54.63876],[18.46809,54.63922],[18.46836,54.63963],[18.46894,54.63997],[18.46963,54.64005],[18.47033,54.63992],[18.47058,54.63957],[18.47036,54.6394],[18.47058,54.63917],[18.47196,54.63911],[18.47372,54.63966],[18.47496,54.63979],[18.4755,54.64004],[18.47628,54.64086],[18.47613,54.64136],[18.47554,54.64166],[18.47404,54.64214],[18.47294,54.64282],[18.47138,54.64313],[18.47088,54.64453],[18.47121,54.64546],[18.47328,54.64731],[18.47411,54.64883],[18.47431,54.6498],[18.47361,54.6507],[18.47098,54.65307],[18.466,54.65575],[18.46445,54.65733],[18.4642,54.65791],[18.46435,54.65811],[18.46407,54.65874],[18.46384,54.66014],[18.46394,54.66083],[18.46425,54.66154],[18.46493,54.66244],[18.46586,54.66451],[18.46638,54.66507],[18.46665,54.66564],[18.46657,54.66584],[18.46678,54.66592],[18.46625,54.66654],[18.46609,54.66701],[18.46589,54.66879],[18.46592,54.66973],[18.4661,54.67034],[18.46645,54.67078],[18.46657,54.67135],[18.46655,54.67406],[18.46615,54.67662],[18.46616,54.67809],[18.46584,54.67934],[18.46603,54.68157],[18.46596,54.6826],[18.46558,54.68402],[18.46605,54.68536],[18.46593,54.68585],[18.46627,54.68676],[18.46738,54.68826],[18.4721,54.69323],[18.47258,54.69409],[18.47253,54.69457],[18.47197,54.69511],[18.46956,54.69626],[18.46067,54.69869],[18.45951,54.69939],[18.45877,54.70005],[18.45671,54.70114],[18.45477,54.70137],[18.45237,54.70193],[18.44779,54.70367],[18.43958,54.70841],[18.43863,54.70943],[18.4368,54.71046],[18.43523,54.71179],[18.43405,54.71291],[18.43351,54.71379],[18.43181,54.71471],[18.42945,54.71627],[18.42895,54.71678],[18.42483,54.71869],[18.42151,54.72078],[18.42007,54.72194],[18.41924,54.7223],[18.41892,54.72286],[18.41881,54.72347],[18.41849,54.72358],[18.41848,54.72419],[18.41844,54.72258],[18.41712,54.72257],[18.41712,54.72273],[18.41523,54.72263],[18.41466,54.72304],[18.41292,54.72306],[18.41126,54.72293],[18.41129,54.72239],[18.41071,54.72238],[18.41063,54.72297],[18.41009,54.72305],[18.40933,54.72285],[18.40523,54.72397],[18.40265,54.72496],[18.40233,54.72569],[18.4013,54.72642],[18.40009,54.72656],[18.3998,54.72625],[18.39946,54.72648],[18.39867,54.72647],[18.39855,54.72677],[18.39808,54.72676],[18.39784,54.72697],[18.39778,54.72717],[18.39795,54.72725],[18.39754,54.72789],[18.39604,54.7281],[18.39566,54.72851],[18.39504,54.72867],[18.39396,54.72941],[18.39378,54.72975],[18.39393,54.73113],[18.39413,54.73181],[18.39496,54.73337],[18.39509,54.73433],[18.39553,54.73529],[18.39524,54.73562],[18.39561,54.73695],[18.39519,54.7384],[18.39538,54.73929],[18.3961,54.74077],[18.39623,54.74546],[18.39668,54.74707],[18.39878,54.7506],[18.40121,54.75518],[18.40332,54.75788],[18.40571,54.76019],[18.4066,54.76141],[18.41008,54.76387],[18.41039,54.76365],[18.41056,54.76394],[18.41033,54.76416],[18.41192,54.76536],[18.41359,54.76616],[18.41351,54.76631],[18.41412,54.76653],[18.41385,54.7667],[18.41559,54.76792],[18.41689,54.76851],[18.41717,54.76872],[18.41708,54.76889],[18.41751,54.76898],[18.4182,54.76958],[18.41784,54.77042],[18.41811,54.7709],[18.41856,54.77113],[18.41848,54.77148],[18.41874,54.77164],[18.41904,54.77218],[18.4187,54.77306],[18.41856,54.77451],[18.41775,54.77502],[18.41779,54.77597],[18.41738,54.77649],[18.41751,54.77744],[18.41859,54.77837],[18.41956,54.77974],[18.42008,54.78009],[18.42047,54.78101],[18.42096,54.78123],[18.42101,54.78163],[18.42096,54.78204],[18.42036,54.78283],[18.42025,54.78369],[18.42003,54.78384],[18.42007,54.78417],[18.41965,54.7845],[18.42037,54.78523],[18.42119,54.7853],[18.42128,54.78516],[18.42166,54.78517],[18.42149,54.78552],[18.42103,54.78557],[18.42086,54.78576],[18.42104,54.78617],[18.42072,54.78633],[18.42075,54.78682],[18.42088,54.78705],[18.42189,54.78754],[18.42231,54.78817],[18.4228,54.78835],[18.42553,54.78781],[18.42626,54.788],[18.42672,54.78789],[18.42747,54.78724],[18.42744,54.78671],[18.42774,54.78649],[18.42935,54.78631],[18.4295,54.78609],[18.43193,54.78477],[18.43306,54.7843],[18.43357,54.78431],[18.43532,54.78384],[18.43642,54.78308],[18.43735,54.78283],[18.4378,54.78247],[18.43852,54.78231],[18.4389,54.78201],[18.43965,54.78202],[18.43967,54.78228],[18.44004,54.78212],[18.44057,54.78241],[18.44099,54.78243],[18.44396,54.78138],[18.44641,54.78098],[18.44714,54.78107],[18.45066,54.78009],[18.45344,54.77851],[18.45491,54.77725],[18.46001,54.77527],[18.46139,54.7748],[18.4624,54.77471],[18.46394,54.7734],[18.46604,54.77252],[18.46741,54.77226],[18.47183,54.77228],[18.47386,54.77179],[18.47516,54.77088],[18.47519,54.7705],[18.47505,54.77035],[18.47635,54.76925],[18.47786,54.76847],[18.47806,54.76823],[18.48077,54.76705],[18.4814,54.76666],[18.48164,54.76629],[18.48207,54.76623],[18.4822,54.76641],[18.48258,54.76646],[18.48349,54.76635],[18.48454,54.76585],[18.48549,54.76585],[18.48631,54.76554],[18.4872,54.76547],[18.4879,54.765],[18.4896,54.76473],[18.49097,54.76392],[18.49157,54.76397],[18.49202,54.7638],[18.49253,54.76327],[18.4929,54.76335],[18.4933,54.76323],[18.49386,54.7629],[18.49416,54.76246],[18.49546,54.76192],[18.49617,54.76196],[18.49759,54.76164],[18.50029,54.76074],[18.50103,54.76068],[18.50119,54.76045],[18.50178,54.76039],[18.5021,54.76054],[18.5041,54.75983],[18.50606,54.75871],[18.51275,54.75724],[18.51744,54.75671],[18.52221,54.75514],[18.52376,54.75402],[18.52681,54.74996],[18.52831,54.74904],[18.53073,54.74852],[18.53226,54.74864],[18.53411,54.74853],[18.53938,54.74788],[18.54319,54.74701],[18.55513,54.74224],[18.56251,54.73966],[18.56709,54.73833],[18.57181,54.73727],[18.57445,54.73638],[18.57568,54.73581],[18.5765,54.73569],[18.57931,54.73386],[18.58022,54.73285],[18.58078,54.73258],[18.58182,54.73169],[18.5828,54.73168],[18.58185,54.73177],[18.58097,54.73254],[18.5813,54.73334],[18.58185,54.7333],[18.58191,54.73313],[18.58405,54.73257],[18.5834,54.73182],[18.58411,54.73247],[18.58522,54.73221],[18.58647,54.7317],[18.59081,54.73044],[18.59445,54.72841],[18.59924,54.72719],[18.60158,54.72697],[18.6044,54.72638],[18.61818,54.72205],[18.62678,54.71833],[18.6301,54.71644],[18.63077,54.71621],[18.63186,54.71535],[18.63253,54.71509],[18.63466,54.71374],[18.63684,54.71274],[18.64358,54.70796],[18.64689,54.70582],[18.64891,54.70385],[18.65091,54.70256],[18.6513,54.70193],[18.6522,54.70112],[18.65301,54.70071],[18.65352,54.70008],[18.6542,54.6997],[18.65618,54.69979],[18.65981,54.69863],[18.66047,54.69854],[18.6614,54.69858],[18.66284,54.69891],[18.66316,54.69882],[18.66367,54.69899],[18.6647,54.699],[18.66546,54.69888],[18.66611,54.69855],[18.6668,54.69868],[18.6675,54.69847],[18.66881,54.6978],[18.67076,54.6956],[18.67211,54.69434],[18.67318,54.69374],[18.67317,54.69307],[18.67356,54.69272],[18.6732,54.69308],[18.67323,54.69414],[18.67328,54.6946],[18.67369,54.6946],[18.67371,54.69414],[18.67384,54.69414],[18.67378,54.69579],[18.67559,54.69681],[18.67638,54.69676],[18.67837,54.69566],[18.67873,54.69521],[18.67581,54.69351],[18.67615,54.69324],[18.67474,54.69272],[18.67547,54.69295],[18.67711,54.69244],[18.67786,54.69248],[18.68069,54.69359],[18.68138,54.69345],[18.68307,54.69396],[18.68602,54.69441],[18.68735,54.6944],[18.68794,54.69396],[18.68966,54.69336],[18.69061,54.69278],[18.69131,54.69263],[18.69301,54.69182],[18.69477,54.69058],[18.69839,54.68928],[18.70274,54.6871],[18.70431,54.68602],[18.70701,54.68456],[18.71715,54.6771],[18.72067,54.67426],[18.72181,54.67305],[18.7244,54.67082],[18.72563,54.67023],[18.72661,54.66929],[18.72699,54.66865],[18.72864,54.66751],[18.73107,54.66477],[18.73174,54.66378],[18.73234,54.66352],[18.73393,54.66226],[18.73864,54.65816],[18.73922,54.65757],[18.73946,54.65708],[18.73869,54.65691],[18.73894,54.65668],[18.73952,54.65703],[18.74114,54.65602],[18.74267,54.65451],[18.7432,54.65433],[18.74518,54.65286],[18.74804,54.65005],[18.74851,54.64951],[18.74857,54.64905],[18.74864,54.64938],[18.74964,54.64891],[18.75042,54.64834],[18.75084,54.6478],[18.75136,54.64763],[18.75333,54.64602],[18.75489,54.64512],[18.75628,54.64374],[18.75806,54.64233],[18.75909,54.64172],[18.76319,54.63833],[18.76707,54.63426],[18.76979,54.63103],[18.77269,54.62805],[18.77426,54.62624],[18.77652,54.62308],[18.77779,54.62086],[18.77871,54.61799],[18.77883,54.61693],[18.77865,54.61515],[18.77795,54.61419],[18.77944,54.61372],[18.77904,54.61307],[18.78745,54.61082],[18.78829,54.61],[18.78756,54.61088],[18.77985,54.61292],[18.78139,54.61548],[18.78804,54.61385],[18.78671,54.61207],[18.78812,54.61383],[18.78855,54.61374],[18.78985,54.61341],[18.79378,54.61167],[18.7964,54.60988],[18.79624,54.60975],[18.79637,54.60968],[18.79319,54.607],[18.7955,54.60884],[18.7985,54.60746],[18.80014,54.60624],[18.80123,54.60465],[18.80058,54.60403],[18.79901,54.60141],[18.79963,54.59954],[18.79979,54.59956],[18.79915,54.60137],[18.80127,54.60157],[18.79919,54.60149],[18.80001,54.60285],[18.80038,54.60285],[18.80062,54.60196],[18.80075,54.60198],[18.80047,54.60336],[18.80092,54.60424],[18.8014,54.60456],[18.80269,54.60252],[18.80146,54.6022],[18.80267,54.60243],[18.80344,54.6012],[18.80362,54.60008],[18.80089,54.59985],[18.80092,54.59973],[18.80341,54.59998],[18.80518,54.59831],[18.80615,54.59806],[18.8065,54.59685],[18.80729,54.5952],[18.80844,54.59505],[18.80857,54.59479],[18.80897,54.59467],[18.81024,54.59314],[18.81042,54.59228],[18.80867,54.59223],[18.80982,54.59216],[18.81041,54.59218],[18.81231,54.59247],[18.81509,54.59354],[18.81932,54.59595],[18.82151,54.59744],[18.82463,54.59994],[18.8244,54.60015],[18.82705,54.6035],[18.82826,54.60632],[18.82885,54.60816],[18.82861,54.61064],[18.82811,54.61331],[18.82703,54.61564],[18.82708,54.61604],[18.82674,54.61721],[18.82613,54.61809],[18.82573,54.61947],[18.82318,54.62455],[18.81675,54.63117],[18.81373,54.63335],[18.80838,54.63623],[18.8077,54.637],[18.80391,54.63925],[18.7999,54.64243],[18.79679,54.64466],[18.79443,54.64691],[18.79214,54.64843],[18.78614,54.6515],[18.78286,54.65365],[18.77911,54.65543],[18.77706,54.65662],[18.77552,54.6571],[18.77054,54.65972],[18.76183,54.6638],[18.7569,54.66593],[18.75466,54.66717],[18.75424,54.66769],[18.7528,54.66886],[18.74944,54.67074],[18.74133,54.67495],[18.73452,54.67799],[18.73256,54.67989],[18.72818,54.68187],[18.72506,54.683],[18.71691,54.68685],[18.71443,54.68776],[18.71135,54.68968],[18.70657,54.69176],[18.7054,54.69206],[18.70332,54.69301],[18.70207,54.69341],[18.70126,54.694],[18.69435,54.69672],[18.69122,54.69808],[18.69017,54.6987],[18.68756,54.69971],[18.68711,54.70004],[18.68319,54.70147],[18.67731,54.70397],[18.67393,54.70494],[18.66401,54.70866],[18.65682,54.71112],[18.6513,54.71329],[18.62532,54.7214],[18.61754,54.72421],[18.6139,54.72522],[18.60917,54.72689],[18.60374,54.72844],[18.59725,54.73094],[18.59168,54.73275],[18.58352,54.73617],[18.56311,54.74249],[18.55395,54.74613],[18.54164,54.75024],[18.53192,54.7538],[18.5219,54.75719],[18.51278,54.76058],[18.50125,54.76429],[18.49917,54.76513],[18.48975,54.76822],[18.48071,54.77098],[18.47183,54.77476],[18.47159,54.77503],[18.46841,54.77603],[18.4543,54.78142],[18.4454,54.78418],[18.42953,54.78992],[18.42379,54.79236],[18.42237,54.79311],[18.42095,54.79443],[18.42018,54.79543],[18.42139,54.79685],[18.42123,54.79686],[18.41904,54.79435],[18.41774,54.79472],[18.41744,54.79486],[18.41757,54.79497],[18.41345,54.79672],[18.41331,54.79691],[18.41644,54.79772],[18.41825,54.79793],[18.42078,54.79767],[18.42361,54.79664],[18.42328,54.79682],[18.42329,54.79703],[18.42066,54.798],[18.418,54.79822],[18.41752,54.79844],[18.40803,54.80054],[18.38692,54.80657],[18.38426,54.80775],[18.37069,54.81273],[18.36294,54.81591],[18.35816,54.81805],[18.3522,54.82111],[18.34963,54.82339],[18.3495,54.8237],[18.34958,54.82427],[18.3478,54.82645],[18.34559,54.82788],[18.34257,54.82906],[18.34112,54.82978],[18.33635,54.83282],[18.33275,54.83382],[18.32918,54.8345],[18.32678,54.8347],[18.31578,54.835],[18.30553,54.83573],[18.29638,54.83618],[18.2913,54.83595],[18.28138,54.83512],[18.27974,54.8352],[18.27003,54.83402],[18.25581,54.83353],[18.24509,54.83391],[18.23616,54.83309],[18.23572,54.83324],[18.23549,54.83308],[18.22238,54.83277],[18.21565,54.83275],[18.20371,54.83318],[18.19827,54.83311],[18.19529,54.83289],[18.18768,54.83306],[18.18425,54.83339],[18.16321,54.83368],[18.16216,54.83388],[18.15064,54.83326],[18.14125,54.83249],[18.13334,54.83222],[18.12657,54.8322],[18.10667,54.83266],[18.10524,54.8329],[18.0949,54.83356],[18.0792,54.83384],[18.07178,54.83384],[18.06514,54.83364],[18.06423,54.8339],[18.06377,54.83365],[18.06255,54.83349],[18.03289,54.83252],[17.99619,54.83164],[17.99204,54.83141],[17.97681,54.83152],[17.96991,54.83095],[17.96064,54.82994],[17.95308,54.82984],[17.94807,54.8292],[17.94435,54.82846],[17.93237,54.82724],[17.92644,54.8269],[17.92067,54.82635],[17.91448,54.82563],[17.90845,54.82447],[17.90739,54.82456],[17.88884,54.82242],[17.88604,54.82195],[17.87883,54.82004],[17.86183,54.81746],[17.85539,54.81606],[17.84733,54.81473],[17.83313,54.81164],[17.82481,54.81],[17.80236,54.8072],[17.79808,54.80676],[17.79076,54.80629],[17.76386,54.80286],[17.7601,54.80195],[17.74949,54.80036],[17.74331,54.79874],[17.72732,54.79501],[17.72163,54.79343],[17.71908,54.79292],[17.71104,54.79188],[17.70567,54.7909],[17.69917,54.78948],[17.69592,54.78844],[17.68482,54.78614],[17.67878,54.78523],[17.66989,54.7833],[17.66213,54.78244],[17.65824,54.78173],[17.65344,54.78121],[17.6417,54.77948],[17.63269,54.7776],[17.62908,54.77701],[17.61284,54.77465],[17.60549,54.77387],[17.59373,54.77223],[17.58762,54.7712],[17.5716,54.76909],[17.56853,54.76895],[17.56321,54.76916],[17.55981,54.76887],[17.55477,54.76807],[17.55203,54.76792],[17.55154,54.76795],[17.55146,54.76826],[17.55129,54.76825],[17.55085,54.76905],[17.55135,54.76771],[17.55147,54.76656],[17.55124,54.76515],[17.55079,54.76395],[17.55138,54.76331],[17.55046,54.76339],[17.55062,54.76369],[17.5484,54.76072],[17.5486,54.76047],[17.55088,54.76014],[17.55326,54.76008],[17.55354,54.75985],[17.55084,54.7599],[17.54837,54.76021],[17.54799,54.7601],[17.54709,54.75871],[17.54711,54.75828],[17.54778,54.75786],[17.54686,54.75787],[17.54653,54.75806],[17.54654,54.75906],[17.54731,54.76023],[17.5469,54.76033],[17.54734,54.7603],[17.54809,54.76151],[17.54786,54.76163],[17.54813,54.76158],[17.54844,54.76197],[17.54832,54.76206],[17.54847,54.76202],[17.54992,54.76339],[17.54977,54.76377],[17.54995,54.76402],[17.54984,54.76391],[17.54895,54.76407],[17.54945,54.76549],[17.55069,54.76533],[17.55023,54.76392],[17.55055,54.76451],[17.55093,54.76607],[17.55091,54.76753],[17.55037,54.76897],[17.55012,54.76906],[17.55005,54.76948],[17.55022,54.76983],[17.55081,54.77011],[17.55035,54.76997],[17.55013,54.76982],[17.54999,54.76953],[17.55003,54.7691],[17.54973,54.76893],[17.54513,54.76762],[17.54275,54.76713],[17.53188,54.76592],[17.5215,54.76432],[17.51115,54.76333],[17.49088,54.7592],[17.47486,54.75679],[17.47118,54.7565],[17.44183,54.75561],[17.43441,54.75522],[17.42286,54.75432],[17.41851,54.75379],[17.40825,54.75319],[17.39663,54.75277],[17.39103,54.75226],[17.37157,54.75108],[17.36366,54.75082],[17.35669,54.75018],[17.34764,54.74881],[17.34615,54.7482],[17.32306,54.74231],[17.31687,54.74149],[17.30819,54.74074],[17.30245,54.74001],[17.27021,54.73548],[17.26521,54.73501],[17.25197,54.73284],[17.24311,54.73029],[17.23639,54.72768],[17.23015,54.7256],[17.22657,54.72421],[17.22321,54.72331],[17.20479,54.71666],[17.20165,54.71594],[17.19711,54.71438],[17.19028,54.71188],[17.18387,54.70875],[17.17895,54.70719],[17.1733,54.70514],[17.16834,54.70382],[17.16402,54.70243],[17.15939,54.70127],[17.15667,54.70021],[17.15088,54.69875],[17.14504,54.69679],[17.14211,54.69617],[17.13717,54.69445],[17.11724,54.68975],[17.10483,54.68548],[17.09336,54.68246],[17.08926,54.68129],[17.08438,54.67961],[17.07509,54.67702],[17.07271,54.67591],[17.0698,54.67494],[17.06943,54.67464],[17.06249,54.67202],[17.05882,54.67116],[17.05363,54.66951],[17.05102,54.66932],[17.05025,54.6699],[17.05129,54.66901],[17.05148,54.66873],[17.05154,54.66805],[17.05202,54.66755],[17.05285,54.66727],[17.05565,54.6672],[17.05561,54.66689],[17.05295,54.66706],[17.05293,54.66654],[17.05103,54.66673],[17.05115,54.66689],[17.05263,54.66674],[17.05265,54.66709],[17.05144,54.66777],[17.05113,54.66885],[17.04974,54.66995],[17.05041,54.6694],[17.04957,54.66877],[17.04774,54.66804],[17.04473,54.66751],[17.04377,54.66719],[17.04283,54.66607],[17.04179,54.66524],[17.03917,54.66368],[17.03684,54.66178],[17.03587,54.66061],[17.03499,54.6602],[17.03323,54.65851],[17.0307,54.65659],[17.02862,54.65566],[17.02852,54.65541],[17.0232,54.65195],[17.02007,54.65002],[17.01763,54.64877],[17.01555,54.64723],[17.01208,54.64522],[17.01138,54.64461],[17.0094,54.6435],[17.0001,54.63754],[16.99039,54.63256],[16.98081,54.62707],[16.97993,54.62644],[16.97631,54.62482],[16.97525,54.62397],[16.97359,54.62307],[16.9735,54.62286],[16.9686,54.62024],[16.96575,54.61893],[16.95935,54.61536],[16.95417,54.61364],[16.94835,54.61133],[16.93816,54.60814],[16.91798,54.59956],[16.91264,54.59744],[16.90278,54.5948],[16.88754,54.5912],[16.88296,54.59038],[16.87778,54.58994],[16.87523,54.59002],[16.87054,54.58958],[16.8645,54.58976],[16.85969,54.58913],[16.85345,54.58902],[16.85221,54.59071],[16.85089,54.59205],[16.85304,54.58952],[16.85385,54.58758],[16.85383,54.58688],[16.85348,54.58571],[16.85354,54.58531],[16.85389,54.58486],[16.85509,54.58405],[16.85664,54.58252],[16.85635,54.58274],[16.85648,54.5825],[16.85591,54.58239],[16.85562,54.58295],[16.85542,54.58292],[16.85579,54.58217],[16.85556,54.58212],[16.8556,54.58203],[16.85606,54.58187],[16.85677,54.58089],[16.85656,54.58081],[16.85675,54.5806],[16.85642,54.58082],[16.85708,54.58007],[16.85623,54.58033],[16.85483,54.58157],[16.85508,54.58199],[16.85441,54.58387],[16.85272,54.58365],[16.85268,54.58379],[16.85415,54.5842],[16.85381,54.58439],[16.85394,54.5842],[16.85382,54.58416],[16.85284,54.58514],[16.85264,54.58584],[16.85284,54.58731],[16.85227,54.58703],[16.85212,54.58603],[16.85127,54.58608],[16.85141,54.58696],[16.85223,54.58749],[16.85127,54.58703],[16.85077,54.58732],[16.85164,54.58784],[16.85233,54.58795],[16.85257,54.58781],[16.85245,54.58771],[16.85255,54.58766],[16.85308,54.58796],[16.85283,54.58887],[16.85287,54.58838],[16.85186,54.58825],[16.85142,54.58882],[16.85004,54.59083],[16.84999,54.59145],[16.85032,54.59178],[16.85022,54.59185],[16.84991,54.59153],[16.84986,54.59114],[16.85031,54.59028],[16.84572,54.58818],[16.8436,54.58757],[16.83611,54.58621],[16.83355,54.58631],[16.82995,54.58532],[16.82768,54.58432],[16.82345,54.583],[16.81626,54.5813],[16.81331,54.58087],[16.80983,54.58083],[16.80415,54.57986],[16.79889,54.57864],[16.79319,54.5771],[16.78034,54.57252],[16.77497,54.57095],[16.77227,54.57052],[16.76521,54.57003],[16.76331,54.56965],[16.76266,54.56984],[16.75953,54.56964],[16.75574,54.56916],[16.75155,54.56903],[16.73907,54.5692],[16.72146,54.56862],[16.71869,54.56862],[16.70261,54.56989],[16.69893,54.56991],[16.69323,54.56942],[16.68732,54.56842],[16.67514,54.56688],[16.67145,54.56658],[16.66954,54.5666],[16.66535,54.56604],[16.66266,54.56593],[16.65943,54.56545],[16.65754,54.56537],[16.64244,54.56284],[16.63219,54.56171],[16.62862,54.56166],[16.62048,54.56072],[16.60764,54.55821],[16.60068,54.55779],[16.59891,54.55752],[16.59704,54.55711],[16.59474,54.55627],[16.57992,54.55222],[16.57579,54.55163],[16.56424,54.54822],[16.56142,54.54711],[16.55865,54.54627],[16.55609,54.54582],[16.55332,54.5451],[16.53841,54.54244],[16.53824,54.54256],[16.53564,54.5421],[16.53433,54.54214],[16.53398,54.54246],[16.53307,54.54223],[16.53206,54.54226],[16.53094,54.54252],[16.53061,54.54276],[16.53068,54.54304],[16.53049,54.54318],[16.52957,54.54263],[16.5301,54.5421],[16.52972,54.54181],[16.52822,54.54154],[16.52725,54.54198],[16.5264,54.54146],[16.52715,54.54086],[16.52717,54.54068],[16.52634,54.54024],[16.52661,54.54013],[16.52658,54.54],[16.52535,54.53971],[16.52434,54.53989],[16.52394,54.5401],[16.52372,54.54044],[16.52326,54.54018],[16.52436,54.53934],[16.52359,54.53902],[16.52384,54.53891],[16.52381,54.53828],[16.52232,54.53758],[16.52129,54.53739],[16.52006,54.53619],[16.51726,54.53427],[16.51419,54.53253],[16.51057,54.53002],[16.50122,54.52503],[16.49686,54.52304],[16.49362,54.52222],[16.47783,54.51549],[16.46873,54.51],[16.46541,54.50851],[16.46407,54.50724],[16.46141,54.50594],[16.45666,54.50316],[16.45206,54.50022],[16.45077,54.499],[16.44922,54.49791],[16.44675,54.49668],[16.44616,54.49604],[16.44386,54.49449],[16.43779,54.49121],[16.43442,54.48897],[16.4334,54.48822],[16.43175,54.48637],[16.43011,54.48486],[16.42666,54.48201],[16.42527,54.4804],[16.42082,54.47669],[16.41972,54.47532],[16.41873,54.47441],[16.41353,54.46867],[16.41118,54.46684],[16.40684,54.46139],[16.40047,54.45449],[16.39992,54.4533],[16.39746,54.45039],[16.3975,54.45013],[16.39656,54.44964],[16.39643,54.44915],[16.39605,54.44884],[16.39543,54.44863],[16.39463,54.44793],[16.39453,54.44729],[16.39389,54.44697],[16.39345,54.44694],[16.39227,54.44621],[16.39204,54.44552],[16.39161,54.44529],[16.39071,54.44526],[16.38977,54.4445],[16.38974,54.44418],[16.38941,54.44388],[16.38764,54.44353],[16.3873,54.44334],[16.38711,54.44288],[16.38652,54.44272],[16.38633,54.44246],[16.38598,54.44233],[16.38536,54.44227],[16.38456,54.44175],[16.38381,54.44164],[16.38326,54.44112],[16.38214,54.44114],[16.38186,54.44119],[16.38182,54.44135],[16.37781,54.44043],[16.37434,54.44159],[16.37204,54.44199],[16.37426,54.44154],[16.37643,54.44086],[16.38312,54.4384],[16.38407,54.43881],[16.38418,54.43873],[16.38337,54.43833],[16.38621,54.43696],[16.38632,54.43706],[16.38591,54.43728],[16.38674,54.43781],[16.38852,54.43696],[16.3875,54.43628],[16.38664,54.43681],[16.3865,54.43675],[16.3887,54.43495],[16.38986,54.4354],[16.38878,54.43492],[16.39179,54.43169],[16.39343,54.42955],[16.40085,54.42377],[16.40112,54.42338],[16.40145,54.4232],[16.40122,54.4232],[16.40182,54.422],[16.40722,54.42025],[16.40941,54.41986],[16.4092,54.41963],[16.40593,54.42031],[16.40167,54.42183],[16.4014,54.42199],[16.40105,54.42281],[16.4003,54.4238],[16.39713,54.42599],[16.39673,54.42596],[16.39641,54.42515],[16.39762,54.42359],[16.39701,54.42342],[16.39579,54.42495],[16.39517,54.4264],[16.3952,54.42718],[16.39502,54.42748],[16.39375,54.42833],[16.39234,54.42976],[16.39036,54.43237],[16.3889,54.43357],[16.38874,54.43394],[16.38812,54.43412],[16.38802,54.43399],[16.38818,54.43397],[16.38846,54.43325],[16.38687,54.43267],[16.38561,54.43382],[16.38721,54.4344],[16.38805,54.43442],[16.38602,54.43612],[16.38492,54.43681],[16.38425,54.4365],[16.38294,54.43758],[16.38124,54.43851],[16.38064,54.43901],[16.37714,54.44028],[16.37686,54.44027],[16.37628,54.43973],[16.37545,54.43927],[16.37405,54.43956],[16.37425,54.43885],[16.37363,54.43879],[16.37373,54.43869],[16.3736,54.43865],[16.37279,54.43932],[16.3718,54.44051],[16.37164,54.44096],[16.37184,54.44155],[16.3717,54.4416],[16.37153,54.44108],[16.37157,54.44065],[16.37245,54.43953],[16.37338,54.43865],[16.37275,54.43781],[16.37265,54.43727],[16.37029,54.43444],[16.36796,54.432],[16.36711,54.43132],[16.36546,54.42914],[16.36353,54.42706],[16.35925,54.42346],[16.35518,54.41881],[16.34774,54.41245],[16.34724,54.41174],[16.3404,54.40518],[16.33972,54.40475],[16.33687,54.40225],[16.33539,54.40122],[16.33431,54.39981],[16.3337,54.39947],[16.33341,54.39901],[16.33041,54.39692],[16.328,54.39463],[16.31984,54.38798],[16.31365,54.38358],[16.30917,54.38061],[16.30685,54.37857],[16.30416,54.37699],[16.30049,54.37421],[16.2972,54.37212],[16.29012,54.36724],[16.28372,54.36363],[16.27524,54.35794],[16.27271,54.3566],[16.2687,54.35337],[16.26663,54.352],[16.26403,54.35074],[16.25988,54.34812],[16.25678,54.3466],[16.25631,54.34625],[16.25629,54.34604],[16.2544,54.34505],[16.24776,54.34093],[16.24715,54.34025],[16.24493,54.33919],[16.24343,54.33815],[16.23853,54.33549],[16.21825,54.32311],[16.21712,54.32271],[16.21341,54.32054],[16.2099,54.31821],[16.2036,54.31485],[16.19971,54.31252],[16.19425,54.30973],[16.19126,54.30857],[16.18938,54.30755],[16.18014,54.30351],[16.17827,54.30251],[16.17573,54.30147],[16.17477,54.30123],[16.169,54.29856],[16.16748,54.29812],[16.16462,54.29693],[16.1578,54.29362],[16.13734,54.28609],[16.13259,54.28474],[16.1321,54.28471],[16.13173,54.28481],[16.13191,54.28496],[16.13121,54.28506],[16.13076,54.28462],[16.12986,54.28461],[16.12927,54.28433],[16.12937,54.28409],[16.12916,54.2839],[16.12835,54.28353],[16.12638,54.28221],[16.10749,54.27604],[16.10101,54.27426],[16.09821,54.27333],[16.08928,54.27132],[16.08656,54.27054],[16.07748,54.26874],[16.07215,54.26729],[16.06504,54.26576],[16.06078,54.26456],[16.04997,54.26227],[16.04675,54.26184],[16.04203,54.26076],[16.02995,54.25864],[16.02853,54.25853],[16.02532,54.25785],[16.02151,54.25747],[16.01645,54.25656],[16.01444,54.25642],[16.01101,54.2558],[16.00846,54.2555],[16.00736,54.25554],[16.00238,54.25485],[15.98746,54.25334],[15.97561,54.25159],[15.9642,54.25039],[15.94824,54.24919],[15.93871,54.24817],[15.9376,54.24792],[15.93632,54.24807],[15.92868,54.24755],[15.91797,54.24715],[15.91081,54.24657],[15.90792,54.24654],[15.90171,54.24596],[15.89427,54.24563],[15.88771,54.24504],[15.8768,54.24451],[15.86001,54.24251],[15.8548,54.24214],[15.8503,54.24138],[15.83502,54.23856],[15.82939,54.23717],[15.81965,54.23521],[15.8031,54.23049],[15.80199,54.23029],[15.8001,54.22968],[15.79811,54.22879],[15.78632,54.22529],[15.78194,54.22373],[15.78036,54.22344],[15.77792,54.22256],[15.76751,54.2206],[15.76413,54.21971],[15.76313,54.21941],[15.76302,54.21918],[15.75774,54.21773],[15.75497,54.21717],[15.75399,54.21711],[15.75387,54.21692],[15.75167,54.21668],[15.75145,54.21646],[15.74844,54.21598],[15.74302,54.21451],[15.73734,54.21345],[15.73259,54.21237],[15.73061,54.21211],[15.70624,54.20684],[15.69977,54.20569],[15.69239,54.20474],[15.68759,54.20365],[15.68575,54.20305],[15.68055,54.2022],[15.67486,54.20097],[15.67046,54.20037],[15.66296,54.19905],[15.65995,54.1988],[15.65207,54.19765],[15.64304,54.19695],[15.611,54.19136],[15.60871,54.19101],[15.6084,54.19152],[15.60847,54.19133],[15.60716,54.19101],[15.59905,54.18954],[15.5932,54.18878],[15.58564,54.18758],[15.58271,54.18728],[15.57834,54.18704],[15.57287,54.18697],[15.56212,54.18728],[15.56057,54.18704],[15.5547,54.18737],[15.55312,54.18759],[15.55268,54.18831],[15.55183,54.18908],[15.55095,54.18967],[15.54912,54.19058],[15.54907,54.1905],[15.54967,54.19021],[15.54947,54.19005],[15.54972,54.19019],[15.55028,54.18993],[15.55013,54.18976],[15.55032,54.18991],[15.55086,54.18965],[15.5507,54.18951],[15.55094,54.1896],[15.55131,54.18936],[15.55119,54.18929],[15.55135,54.18933],[15.55186,54.18899],[15.55176,54.18891],[15.55189,54.18897],[15.55217,54.18876],[15.55249,54.18844],[15.55237,54.18837],[15.55251,54.18842],[15.55278,54.18808],[15.55293,54.18784],[15.55279,54.18779],[15.55296,54.18777],[15.55337,54.18663],[15.55358,54.18665],[15.55359,54.18652],[15.55339,54.18649],[15.55345,54.18509],[15.55309,54.18348],[15.55374,54.18111],[15.55498,54.18022],[15.557,54.1807],[15.55715,54.1805],[15.55853,54.18089],[15.56059,54.181],[15.56181,54.18073],[15.56353,54.17986],[15.56317,54.17952],[15.56174,54.18026],[15.5599,54.18056],[15.55804,54.18038],[15.55946,54.18003],[15.55901,54.17947],[15.55836,54.17966],[15.55812,54.17992],[15.55757,54.18019],[15.5581,54.17987],[15.55768,54.18008],[15.55707,54.17985],[15.55725,54.17944],[15.55787,54.17942],[15.55791,54.17919],[15.55698,54.17924],[15.55661,54.17986],[15.55717,54.1787],[15.55958,54.17826],[15.55865,54.17856],[15.5589,54.17858],[15.55865,54.17862],[15.55865,54.17887],[15.55877,54.17909],[15.55971,54.17908],[15.56182,54.17839],[15.56136,54.17782],[15.56163,54.17769],[15.56148,54.17751],[15.56108,54.17763],[15.56106,54.17738],[15.56086,54.17741],[15.55952,54.17781],[15.55964,54.17797],[15.55942,54.17803],[15.55829,54.17721],[15.5581,54.17729],[15.5591,54.17807],[15.55794,54.17724],[15.55552,54.17838],[15.55256,54.18056],[15.55239,54.18024],[15.55312,54.17965],[15.55266,54.17867],[15.55132,54.17887],[15.55224,54.18086],[15.55211,54.18134],[15.55192,54.1813],[15.55196,54.18096],[15.55114,54.18094],[15.55105,54.18162],[15.55221,54.18162],[15.55223,54.18205],[15.55187,54.18216],[15.55224,54.18217],[15.55225,54.1824],[15.55206,54.18245],[15.5521,54.1827],[15.55227,54.1827],[15.55228,54.1829],[15.55216,54.18291],[15.5527,54.18531],[15.55219,54.185],[15.55143,54.18529],[15.55209,54.18582],[15.55271,54.18582],[15.55271,54.186],[15.55251,54.186],[15.55246,54.18613],[15.55265,54.18617],[15.55244,54.18617],[15.55222,54.18653],[15.55242,54.1866],[15.5522,54.18656],[15.55198,54.18696],[15.5522,54.18703],[15.55196,54.18699],[15.55173,54.18737],[15.55196,54.18745],[15.5517,54.1874],[15.55141,54.18773],[15.55165,54.18781],[15.55137,54.18776],[15.55099,54.18808],[15.5512,54.18818],[15.55096,54.1881],[15.55051,54.18839],[15.5507,54.18852],[15.55047,54.18842],[15.54998,54.18867],[15.5501,54.18882],[15.54994,54.18869],[15.54935,54.18892],[15.54949,54.1891],[15.5493,54.18894],[15.54863,54.1892],[15.54856,54.18911],[15.55042,54.18839],[15.55121,54.18783],[15.55061,54.18722],[15.55037,54.18665],[15.54896,54.186],[15.54879,54.18566],[15.5481,54.18532],[15.54767,54.18486],[15.54619,54.18407],[15.54598,54.18358],[15.54541,54.18341],[15.54514,54.1831],[15.54297,54.18184],[15.54085,54.18081],[15.53418,54.17806],[15.52837,54.1761],[15.52665,54.17569],[15.52463,54.17488],[15.51807,54.17311],[15.5075,54.17043],[15.5053,54.16998],[15.50373,54.16992],[15.4959,54.16812],[15.49115,54.16725],[15.48019,54.16606],[15.47124,54.16609],[15.46555,54.16639],[15.45391,54.16637],[15.44177,54.16604],[15.43929,54.16578],[15.4304,54.16537],[15.42105,54.16435],[15.41769,54.16371],[15.41687,54.16342],[15.41612,54.16345],[15.41547,54.1632],[15.41426,54.16314],[15.41365,54.16287],[15.41266,54.16295],[15.41166,54.16255],[15.41071,54.16267],[15.41008,54.16237],[15.40876,54.16238],[15.40834,54.16218],[15.39807,54.16076],[15.39596,54.16029],[15.39332,54.16005],[15.39011,54.15948],[15.38807,54.15924],[15.38774,54.15965],[15.38773,54.15963],[15.38816,54.15899],[15.38883,54.15804],[15.38977,54.15748],[15.38878,54.15819],[15.38928,54.15836],[15.38991,54.1577],[15.38997,54.1574],[15.3909,54.15697],[15.39127,54.15653],[15.3913,54.15616],[15.39159,54.15605],[15.39131,54.15592],[15.39131,54.15515],[15.39064,54.154],[15.39057,54.15344],[15.39072,54.15318],[15.39058,54.15298],[15.39007,54.15273],[15.3885,54.15277],[15.38815,54.1524],[15.38825,54.15218],[15.38927,54.15176],[15.38986,54.15124],[15.39013,54.1509],[15.39031,54.15015],[15.38987,54.15022],[15.38999,54.1504],[15.38983,54.15095],[15.38949,54.15137],[15.3888,54.1518],[15.3881,54.15197],[15.38787,54.15232],[15.38797,54.1526],[15.38837,54.15289],[15.38911,54.15302],[15.38993,54.15291],[15.39022,54.15305],[15.39046,54.15431],[15.39099,54.15521],[15.39103,54.15642],[15.39024,54.15709],[15.38951,54.15733],[15.38956,54.15719],[15.38917,54.1572],[15.38918,54.15743],[15.38851,54.15807],[15.38746,54.15957],[15.38767,54.15926],[15.38738,54.15912],[15.38233,54.1582],[15.3733,54.15746],[15.34572,54.15404],[15.33595,54.15325],[15.32014,54.15095],[15.31235,54.15017],[15.29913,54.14828],[15.28865,54.14741],[15.28602,54.14705],[15.2852,54.14758],[15.28662,54.14644],[15.28753,54.14482],[15.28753,54.14306],[15.28722,54.14232],[15.28734,54.1423],[15.28711,54.14185],[15.2865,54.14196],[15.28708,54.14277],[15.2868,54.1426],[15.28634,54.14172],[15.28519,54.14196],[15.28551,54.14237],[15.28572,54.14241],[15.28521,54.1424],[15.28521,54.14269],[15.28571,54.14278],[15.28583,54.14263],[15.28613,54.14304],[15.28602,54.14307],[15.2863,54.14348],[15.28655,54.14478],[15.28649,54.14514],[15.28607,54.14561],[15.2849,54.14593],[15.28411,54.14694],[15.28402,54.14752],[15.28472,54.14839],[15.28458,54.14849],[15.28401,54.14784],[15.28393,54.14723],[15.28409,54.14681],[15.28392,54.14667],[15.28261,54.14616],[15.2815,54.1454],[15.27841,54.14424],[15.2686,54.14112],[15.26521,54.13987],[15.25522,54.13771],[15.24721,54.135],[15.24371,54.13424],[15.23802,54.13333],[15.2337,54.13211],[15.23081,54.13146],[15.22634,54.13072],[15.20019,54.12437],[15.17779,54.11972],[15.1512,54.11387],[15.14097,54.11141],[15.13371,54.10936],[15.13188,54.10911],[15.12797,54.10807],[15.12128,54.10666],[15.12045,54.10632],[15.11082,54.10386],[15.09972,54.10147],[15.09969,54.10121],[15.10012,54.10022],[15.09829,54.09903],[15.09817,54.0991],[15.09993,54.10015],[15.0996,54.10101],[15.09961,54.10145],[15.09583,54.10051],[15.08887,54.09939],[15.08645,54.09881],[15.07193,54.09683],[15.06906,54.09659],[15.0605,54.09514],[15.05807,54.09443],[15.05198,54.0931],[15.03799,54.08969],[15.03633,54.08947],[15.03241,54.08835],[15.0288,54.08709],[15.0272,54.08679],[15.02573,54.08632],[15.02404,54.08604],[15.01167,54.08296],[15.00107,54.08079],[14.99886,54.08004],[14.99178,54.07824],[14.98728,54.07681],[14.98406,54.07557],[14.97462,54.07293],[14.95449,54.06813],[14.95161,54.06731],[14.94189,54.06513],[14.94003,54.06453],[14.93532,54.06367],[14.92743,54.06164],[14.9217,54.05996],[14.90708,54.05681],[14.89121,54.05373],[14.88233,54.0524],[14.87282,54.05069],[14.86902,54.05023],[14.86717,54.04979],[14.86296,54.04916],[14.8553,54.04758],[14.84981,54.04659],[14.84808,54.04644],[14.83244,54.04313],[14.83162,54.04311],[14.81404,54.03977],[14.81193,54.03966],[14.8096,54.03925],[14.78525,54.03454],[14.77812,54.03341],[14.77314,54.03201],[14.76645,54.03071],[14.75886,54.02857],[14.74954,54.02663],[14.74363,54.0256],[14.73394,54.02449],[14.73079,54.02392],[14.7268,54.02368],[14.7261,54.0244],[14.72709,54.0233],[14.72954,54.02141],[14.73268,54.02019],[14.73569,54.0199],[14.73571,54.02008],[14.73405,54.0202],[14.73415,54.02059],[14.73553,54.02056],[14.73625,54.02101],[14.7368,54.02079],[14.7361,54.02018],[14.7363,54.02005],[14.73999,54.02062],[14.74643,54.02079],[14.74664,54.02082],[14.74664,54.02095],[14.74721,54.02094],[14.74804,54.02136],[14.74913,54.02145],[14.75138,54.02227],[14.7517,54.0225],[14.7516,54.02256],[14.75309,54.0233],[14.75626,54.02536],[14.75622,54.02548],[14.75695,54.02559],[14.7587,54.02626],[14.76037,54.02656],[14.76319,54.02652],[14.76743,54.02605],[14.76744,54.02595],[14.76867,54.02569],[14.7694,54.02528],[14.76952,54.02501],[14.77003,54.02477],[14.77033,54.02443],[14.77174,54.02433],[14.77302,54.02389],[14.77392,54.02396],[14.77461,54.02439],[14.77457,54.02545],[14.77423,54.02578],[14.7734,54.02605],[14.77334,54.02634],[14.77362,54.02638],[14.77427,54.02747],[14.77478,54.02753],[14.77504,54.02774],[14.77491,54.02832],[14.77521,54.02862],[14.77644,54.02882],[14.77927,54.02971],[14.78166,54.03004],[14.78461,54.03089],[14.78784,54.03121],[14.78945,54.03175],[14.79149,54.03209],[14.79231,54.03257],[14.79312,54.0327],[14.79424,54.03274],[14.79548,54.03256],[14.79614,54.03275],[14.79674,54.03248],[14.79898,54.03237],[14.80199,54.03157],[14.80337,54.03052],[14.80423,54.03042],[14.80454,54.03024],[14.80539,54.03063],[14.80575,54.03035],[14.80456,54.02925],[14.80451,54.02847],[14.80468,54.02812],[14.80495,54.02803],[14.80472,54.02771],[14.80472,54.02721],[14.80434,54.02639],[14.804,54.02607],[14.80385,54.02552],[14.80443,54.02485],[14.80469,54.024],[14.80426,54.02372],[14.8042,54.02346],[14.80458,54.02302],[14.80472,54.02242],[14.8043,54.02197],[14.80387,54.02094],[14.80425,54.02029],[14.80388,54.01966],[14.80427,54.01925],[14.80433,54.01892],[14.80495,54.01847],[14.8048,54.01768],[14.80414,54.01658],[14.8041,54.01443],[14.80266,54.0129],[14.80271,54.01255],[14.80316,54.0123],[14.80275,54.01208],[14.80269,54.01189],[14.80312,54.01155],[14.803,54.01099],[14.80246,54.01069],[14.80229,54.01035],[14.80239,54.01018],[14.80336,54.00989],[14.80331,54.00963],[14.80283,54.0091],[14.80215,54.00889],[14.80151,54.00839],[14.80076,54.00829],[14.79973,54.00776],[14.7976,54.00795],[14.79429,54.00734],[14.79394,54.00746],[14.79388,54.00778],[14.79353,54.00791],[14.793,54.00798],[14.79259,54.00761],[14.79224,54.0077],[14.79241,54.00798],[14.79193,54.00837],[14.7904,54.00901],[14.7876,54.00929],[14.78631,54.0099],[14.78327,54.01002],[14.78197,54.00976],[14.78112,54.00936],[14.78023,54.00924],[14.77642,54.00714],[14.77609,54.00678],[14.77513,54.00626],[14.77438,54.00554],[14.77431,54.00479],[14.77265,54.00349],[14.77265,54.00246],[14.77222,54.00221],[14.77136,54.00041],[14.7707,53.9999],[14.76941,54.00002],[14.76897,53.99989],[14.76833,53.99862],[14.76879,53.99781],[14.7686,53.99742],[14.76844,53.99721],[14.76757,53.99709],[14.76703,53.99642],[14.76595,53.99609],[14.7659,53.99552],[14.76617,53.99532],[14.7652,53.99412],[14.76467,53.99399],[14.76479,53.99354],[14.7654,53.99333],[14.76496,53.99293],[14.76499,53.99265],[14.76552,53.99241],[14.765,53.99177],[14.76519,53.9909],[14.76582,53.99037],[14.76557,53.99002],[14.76642,53.98968],[14.76623,53.98934],[14.76661,53.98839],[14.76636,53.98818],[14.76632,53.98755],[14.76661,53.98716],[14.7675,53.98677],[14.76776,53.98637],[14.76639,53.98601],[14.76628,53.98589],[14.76646,53.98561],[14.767,53.98535],[14.76708,53.98511],[14.7668,53.9849],[14.767,53.98478],[14.76626,53.98469],[14.76581,53.9844],[14.76585,53.98416],[14.76654,53.98386],[14.7664,53.98357],[14.76656,53.98335],[14.76594,53.98323],[14.766,53.98273],[14.76574,53.9824],[14.766,53.98226],[14.76632,53.98148],[14.76679,53.98137],[14.76669,53.9811],[14.76686,53.98087],[14.76681,53.98062],[14.76748,53.98008],[14.76708,53.97973],[14.7673,53.97938],[14.76831,53.97898],[14.76894,53.97915],[14.76985,53.97895],[14.77064,53.97806],[14.77017,53.97796],[14.77041,53.97782],[14.77133,53.97782],[14.77235,53.97741],[14.77344,53.97749],[14.77394,53.97792],[14.77445,53.97811],[14.776,53.97796],[14.7777,53.97801],[14.77792,53.97756],[14.77899,53.97728],[14.78144,53.97675],[14.78218,53.97679],[14.78443,53.97618],[14.78598,53.97617],[14.78718,53.97571],[14.78743,53.97586],[14.78742,53.97565],[14.78782,53.97527],[14.78752,53.97453],[14.78671,53.97417],[14.78574,53.97432],[14.78424,53.97494],[14.78344,53.97464],[14.7836,53.97392],[14.78351,53.97349],[14.78641,53.97281],[14.786,53.97247],[14.78361,53.97283],[14.7816,53.97338],[14.78026,53.97394],[14.78034,53.97402],[14.78251,53.97341],[14.78313,53.97431],[14.78294,53.97455],[14.78228,53.97441],[14.78035,53.97457],[14.7785,53.97441],[14.77639,53.97484],[14.77565,53.97469],[14.77472,53.97499],[14.77414,53.97465],[14.77365,53.97478],[14.77056,53.97472],[14.76643,53.97335],[14.76376,53.97121],[14.7635,53.97122],[14.76325,53.97082],[14.76364,53.97073],[14.76358,53.96978],[14.76299,53.96979],[14.76265,53.96879],[14.76327,53.96865],[14.76347,53.96822],[14.76296,53.96796],[14.76282,53.96762],[14.76346,53.96785],[14.76407,53.96782],[14.76414,53.96762],[14.7633,53.96736],[14.763,53.96751],[14.76231,53.96698],[14.76264,53.96647],[14.76238,53.96636],[14.76232,53.96582],[14.76251,53.96539],[14.76235,53.96516],[14.76262,53.96489],[14.76289,53.96487],[14.76283,53.96467],[14.76264,53.96465],[14.76271,53.96438],[14.76462,53.96358],[14.76518,53.96357],[14.76489,53.96341],[14.76484,53.96274],[14.76414,53.96255],[14.76396,53.9621],[14.76355,53.96221],[14.76353,53.96236],[14.76325,53.96232],[14.76313,53.96206],[14.76288,53.96197],[14.76289,53.96171],[14.76245,53.9612],[14.7626,53.96041],[14.76138,53.95979],[14.76128,53.95959],[14.76117,53.95864],[14.7616,53.95735],[14.76075,53.95456],[14.76216,53.95295],[14.76207,53.95275],[14.76252,53.95019],[14.76447,53.94981],[14.76469,53.94968],[14.76513,53.94891],[14.76513,53.94865],[14.76427,53.94763],[14.76384,53.94737],[14.76341,53.94635],[14.76341,53.94558],[14.76363,53.94531],[14.76276,53.94531],[14.76256,53.94429],[14.76258,53.94369],[14.76276,53.94352],[14.76211,53.94276],[14.76169,53.9425],[14.76148,53.94173],[14.76018,53.94147],[14.76041,53.93942],[14.76084,53.93892],[14.76085,53.9384],[14.76041,53.93814],[14.75913,53.93481],[14.75923,53.9334],[14.75965,53.93253],[14.75971,53.93181],[14.76077,53.93092],[14.76108,53.93025],[14.7609,53.92969],[14.76133,53.92944],[14.76052,53.92885],[14.76048,53.92738],[14.76009,53.92714],[14.75961,53.92636],[14.75896,53.92609],[14.75918,53.92584],[14.75882,53.92542],[14.75897,53.92507],[14.75832,53.92431],[14.7579,53.92405],[14.75717,53.92396],[14.75681,53.92353],[14.7566,53.92277],[14.75638,53.92251],[14.75465,53.92263],[14.7542,53.92286],[14.75399,53.9225],[14.75324,53.92191],[14.75293,53.92174],[14.75248,53.92174],[14.75248,53.92224],[14.75204,53.92269],[14.7514,53.92288],[14.74987,53.92288],[14.74834,53.92376],[14.74791,53.92454],[14.7489,53.9247],[14.74942,53.92544],[14.75072,53.92544],[14.75094,53.92557],[14.75093,53.92634],[14.7505,53.9266],[14.75006,53.92736],[14.75005,53.92864],[14.75026,53.92941],[14.74896,53.92941],[14.74874,53.92992],[14.74874,53.93043],[14.74852,53.93069],[14.74765,53.93069],[14.74653,53.93453],[14.74388,53.93751],[14.7437,53.93792],[14.74326,53.93825],[14.74244,53.93851],[14.73877,53.93872],[14.73628,53.93914],[14.7338,53.9399],[14.73295,53.93994],[14.73069,53.93953],[14.73011,53.9397],[14.72935,53.94021],[14.7284,53.94133],[14.72669,53.94046],[14.72506,53.94056],[14.72505,53.94004],[14.72536,53.93946],[14.72511,53.9385],[14.72437,53.9378],[14.72369,53.93748],[14.7226,53.93542],[14.72156,53.93545],[14.72112,53.93491],[14.7205,53.93483],[14.71899,53.93525],[14.71733,53.93448],[14.71668,53.93455],[14.71594,53.9344],[14.71469,53.93338],[14.713,53.93255],[14.71147,53.93251],[14.7105,53.9321],[14.70969,53.93216],[14.70771,53.93175],[14.70725,53.93122],[14.70643,53.93102],[14.70533,53.9304],[14.70526,53.93021],[14.70545,53.93008],[14.70506,53.93002],[14.70231,53.92829],[14.70194,53.92826],[14.70139,53.92791],[14.70055,53.92701],[14.69982,53.92665],[14.69972,53.92612],[14.69924,53.92569],[14.69816,53.92557],[14.69691,53.92479],[14.69639,53.92429],[14.6962,53.92332],[14.6954,53.92286],[14.69498,53.92209],[14.69498,53.92158],[14.69542,53.92133],[14.69585,53.92081],[14.69586,53.91979],[14.69711,53.91866],[14.69798,53.91817],[14.69762,53.91774],[14.69762,53.91723],[14.69874,53.91674],[14.69775,53.91612],[14.6948,53.91607],[14.69209,53.91723],[14.69098,53.91801],[14.6905,53.91816],[14.69049,53.91829],[14.68784,53.91913],[14.6874,53.91913],[14.68568,53.91861],[14.68302,53.91734],[14.68117,53.91603],[14.68047,53.9154],[14.6803,53.91517],[14.68038,53.91502],[14.67972,53.91469],[14.67976,53.91439],[14.67909,53.91361],[14.67893,53.91309],[14.67913,53.91266],[14.67842,53.91204],[14.67832,53.9119],[14.67847,53.91182],[14.67801,53.91154],[14.67787,53.91116],[14.67675,53.91075],[14.67582,53.90936],[14.67543,53.90908],[14.67535,53.90887],[14.67593,53.90825],[14.6758,53.90793],[14.6755,53.90781],[14.67546,53.90742],[14.67534,53.90732],[14.67469,53.90744],[14.67445,53.90732],[14.67446,53.90707],[14.67417,53.90725],[14.67358,53.90711],[14.67312,53.90718],[14.67289,53.90693],[14.67195,53.90674],[14.67196,53.90622],[14.67167,53.90619],[14.67141,53.9059],[14.67129,53.90563],[14.67153,53.9055],[14.67134,53.9054],[14.6712,53.90493],[14.67119,53.90441],[14.67164,53.90412],[14.6713,53.90388],[14.6708,53.90388],[14.67115,53.9036],[14.6706,53.90371],[14.67027,53.90313],[14.6691,53.90289],[14.66795,53.9031],[14.66632,53.90312],[14.66549,53.90244],[14.66569,53.9023],[14.66532,53.90201],[14.66527,53.90176],[14.66436,53.90128],[14.66367,53.9013],[14.66324,53.90113],[14.66179,53.90145],[14.66086,53.9013],[14.66006,53.90136],[14.65952,53.90104],[14.65788,53.90077],[14.65726,53.90041],[14.65727,53.90017],[14.65645,53.89991],[14.65489,53.89978],[14.65422,53.89955],[14.65336,53.89841],[14.65256,53.89778],[14.65231,53.89717],[14.65211,53.89727],[14.65179,53.89713],[14.65077,53.89637],[14.65053,53.89604],[14.65078,53.89589],[14.65033,53.89558],[14.65043,53.89548],[14.65007,53.89505],[14.65024,53.89481],[14.64937,53.89466],[14.64878,53.89353],[14.64835,53.89328],[14.64792,53.89251],[14.64749,53.89225],[14.64738,53.89173],[14.64748,53.89092],[14.64642,53.89007],[14.64592,53.88888],[14.64537,53.88822],[14.64471,53.88773],[14.6445,53.88712],[14.64407,53.8866],[14.64355,53.88508],[14.6405,53.88428],[14.64007,53.88379],[14.63849,53.88018],[14.63805,53.87993],[14.63813,53.87979],[14.63758,53.87938],[14.63763,53.87918],[14.63737,53.8789],[14.63744,53.87855],[14.63798,53.87813],[14.63776,53.87775],[14.63789,53.87768],[14.63722,53.8773],[14.63753,53.87705],[14.63715,53.87657],[14.63715,53.87606],[14.63674,53.8754],[14.63702,53.87515],[14.63676,53.87493],[14.63655,53.87421],[14.63592,53.87365],[14.63598,53.87297],[14.6355,53.87243],[14.63617,53.87211],[14.63525,53.87167],[14.63488,53.87111],[14.63481,53.87055],[14.63394,53.87031],[14.63384,53.87012],[14.63396,53.87004],[14.63372,53.86987],[14.63382,53.86939],[14.63354,53.869],[14.63396,53.86856],[14.63375,53.86832],[14.63369,53.86775],[14.63403,53.86726],[14.63338,53.86718],[14.63329,53.8671],[14.63354,53.86693],[14.63345,53.86676],[14.63275,53.86628],[14.63354,53.86586],[14.6333,53.86571],[14.63315,53.86541],[14.63329,53.86523],[14.63279,53.86458],[14.63292,53.86441],[14.6324,53.86396],[14.63176,53.8627],[14.63115,53.86217],[14.63106,53.86176],[14.63128,53.86156],[14.63116,53.86088],[14.63085,53.86077],[14.63,53.85957],[14.62959,53.85939],[14.62869,53.85841],[14.62828,53.85819],[14.62844,53.85816],[14.62821,53.85789],[14.62814,53.85727],[14.62771,53.85667],[14.62737,53.85576],[14.62699,53.85545],[14.62692,53.85503],[14.62729,53.85405],[14.62782,53.85314],[14.62807,53.85296],[14.62786,53.852],[14.62764,53.85167],[14.62814,53.85111],[14.62734,53.85025],[14.62723,53.8499],[14.62681,53.84972],[14.62704,53.84939],[14.62685,53.84909],[14.62654,53.84913],[14.62647,53.84894],[14.62688,53.84886],[14.62684,53.84869],[14.62622,53.8487],[14.62622,53.84838],[14.62508,53.84728],[14.62428,53.84725],[14.62393,53.84678],[14.62434,53.84666],[14.6244,53.84626],[14.62417,53.84552],[14.62504,53.84419],[14.62505,53.84307],[14.62308,53.84037],[14.62205,53.83942],[14.62107,53.8389],[14.62053,53.83808],[14.6201,53.8349],[14.62068,53.83322],[14.62144,53.83307],[14.62165,53.83285],[14.62155,53.83263],[14.62166,53.83247],[14.62147,53.83258],[14.6204,53.83124],[14.62045,53.83103],[14.61998,53.83056],[14.61992,53.83025],[14.61942,53.83012],[14.61934,53.82987],[14.61853,53.82936],[14.61859,53.82916],[14.61789,53.82884],[14.61625,53.82849],[14.61643,53.82793],[14.61603,53.82837],[14.61462,53.82789],[14.6145,53.82767],[14.6132,53.82703],[14.61112,53.82639],[14.60951,53.82553],[14.6093,53.82527],[14.6079,53.82473],[14.60565,53.82244],[14.60574,53.82171],[14.60621,53.82081],[14.60646,53.81954],[14.60658,53.81858],[14.60642,53.81795],[14.60756,53.81697],[14.6074,53.81666],[14.6078,53.81638],[14.60758,53.81576],[14.6079,53.81561],[14.60764,53.81518],[14.60961,53.8138],[14.60971,53.81319],[14.60988,53.81305],[14.60981,53.81289],[14.60997,53.8127],[14.61047,53.81258],[14.61058,53.81208],[14.61162,53.81166],[14.61122,53.81162],[14.61141,53.81073],[14.61122,53.81032],[14.61145,53.8099],[14.61197,53.80974],[14.61129,53.80945],[14.61166,53.80926],[14.61087,53.80914],[14.61074,53.80852],[14.61092,53.80827],[14.61073,53.80799],[14.61087,53.80734],[14.61145,53.80705],[14.61167,53.80616],[14.61203,53.80592],[14.61245,53.80592],[14.61243,53.80565],[14.61287,53.80543],[14.61291,53.80509],[14.6133,53.80454],[14.61257,53.80418],[14.61259,53.80318],[14.61241,53.80236],[14.61305,53.80189],[14.61341,53.80202],[14.61374,53.80164],[14.61364,53.80143],[14.61309,53.80121],[14.61315,53.80104],[14.61278,53.80043],[14.6128,53.80003],[14.61331,53.7995],[14.6133,53.7991],[14.61285,53.79844],[14.61168,53.79749],[14.61176,53.79728],[14.6121,53.79715],[14.6128,53.7927],[14.61266,53.79244],[14.61269,53.79153],[14.61288,53.79084],[14.61307,53.79074],[14.6131,53.79018],[14.61293,53.78943],[14.61235,53.78915],[14.61219,53.78874],[14.61205,53.7873],[14.61185,53.78699],[14.61101,53.78681],[14.61068,53.78641],[14.61108,53.78512],[14.61294,53.78344],[14.61348,53.78328],[14.61327,53.78286],[14.61354,53.78256],[14.61316,53.78237],[14.61311,53.78213],[14.61338,53.78183],[14.61397,53.78177],[14.61429,53.78135],[14.61388,53.78104],[14.61431,53.78051],[14.61429,53.77996],[14.6141,53.77987],[14.61408,53.77893],[14.61426,53.77756],[14.61504,53.77716],[14.61502,53.77537],[14.6152,53.77507],[14.61564,53.77483],[14.61556,53.77442],[14.61521,53.77425],[14.61517,53.77402],[14.61595,53.77287],[14.6169,53.77275],[14.61682,53.77201],[14.61586,53.76907],[14.61429,53.76598],[14.61267,53.76384],[14.60945,53.76238],[14.60757,53.76172],[14.60651,53.76181],[14.60613,53.76209],[14.60574,53.76181],[14.6049,53.76233],[14.60389,53.76212],[14.60346,53.7625],[14.60307,53.76254],[14.60272,53.76254],[14.60224,53.76217],[14.6013,53.76213],[14.60037,53.76241],[14.59939,53.76242],[14.59582,53.76179],[14.59211,53.762],[14.5913,53.7626],[14.59039,53.7626],[14.59011,53.76232],[14.59013,53.76164],[14.58949,53.76111],[14.58952,53.76093],[14.58917,53.76052],[14.58872,53.76014],[14.58819,53.75997],[14.58808,53.75984],[14.58826,53.75951],[14.58781,53.75958],[14.5879,53.75864],[14.58828,53.75858],[14.58749,53.75768],[14.58723,53.75783],[14.58659,53.7571],[14.58677,53.75662],[14.58214,53.75471],[14.58179,53.75434],[14.58122,53.75442],[14.58072,53.75411],[14.57983,53.75418],[14.57978,53.75432],[14.58007,53.75454],[14.58019,53.75485],[14.57932,53.75528],[14.57864,53.75527],[14.57799,53.75492],[14.57768,53.75492],[14.57736,53.75523],[14.57627,53.75511],[14.57589,53.75522],[14.57511,53.75556],[14.57436,53.75624],[14.57389,53.75643],[14.57357,53.75685],[14.57311,53.75689],[14.57313,53.75731],[14.57377,53.75789],[14.57399,53.75833],[14.57439,53.75869],[14.57509,53.75878],[14.57516,53.75892],[14.57447,53.75919],[14.57402,53.75884],[14.57401,53.75867],[14.57379,53.75865],[14.57361,53.7588],[14.57198,53.75895],[14.57139,53.75928],[14.57097,53.75995],[14.57144,53.7607],[14.57119,53.76111],[14.57104,53.76194],[14.57056,53.7619],[14.56985,53.76238],[14.56926,53.7635],[14.56895,53.76379],[14.56908,53.76418],[14.56893,53.76433],[14.56778,53.76457],[14.56706,53.76384],[14.56623,53.7636],[14.5661,53.76333],[14.56547,53.76289],[14.56467,53.76267],[14.56485,53.76233],[14.56471,53.76169],[14.56458,53.76134],[14.56387,53.7607],[14.56358,53.75975],[14.56403,53.75914],[14.56428,53.75824],[14.56475,53.75817],[14.56477,53.7576],[14.56559,53.7569],[14.56665,53.75671],[14.56703,53.75646],[14.56708,53.7559],[14.56694,53.75569],[14.56567,53.75541],[14.56578,53.75503],[14.56411,53.75483],[14.56359,53.75513],[14.56301,53.75515],[14.56185,53.75593],[14.56252,53.75663],[14.56241,53.75694],[14.56274,53.75716],[14.56233,53.75756],[14.56194,53.75757],[14.56123,53.75711],[14.55961,53.75657],[14.55881,53.75652],[14.55773,53.75608],[14.55768,53.75588],[14.55715,53.75567],[14.55684,53.75524],[14.55763,53.75434],[14.55864,53.75375],[14.55896,53.75289],[14.55913,53.75279],[14.5591,53.75232],[14.55889,53.752],[14.5591,53.75156],[14.55879,53.75136],[14.55842,53.75072],[14.55856,53.74968],[14.55819,53.74944],[14.55808,53.74877],[14.5573,53.74805],[14.55716,53.74763],[14.5573,53.74701],[14.55706,53.74604],[14.55608,53.74528],[14.55548,53.74442],[14.55374,53.7441],[14.55376,53.74395],[14.55426,53.74373],[14.55463,53.74381],[14.55495,53.74413],[14.55526,53.74407],[14.55495,53.74375],[14.55493,53.74331],[14.55457,53.74299],[14.55456,53.74247],[14.55468,53.74239],[14.55448,53.74171],[14.55537,53.7392],[14.55469,53.73869],[14.55494,53.73823],[14.55472,53.73788],[14.5537,53.73758],[14.55323,53.73691],[14.55348,53.73638],[14.55323,53.73602],[14.55373,53.73584],[14.55301,53.73554],[14.55324,53.73505],[14.55288,53.73408],[14.55297,53.73358],[14.5518,53.73318],[14.55166,53.73298],[14.5518,53.7328],[14.5518,53.73218],[14.5511,53.73137],[14.55138,53.73112],[14.55138,53.73009],[14.55221,53.72966],[14.55156,53.729],[14.55058,53.72875],[14.55056,53.72858],[14.55104,53.7283],[14.55111,53.7279],[14.55025,53.72745],[14.55022,53.72709],[14.55002,53.72698],[14.55004,53.72623],[14.5493,53.72581],[14.54982,53.72509],[14.54954,53.72489],[14.54966,53.72453],[14.54929,53.72426],[14.54943,53.72388],[14.54921,53.72359],[14.54909,53.72296],[14.54936,53.72266],[14.54885,53.72264],[14.54839,53.72223],[14.54787,53.7222],[14.54775,53.72166],[14.54788,53.72152],[14.54784,53.72109],[14.54754,53.72103],[14.54795,53.72074],[14.5481,53.72087],[14.54852,53.72071],[14.54861,53.72009],[14.54833,53.71956],[14.54726,53.71913],[14.5467,53.71836],[14.54676,53.71815],[14.5472,53.71814],[14.54728,53.71778],[14.54694,53.71739],[14.5468,53.71692],[14.54703,53.71643],[14.54634,53.71595],[14.5466,53.71594],[14.54684,53.71568],[14.54677,53.71539],[14.5462,53.71467],[14.54578,53.71452],[14.54575,53.71396],[14.54458,53.71363],[14.54455,53.7132],[14.54485,53.71291],[14.54483,53.71266],[14.54454,53.71198],[14.54458,53.71146],[14.54422,53.71111],[14.54429,53.71075],[14.54375,53.71058],[14.54362,53.71042],[14.54375,53.71006],[14.54366,53.70988],[14.54319,53.70953],[14.54318,53.70933],[14.5427,53.70873],[14.54162,53.70776],[14.54103,53.70748],[14.54098,53.70675],[14.54065,53.70615],[14.53987,53.70545],[14.53949,53.70481],[14.53958,53.70451],[14.53922,53.70392],[14.53883,53.70228],[14.53884,53.70174],[14.53938,53.70166],[14.53967,53.70103],[14.54046,53.7005],[14.54261,53.69842],[14.5429,53.69791],[14.54286,53.69765],[14.54312,53.69741],[14.54284,53.69719],[14.54409,53.69664],[14.5444,53.69545],[14.54463,53.69527],[14.54458,53.69467],[14.54453,53.69447],[14.54362,53.69374],[14.54382,53.69331],[14.54482,53.69294],[14.54491,53.69279],[14.54427,53.69246],[14.54421,53.69225],[14.54443,53.69193],[14.54596,53.69149],[14.54611,53.69129],[14.54596,53.6906],[14.54513,53.69038],[14.54508,53.69002],[14.54523,53.68991],[14.54439,53.68973],[14.54445,53.68917],[14.54473,53.68909],[14.54465,53.68883],[14.54562,53.68839],[14.54628,53.68858],[14.54724,53.68828],[14.54744,53.68817],[14.54753,53.68781],[14.54703,53.68757],[14.54723,53.68738],[14.54727,53.68702],[14.54662,53.68706],[14.5467,53.68715],[14.54637,53.68735],[14.54618,53.68706],[14.54687,53.6862],[14.54685,53.6859],[14.54749,53.68541],[14.54737,53.68484],[14.54665,53.68482],[14.54447,53.68407],[14.54477,53.68375],[14.54429,53.68339],[14.54448,53.68276],[14.54437,53.68211],[14.54461,53.68154],[14.54456,53.68125],[14.54477,53.68137],[14.54484,53.6818],[14.54518,53.68212],[14.54506,53.68214],[14.54523,53.68238],[14.54504,53.68261],[14.54499,53.68313],[14.54574,53.68348],[14.54584,53.68362],[14.54573,53.68382],[14.54589,53.68373],[14.54629,53.6841],[14.54665,53.68409],[14.54725,53.68435],[14.54753,53.68363],[14.54743,53.68325],[14.54707,53.68294],[14.54706,53.6826],[14.54686,53.68244],[14.54629,53.68121],[14.54615,53.68059],[14.54582,53.68036],[14.54559,53.6798],[14.54531,53.67958],[14.54524,53.67918],[14.54501,53.679],[14.54524,53.67837],[14.54488,53.67767],[14.545,53.67726],[14.54422,53.67666],[14.54447,53.67601],[14.54672,53.67607],[14.54705,53.6758],[14.54769,53.67569],[14.54796,53.67553],[14.54804,53.67527],[14.54847,53.67512],[14.54827,53.67483],[14.54865,53.67428],[14.55119,53.67294],[14.55237,53.67256],[14.55236,53.67236],[14.55204,53.67211],[14.55291,53.67144],[14.55498,53.67072],[14.5551,53.67032],[14.55553,53.67024],[14.55593,53.66994],[14.55667,53.67006],[14.55714,53.66993],[14.55763,53.66947],[14.55822,53.66926],[14.5582,53.66888],[14.55905,53.66844],[14.55922,53.6682],[14.5599,53.66812],[14.56059,53.66778],[14.5612,53.66705],[14.56194,53.66661],[14.56262,53.66658],[14.56299,53.66626],[14.56403,53.66601],[14.56713,53.66601],[14.56891,53.66555],[14.56965,53.66557],[14.56977,53.66599],[14.5696,53.66631],[14.5698,53.66634],[14.56998,53.66604],[14.57023,53.66617],[14.5703,53.66557],[14.57034,53.66576],[14.57052,53.66576],[14.57119,53.66523],[14.57145,53.6645],[14.57138,53.66394],[14.56981,53.66285],[14.56858,53.66279],[14.56789,53.66258],[14.56791,53.66227],[14.5684,53.66207],[14.5679,53.66196],[14.56825,53.66079],[14.5688,53.66085],[14.56922,53.66059],[14.56994,53.65908],[14.57105,53.65878],[14.57336,53.65741],[14.5752,53.65663],[14.57752,53.65615],[14.58346,53.65451],[14.58439,53.6546],[14.58509,53.65488],[14.58516,53.65534],[14.58496,53.65538],[14.58526,53.65562],[14.58531,53.65627],[14.58603,53.65679],[14.58651,53.65666],[14.5864,53.6564],[14.58729,53.65637],[14.58909,53.65578],[14.59087,53.65549],[14.59162,53.65558],[14.59311,53.65544],[14.5942,53.65568],[14.59515,53.65555],[14.59763,53.65579],[14.5981,53.65626],[14.59996,53.65698],[14.60125,53.65718],[14.60275,53.65688],[14.60432,53.65741],[14.60401,53.65776],[14.60503,53.65812],[14.60668,53.65781],[14.60904,53.65652],[14.60907,53.65624],[14.61019,53.65456],[14.60968,53.65434],[14.60955,53.65407],[14.6098,53.65394],[14.60985,53.65366],[14.60942,53.65296],[14.60781,53.65262],[14.60718,53.65243],[14.60714,53.65229],[14.60766,53.65214],[14.60921,53.65217],[14.61036,53.6526],[14.61016,53.65238],[14.60944,53.6521],[14.60676,53.65191],[14.60665,53.65173],[14.60679,53.65123],[14.60591,53.65027],[14.60612,53.64999],[14.60614,53.64963],[14.60721,53.64953],[14.60818,53.64977],[14.60799,53.64979],[14.60804,53.64994],[14.61052,53.65157],[14.61223,53.65367],[14.61307,53.65401],[14.61395,53.65431],[14.61915,53.65471],[14.61712,53.65448],[14.61646,53.65423],[14.61609,53.65432],[14.61432,53.65418],[14.61296,53.65381],[14.61211,53.65327],[14.61049,53.65104],[14.61318,53.65189],[14.61449,53.65176],[14.6167,53.65134],[14.61904,53.64972],[14.61872,53.65011],[14.61872,53.65058],[14.61979,53.65083],[14.61995,53.65058],[14.61979,53.65016],[14.62,53.65003],[14.62036,53.64922],[14.61978,53.64898],[14.61993,53.64853],[14.62222,53.64916],[14.6223,53.64906],[14.62208,53.649],[14.62223,53.64878],[14.62004,53.64834],[14.62163,53.64721],[14.62199,53.64641],[14.62253,53.64642],[14.62324,53.64595],[14.62306,53.64533],[14.62275,53.64513],[14.62323,53.64465],[14.62295,53.64419],[14.62294,53.6437],[14.62237,53.64311],[14.62178,53.64281],[14.62153,53.64239],[14.62167,53.64211],[14.62116,53.64249],[14.61757,53.64265],[14.61687,53.64263],[14.61596,53.64215],[14.61504,53.64209],[14.61553,53.6415],[14.61552,53.641],[14.61507,53.64063],[14.61531,53.64038],[14.6151,53.63992],[14.61497,53.63977],[14.61455,53.63981],[14.61494,53.63932],[14.61432,53.63813],[14.61309,53.63776],[14.611,53.63753],[14.61403,53.63733],[14.61736,53.63559],[14.61877,53.63445],[14.61896,53.63404],[14.61852,53.63268],[14.61744,53.63136],[14.61799,53.63082],[14.618,53.63026],[14.61721,53.62978],[14.61675,53.62972],[14.61251,53.63087],[14.61064,53.63182],[14.61102,53.6318],[14.61065,53.63207],[14.60885,53.63206],[14.60839,53.63192],[14.60772,53.63134],[14.61006,53.63091],[14.61015,53.63041],[14.60988,53.63011],[14.61028,53.62976],[14.61041,53.62918],[14.60966,53.6287],[14.60921,53.62788],[14.60809,53.6274],[14.60775,53.62672],[14.60632,53.62645],[14.60383,53.62692],[14.60335,53.62654],[14.60309,53.62655],[14.60263,53.62668],[14.60191,53.62728],[14.60123,53.62747],[14.6003,53.62726],[14.60025,53.62737],[14.59831,53.62711],[14.59812,53.6272],[14.59647,53.62679],[14.59593,53.62686],[14.59455,53.62597],[14.59448,53.62554],[14.59468,53.62548],[14.59485,53.62515],[14.59337,53.62276],[14.59353,53.62183],[14.59336,53.62124],[14.59373,53.62007],[14.59376,53.61861],[14.59398,53.61777],[14.59371,53.61715],[14.59387,53.61658],[14.59352,53.6161],[14.59379,53.61513],[14.59373,53.61473],[14.59341,53.6143],[14.59335,53.61373],[14.59348,53.61351],[14.5932,53.61001],[14.59363,53.60924],[14.59411,53.60905],[14.5946,53.60794],[14.59508,53.60743],[14.59512,53.60689],[14.59576,53.6061],[14.59612,53.60444],[14.59635,53.60442],[14.59749,53.60334],[14.59759,53.60242],[14.59822,53.60136],[14.59819,53.6007],[14.59788,53.60057],[14.59823,53.6],[14.59848,53.60004],[14.59786,53.5998],[14.5979,53.59969],[14.59724,53.59903],[14.59768,53.59881],[14.59748,53.59847],[14.59839,53.5978],[14.59804,53.59669],[14.59766,53.59632],[14.59746,53.5953],[14.59701,53.59443],[14.59707,53.59382],[14.59741,53.59333],[14.59706,53.59268],[14.59683,53.59168],[14.59653,53.59144],[14.59673,53.59091],[14.59663,53.59019],[14.59718,53.58895],[14.59724,53.58808],[14.59777,53.58778],[14.59843,53.58765],[14.59879,53.58728],[14.59844,53.58624],[14.59856,53.58502],[14.59975,53.58359],[14.60039,53.58344],[14.59984,53.58313],[14.59955,53.58155],[14.59906,53.58038],[14.59894,53.57875],[14.59816,53.57818],[14.59768,53.57761],[14.59793,53.5743],[14.59826,53.57296],[14.59921,53.57203],[14.59962,53.57191],[14.5999,53.57151],[14.60041,53.56772],[14.60075,53.56701],[14.60229,53.56624],[14.60476,53.56575],[14.60595,53.56502],[14.60662,53.56318],[14.60708,53.56243],[14.60792,53.56181],[14.61075,53.56033],[14.6117,53.55951],[14.61205,53.5589],[14.61174,53.55799],[14.61282,53.55836],[14.61225,53.55797],[14.61166,53.55785],[14.61114,53.55699],[14.60983,53.55591],[14.60972,53.55572],[14.60989,53.55547],[14.60936,53.55443],[14.60964,53.5538],[14.61077,53.55324],[14.61213,53.55291],[14.61363,53.55287],[14.61816,53.552],[14.61793,53.55172],[14.61816,53.55161],[14.61861,53.55196],[14.62029,53.55134],[14.62256,53.55137],[14.62281,53.55128],[14.62286,53.55106],[14.62218,53.55076],[14.62251,53.55036],[14.62728,53.54839],[14.62933,53.54728],[14.63091,53.54585],[14.63136,53.54568],[14.63209,53.54567],[14.63439,53.54606],[14.63444,53.54587],[14.63229,53.54545],[14.63208,53.5451],[14.6329,53.54445],[14.63309,53.54411],[14.63373,53.54212],[14.63368,53.54178],[14.63408,53.54012],[14.6349,53.53727],[14.63539,53.53665],[14.63565,53.53603],[14.63565,53.53498],[14.63603,53.53447],[14.63595,53.53423],[14.63575,53.53426],[14.63531,53.53395],[14.6367,53.53367],[14.63748,53.53285],[14.63748,53.53227],[14.6366,53.53108],[14.63649,53.52976],[14.63636,53.52967],[14.63651,53.52959],[14.63648,53.52796],[14.63671,53.52758],[14.63659,53.52733],[14.63705,53.52686],[14.63682,53.52669],[14.63696,53.52656],[14.6383,53.52639],[14.63863,53.52643],[14.6388,53.52664],[14.63906,53.52648],[14.63845,53.52601],[14.63984,53.52535],[14.64208,53.52504],[14.64258,53.52527],[14.64097,53.5217],[14.63824,53.52229],[14.63812,53.52215],[14.63762,53.52238],[14.63637,53.52228],[14.63634,53.52175],[14.63572,53.52139],[14.63593,53.52078],[14.63541,53.51492],[14.63474,53.51465],[14.63484,53.51447],[14.63461,53.51407],[14.63472,53.51397],[14.63416,53.51276],[14.63348,53.51177],[14.63322,53.51098],[14.62473,53.49595],[14.62138,53.48922],[14.61736,53.48245],[14.61757,53.48232],[14.61747,53.48219],[14.61771,53.482],[14.61769,53.48171],[14.618,53.48124],[14.61792,53.48074],[14.61767,53.48043],[14.61759,53.47974],[14.61701,53.47914],[14.61698,53.47934],[14.61666,53.4792],[14.61643,53.47882],[14.6156,53.47868],[14.61567,53.47856],[14.61537,53.47866],[14.61495,53.47842],[14.61506,53.47819],[14.6145,53.47813],[14.61455,53.478],[14.6142,53.47782],[14.61442,53.47736],[14.6137,53.47683],[14.61327,53.47688],[14.61315,53.47664],[14.6121,53.47634],[14.6117,53.47561],[14.61194,53.4755],[14.61023,53.47456],[14.60922,53.47321],[14.60872,53.47298],[14.60805,53.4723],[14.60825,53.472],[14.60696,53.4714],[14.60593,53.46985],[14.60116,53.46133],[14.60109,53.46024],[14.60066,53.46022],[14.60049,53.46005],[14.60033,53.45964],[14.60045,53.45971],[14.60059,53.45949],[14.60049,53.45931],[14.60152,53.45927],[14.60154,53.45865],[14.60026,53.45836],[14.59991,53.45787],[14.59994,53.45758],[14.59948,53.45649],[14.5995,53.45608],[14.59925,53.45589],[14.59996,53.45589],[14.60034,53.45564],[14.60043,53.4553],[14.60031,53.45492],[14.5991,53.45429],[14.59849,53.4521],[14.59824,53.45196],[14.5982,53.45147],[14.59844,53.45122],[14.5979,53.45127],[14.59779,53.45069],[14.59755,53.45048],[14.59749,53.4502],[14.5977,53.45016],[14.59773,53.44986],[14.59755,53.44989],[14.59689,53.44791],[14.59679,53.44581],[14.59658,53.44536],[14.59667,53.44444],[14.59681,53.44441],[14.5969,53.44389],[14.59672,53.44392],[14.5976,53.44256],[14.59748,53.44249],[14.59773,53.4423],[14.59772,53.44201],[14.59842,53.44093],[14.59839,53.4407],[14.59894,53.44041],[14.59919,53.43969],[14.60033,53.43794],[14.60085,53.43748],[14.60106,53.43706],[14.60107,53.43632],[14.60126,53.43626],[14.60297,53.43368],[14.60299,53.43332],[14.60452,53.43071],[14.60447,53.43054],[14.60503,53.43025],[14.60534,53.42969],[14.60529,53.42942],[14.60589,53.4288],[14.60588,53.4283],[14.60641,53.42804],[14.60696,53.42708],[14.60728,53.42692],[14.60748,53.42655],[14.60742,53.42614],[14.60778,53.42564],[14.60755,53.42562],[14.60761,53.42531],[14.60794,53.4253],[14.60814,53.42562],[14.60833,53.42563],[14.60896,53.42348],[14.60926,53.42352],[14.60953,53.42329],[14.60969,53.42233],[14.61001,53.42172],[14.61117,53.42077],[14.61141,53.42025],[14.61116,53.42011],[14.61143,53.41923],[14.61165,53.41923],[14.61158,53.41905],[14.61174,53.41895],[14.61205,53.41916],[14.61235,53.41893],[14.61212,53.4188],[14.6122,53.41859],[14.61241,53.41862],[14.61282,53.41786],[14.61361,53.41691],[14.61359,53.4161],[14.61337,53.41567],[14.61343,53.4133],[14.61324,53.41317],[14.61322,53.41293],[14.61361,53.41289],[14.61367,53.41246],[14.61345,53.41222],[14.61356,53.41184],[14.61442,53.41175],[14.61699,53.41196],[14.61982,53.41293],[14.62248,53.41421],[14.62127,53.41084],[14.62083,53.41098],[14.61771,53.41026],[14.61252,53.4103],[14.61216,53.40957],[14.61169,53.40965],[14.6099,53.40585],[14.60879,53.40595],[14.60851,53.4033],[14.60767,53.40333],[14.60699,53.40102],[14.6056,53.40117],[14.60515,53.40424],[14.60433,53.40429],[14.60594,53.40561],[14.60571,53.4057],[14.60411,53.4044],[14.60254,53.40512],[14.60487,53.40707],[14.60476,53.40714],[14.60335,53.40754],[14.60245,53.40755],[14.59651,53.40574],[14.59552,53.40557],[14.59535,53.40609],[14.59973,53.40735],[14.6008,53.4077],[14.60077,53.40783],[14.59235,53.40934],[14.59258,53.41005],[14.59337,53.41012],[14.60078,53.40882],[14.60661,53.40818],[14.6078,53.40915],[14.60785,53.41025],[14.60118,53.41102],[14.59476,53.41218],[14.58577,53.4124],[14.58493,53.41212],[14.58349,53.41131],[14.58318,53.4115],[14.5845,53.41225],[14.58111,53.41273],[14.57574,53.41436],[14.57543,53.41399],[14.5752,53.41406],[14.57549,53.41444],[14.57283,53.41548],[14.57022,53.41622],[14.56834,53.41645],[14.56839,53.41723],[14.5718,53.41673],[14.57337,53.41637],[14.57367,53.41611],[14.57842,53.41444],[14.58068,53.41387],[14.58273,53.41352],[14.58395,53.41349],[14.5853,53.41391],[14.58627,53.41607],[14.58614,53.41609],[14.58907,53.42255],[14.58912,53.42364],[14.58895,53.42372],[14.5859,53.42151],[14.58559,53.42161],[14.58553,53.42181],[14.58633,53.42239],[14.58628,53.42263],[14.5887,53.42439],[14.58853,53.42487],[14.5893,53.42529],[14.58979,53.42543],[14.59097,53.42491],[14.59158,53.42448],[14.59163,53.42389],[14.59372,53.42345],[14.59412,53.42357],[14.59433,53.42338],[14.59695,53.4231],[14.5971,53.42333],[14.59737,53.42333],[14.59729,53.42306],[14.6005,53.42271],[14.60286,53.42283],[14.60436,53.42322],[14.60548,53.42376],[14.60572,53.42429],[14.60518,53.42549],[14.60418,53.42661],[14.60401,53.42711],[14.60256,53.42925],[14.60279,53.42931],[14.60138,53.43118],[14.59952,53.43468],[14.59878,53.43518],[14.59834,53.43692],[14.5977,53.43798],[14.59704,53.43897],[14.5949,53.44038],[14.59211,53.44038],[14.59102,53.44011],[14.59077,53.43965],[14.59041,53.43949],[14.58519,53.42778],[14.5823,53.42824],[14.58642,53.43756],[14.58423,53.43819],[14.58301,53.43605],[14.58222,53.43618],[14.58079,53.43504],[14.58006,53.43294],[14.57899,53.42898],[14.57452,53.4186],[14.57306,53.41883],[14.57551,53.42428],[14.57433,53.42467],[14.57317,53.4239],[14.57155,53.42238],[14.5702,53.41936],[14.56876,53.41959],[14.57053,53.42357],[14.57697,53.42755],[14.5776,53.42895],[14.57749,53.42907],[14.5681,53.4263],[14.56671,53.42547],[14.56533,53.42621],[14.56627,53.42842],[14.56674,53.42904],[14.56919,53.43098],[14.57462,53.43411],[14.57452,53.43418],[14.57535,53.43442],[14.57821,53.43605],[14.58058,53.43758],[14.58179,53.43873],[14.58197,53.43903],[14.58177,53.43908],[14.58233,53.44057],[14.58101,53.44058],[14.58059,53.44066],[14.58053,53.44089],[14.58244,53.44109],[14.58237,53.44196],[14.58313,53.44227],[14.58236,53.44199],[14.58233,53.44221],[14.58258,53.44232],[14.58214,53.44273],[14.58222,53.44285],[14.58205,53.44298],[14.58218,53.44312],[14.58197,53.44326],[14.58235,53.44343],[14.58468,53.44798],[14.58451,53.44823],[14.58571,53.44858],[14.58522,53.44847],[14.58465,53.44926],[14.58573,53.44941],[14.58585,53.44957],[14.5852,53.4497],[14.5853,53.44988],[14.58601,53.44975],[14.58554,53.44989],[14.58568,53.45008],[14.58619,53.44996],[14.58816,53.45249],[14.5871,53.4527],[14.58719,53.45289],[14.58833,53.45277],[14.58901,53.45356],[14.58904,53.4542],[14.58858,53.45431],[14.58865,53.45442],[14.58921,53.4543],[14.58976,53.45475],[14.58753,53.45517],[14.58673,53.45491],[14.58725,53.45589],[14.58742,53.45585],[14.58741,53.45556],[14.58766,53.4553],[14.58984,53.45486],[14.59051,53.4557],[14.59016,53.45581],[14.59023,53.4559],[14.59061,53.45579],[14.59276,53.45767],[14.59142,53.45804],[14.59179,53.45837],[14.59313,53.45801],[14.59445,53.45898],[14.59559,53.45954],[14.59548,53.45964],[14.59599,53.45995],[14.59711,53.46111],[14.59682,53.4616],[14.59723,53.4619],[14.59747,53.46189],[14.59698,53.46219],[14.5972,53.46228],[14.59761,53.46201],[14.59939,53.4644],[14.59846,53.4648],[14.59864,53.46497],[14.59936,53.46477],[14.59924,53.4646],[14.59956,53.46452],[14.60071,53.46615],[14.59985,53.46631],[14.60005,53.46656],[14.60081,53.46636],[14.60078,53.46623],[14.6012,53.46691],[14.60099,53.46697],[14.60149,53.46823],[14.60172,53.46824],[14.60184,53.46854],[14.60139,53.46866],[14.6012,53.46846],[14.60026,53.46872],[14.60049,53.46901],[14.60031,53.46906],[14.60057,53.46912],[14.60188,53.46865],[14.60224,53.4695],[14.60204,53.47013],[14.60237,53.47039],[14.60211,53.47071],[14.60223,53.47107],[14.60251,53.47132],[14.60263,53.47186],[14.60304,53.47188],[14.60408,53.47257],[14.60437,53.47259],[14.6043,53.4728],[14.60536,53.47381],[14.60511,53.47391],[14.6047,53.47371],[14.60402,53.47397],[14.60482,53.47472],[14.60567,53.47444],[14.60521,53.474],[14.60546,53.47392],[14.60598,53.47451],[14.60623,53.47558],[14.60658,53.47596],[14.60768,53.4766],[14.60897,53.47702],[14.60972,53.47749],[14.61005,53.47749],[14.61281,53.47924],[14.61065,53.47996],[14.61076,53.48011],[14.61281,53.47958],[14.61391,53.48118],[14.61444,53.48245],[14.61412,53.48266],[14.61415,53.48281],[14.61444,53.48279],[14.61458,53.48394],[14.61309,53.48404],[14.61318,53.48418],[14.61461,53.48411],[14.61445,53.48486],[14.61421,53.4851],[14.61316,53.48521],[14.61319,53.48547],[14.61423,53.48519],[14.61454,53.48741],[14.61468,53.4874],[14.61557,53.4888],[14.61761,53.49239],[14.61878,53.49349],[14.61732,53.49379],[14.61892,53.4936],[14.62212,53.49687],[14.62179,53.49699],[14.62201,53.49731],[14.62182,53.49743],[14.62203,53.4979],[14.6233,53.49879],[14.62297,53.49945],[14.62417,53.50175],[14.62448,53.50216],[14.62504,53.50246],[14.62504,53.5026],[14.62556,53.50272],[14.62574,53.50353],[14.6263,53.50408],[14.62629,53.50441],[14.62584,53.50462],[14.62591,53.50489],[14.62723,53.50597],[14.62726,53.50618],[14.62668,53.50637],[14.62697,53.50681],[14.62748,53.50683],[14.62766,53.50719],[14.62724,53.50817],[14.62326,53.50833],[14.62736,53.50855],[14.62829,53.50903],[14.62712,53.51169],[14.62695,53.51173],[14.62693,53.51191],[14.62725,53.51215],[14.62589,53.51561],[14.62195,53.51545],[14.62195,53.51558],[14.62582,53.51578],[14.62562,53.51887],[14.62706,53.51926],[14.62726,53.51992],[14.62817,53.52095],[14.62799,53.52142],[14.62807,53.52161],[14.62832,53.52159],[14.62875,53.52244],[14.62869,53.52264],[14.62926,53.52314],[14.62942,53.52436],[14.62922,53.52468],[14.62599,53.52377],[14.62919,53.52495],[14.62953,53.5253],[14.62516,53.5239],[14.62221,53.52349],[14.62053,53.52356],[14.62011,53.52335],[14.61496,53.52581],[14.61114,53.52839],[14.61107,53.52787],[14.60909,53.52416],[14.60895,53.52421],[14.60908,53.52464],[14.60964,53.5257],[14.60964,53.526],[14.60877,53.52569],[14.60686,53.52548],[14.60689,53.52574],[14.60473,53.52655],[14.60516,53.52659],[14.6071,53.5259],[14.60758,53.52589],[14.60931,53.52613],[14.61002,53.52652],[14.6104,53.52743],[14.61052,53.52953],[14.61185,53.53602],[14.61229,53.53636],[14.61262,53.53719],[14.61264,53.53862],[14.61232,53.53959],[14.6093,53.54428],[14.60914,53.54716],[14.60883,53.54748],[14.60863,53.54806],[14.60769,53.54905],[14.6065,53.54964],[14.60538,53.55068],[14.60387,53.55084],[14.60375,53.55106],[14.6041,53.5512],[14.60334,53.55132],[14.60336,53.55147],[14.60294,53.55145],[14.60141,53.55198],[14.6001,53.55218],[14.59978,53.55232],[14.60006,53.55238],[14.59964,53.55252],[14.59916,53.55242],[14.59874,53.55257],[14.5977,53.55308],[14.59815,53.55325],[14.59762,53.5534],[14.5973,53.55321],[14.59407,53.55489],[14.59366,53.55483],[14.59362,53.55466],[14.59301,53.55478],[14.5922,53.55439],[14.59047,53.55419],[14.58971,53.55428],[14.58568,53.55552],[14.58523,53.5555],[14.58513,53.55561],[14.58542,53.5558],[14.58417,53.55643],[14.58208,53.55786],[14.58314,53.55836],[14.58397,53.55803],[14.58405,53.55785],[14.58442,53.55781],[14.58437,53.55738],[14.58506,53.55708],[14.58542,53.55661],[14.58995,53.55528],[14.59066,53.55521],[14.59171,53.55545],[14.59172,53.55527],[14.59227,53.55531],[14.59463,53.55578],[14.59503,53.556],[14.59529,53.5564],[14.59513,53.55686],[14.59421,53.55736],[14.59436,53.55798],[14.59283,53.55905],[14.59188,53.56007],[14.59184,53.56029],[14.59213,53.56037],[14.58977,53.56385],[14.5893,53.56374],[14.58642,53.56798],[14.58668,53.56836],[14.58653,53.56858],[14.58694,53.56866],[14.58679,53.56885],[14.58698,53.56894],[14.58699,53.56923],[14.58636,53.57],[14.58629,53.5703],[14.58653,53.57035],[14.58623,53.57099],[14.58574,53.57123],[14.58594,53.57133],[14.58564,53.57191],[14.58578,53.57226],[14.58571,53.57276],[14.58547,53.57298],[14.58562,53.57354],[14.58531,53.57445],[14.58528,53.57649],[14.58465,53.57776],[14.58331,53.57822],[14.58209,53.57778],[14.58136,53.57786],[14.57451,53.57659],[14.5749,53.57643],[14.57554,53.57525],[14.57512,53.57498],[14.57444,53.57507],[14.5742,53.57527],[14.57384,53.57593],[14.57384,53.57614],[14.57419,53.57639],[14.57399,53.57648],[14.56692,53.57469],[14.56581,53.57377],[14.55853,53.572],[14.55775,53.57316],[14.56348,53.57453],[14.56401,53.57447],[14.5666,53.57499],[14.57277,53.57671],[14.58108,53.5782],[14.58324,53.57939],[14.5828,53.58046],[14.58206,53.5812],[14.58261,53.58143],[14.58171,53.58238],[14.58166,53.58324],[14.58198,53.58457],[14.5829,53.58709],[14.58255,53.5881],[14.58263,53.58851],[14.5825,53.58854],[14.58245,53.58916],[14.5826,53.59066],[14.58302,53.59167],[14.58292,53.59184],[14.58334,53.59397],[14.58347,53.59581],[14.58242,53.59735],[14.58223,53.59788],[14.58114,53.59826],[14.58102,53.5989],[14.58112,53.59964],[14.58048,53.60038],[14.57778,53.60111],[14.57524,53.60261],[14.57507,53.60242],[14.57424,53.60222],[14.5739,53.60178],[14.57297,53.60153],[14.57226,53.60115],[14.5715,53.59991],[14.57094,53.59976],[14.5707,53.59902],[14.56991,53.59906],[14.57019,53.59951],[14.56995,53.59969],[14.56854,53.59973],[14.56823,53.59988],[14.56803,53.60031],[14.57059,53.60106],[14.57036,53.60129],[14.57095,53.60272],[14.57129,53.60322],[14.57202,53.60384],[14.57218,53.60456],[14.57198,53.60546],[14.57216,53.6058],[14.57188,53.60595],[14.57014,53.608],[14.56918,53.60924],[14.56868,53.61031],[14.5675,53.6115],[14.56755,53.6116],[14.5634,53.61551],[14.56226,53.61622],[14.56212,53.61645],[14.56217,53.61692],[14.56191,53.6173],[14.56134,53.61807],[14.56092,53.61834],[14.56088,53.61871],[14.55941,53.62016],[14.55945,53.62072],[14.55932,53.62091],[14.55834,53.62177],[14.55758,53.62205],[14.55765,53.62227],[14.55748,53.6227],[14.55725,53.62276],[14.55653,53.62363],[14.55575,53.62557],[14.55515,53.62618],[14.55462,53.62709],[14.55391,53.62742],[14.55323,53.62735],[14.5532,53.62747],[14.55391,53.62754],[14.5539,53.62776],[14.55232,53.6307],[14.55047,53.63353],[14.54978,53.63498],[14.54806,53.63707],[14.54784,53.6377],[14.54684,53.63887],[14.54683,53.63917],[14.54648,53.63943],[14.54641,53.63985],[14.54596,53.64012],[14.54607,53.64027],[14.54578,53.64058],[14.54541,53.64063],[14.54364,53.6431],[14.54278,53.6454],[14.54193,53.64634],[14.53902,53.64806],[14.53683,53.64868],[14.53602,53.6487],[14.53538,53.64897],[14.53516,53.64937],[14.53423,53.64968],[14.53194,53.65137],[14.53109,53.65181],[14.53102,53.65271],[14.53195,53.65389],[14.53103,53.65488],[14.53059,53.65508],[14.53059,53.65529],[14.52939,53.65542],[14.52796,53.65601],[14.52795,53.65619],[14.52747,53.6564],[14.5267,53.65651],[14.52623,53.65687],[14.5258,53.65684],[14.52475,53.65739],[14.52448,53.65785],[14.52314,53.65896],[14.52305,53.65925],[14.52266,53.65854],[14.52203,53.65804],[14.52204,53.6579],[14.52145,53.65816],[14.52085,53.65816],[14.51999,53.65739],[14.51961,53.65752],[14.52026,53.65826],[14.51962,53.6585],[14.5189,53.65767],[14.51871,53.65773],[14.51943,53.65856],[14.51849,53.65888],[14.51885,53.65927],[14.52011,53.65884],[14.52094,53.65961],[14.51832,53.66064],[14.51739,53.66008],[14.51451,53.66197],[14.51524,53.66247],[14.51361,53.66322],[14.51272,53.66338],[14.51261,53.66363],[14.51218,53.66377],[14.5106,53.66497],[14.51036,53.66572],[14.509,53.66589],[14.50825,53.66626],[14.50649,53.66672],[14.50458,53.66682],[14.50344,53.66722],[14.4996,53.66778],[14.49858,53.66807],[14.49673,53.66811],[14.49412,53.66779],[14.49233,53.66782],[14.49132,53.66812],[14.49014,53.66894],[14.489,53.66876],[14.4834,53.67026],[14.48299,53.67061],[14.48255,53.67062],[14.48141,53.67106],[14.47957,53.67128],[14.47731,53.6719],[14.47622,53.67194],[14.47496,53.67236],[14.46605,53.67368],[14.46499,53.67354],[14.46369,53.6736],[14.46341,53.67385],[14.4627,53.67409],[14.4615,53.67423],[14.46066,53.67408],[14.45987,53.67444],[14.45652,53.67472],[14.45612,53.67492],[14.45222,53.67507],[14.44899,53.67499],[14.44802,53.67534],[14.44584,53.67544],[14.44296,53.67596],[14.43733,53.67597],[14.4341,53.67641],[14.43197,53.67627],[14.43122,53.67645],[14.42998,53.67636],[14.42698,53.67667],[14.42553,53.67653],[14.42475,53.67661],[14.42454,53.67682],[14.42118,53.67667],[14.41923,53.67689],[14.41853,53.67719],[14.41727,53.67717],[14.41688,53.67739],[14.41532,53.67755],[14.41522,53.67769],[14.41382,53.67768],[14.40977,53.67841],[14.40861,53.67892],[14.4082,53.67885],[14.40716,53.6794],[14.40497,53.68005],[14.40426,53.68072],[14.40193,53.68125],[14.40148,53.6816],[14.40025,53.68214],[14.39964,53.68218],[14.39742,53.6833],[14.39518,53.68378],[14.39384,53.68482],[14.3935,53.68492],[14.39348,53.68507],[14.3928,53.68511],[14.39214,53.68549],[14.39216,53.68563],[14.39168,53.68583],[14.39146,53.68576],[14.39116,53.68611],[14.3903,53.68628],[14.38856,53.68708],[14.38805,53.68786],[14.38578,53.68937],[14.38558,53.68976],[14.38515,53.68988],[14.38509,53.69008],[14.3835,53.69127],[14.38296,53.69141],[14.38261,53.69198],[14.38116,53.6925],[14.38081,53.693],[14.38061,53.693],[14.38011,53.69345],[14.3791,53.69395],[14.37897,53.69422],[14.37805,53.6946],[14.37753,53.69521],[14.37753,53.69545],[14.37601,53.69563],[14.37431,53.6965],[14.37346,53.69672],[14.37274,53.69723],[14.36947,53.69856],[14.36778,53.69891],[14.36721,53.69918],[14.36667,53.69912],[14.36704,53.69931],[14.36651,53.69997],[14.36605,53.70012],[14.3606,53.70391],[14.35952,53.70433],[14.35686,53.70597],[14.35585,53.70633],[14.35455,53.70724],[14.35442,53.7076],[14.35271,53.70847],[14.35052,53.71035],[14.34766,53.71224],[14.34676,53.71304],[14.34604,53.71339],[14.34572,53.71397],[14.34499,53.71428],[14.34499,53.7145],[14.34394,53.71551],[14.34334,53.71585],[14.34323,53.71646],[14.34242,53.71707],[14.34173,53.71799],[14.34106,53.71836],[14.34082,53.71867],[14.34088,53.71884],[14.34016,53.7196],[14.34001,53.72022],[14.33933,53.7206],[14.3393,53.72124],[14.33786,53.72235],[14.33759,53.72285],[14.33763,53.72332],[14.33722,53.72348],[14.33656,53.72413],[14.33635,53.72468],[14.33644,53.72519],[14.33599,53.72538],[14.33573,53.72601],[14.33623,53.72666],[14.33604,53.72693],[14.33552,53.72696],[14.33493,53.72734],[14.33431,53.72801],[14.33422,53.72834],[14.33436,53.72887],[14.33359,53.72981],[14.33351,53.73024],[14.33285,53.73073],[14.33257,53.73122],[14.33238,53.73174],[14.33251,53.73252],[14.33219,53.73302],[14.33167,53.73332],[14.33144,53.73367],[14.33033,53.7342],[14.32648,53.73529],[14.32568,53.73577],[14.32423,53.73614],[14.32243,53.73605],[14.32208,53.73667],[14.32165,53.73702],[14.32082,53.73688],[14.31866,53.73733],[14.31688,53.73812],[14.31671,53.73825],[14.31683,53.73845],[14.31612,53.7388],[14.31532,53.73859],[14.31413,53.73867],[14.31371,53.73882],[14.31356,53.73913],[14.31238,53.73933],[14.31217,53.73962],[14.31192,53.73968],[14.31161,53.73944],[14.3107,53.73945],[14.31012,53.73975],[14.30994,53.74005],[14.30907,53.73992],[14.30823,53.74002],[14.30711,53.74038],[14.30537,53.74124],[14.30523,53.74148],[14.30414,53.7417],[14.30275,53.74165],[14.30201,53.74192],[14.30136,53.74252],[14.30164,53.74296],[14.30109,53.74311],[14.3005,53.74291],[14.29934,53.74334],[14.29868,53.74318],[14.2975,53.74356],[14.29746,53.74337],[14.29674,53.7435],[14.29629,53.74334],[14.29535,53.74332],[14.29476,53.74347],[14.29469,53.74362],[14.29346,53.74364],[14.2932,53.74344],[14.29278,53.74367],[14.29284,53.74379],[14.29225,53.74385],[14.29155,53.74357],[14.28987,53.74381],[14.28874,53.7438],[14.28673,53.74337],[14.28538,53.74252],[14.28508,53.74205],[14.28533,53.74148],[14.28631,53.74119],[14.29043,53.74198],[14.29334,53.74173],[14.295,53.74203],[14.29548,53.74197],[14.29602,53.74172],[14.29575,53.74113],[14.29506,53.74083],[14.29398,53.74079],[14.29361,53.73978],[14.29323,53.73941],[14.29341,53.73911],[14.29627,53.73883],[14.29884,53.73905],[14.3006,53.73829],[14.30192,53.73808],[14.30293,53.73764],[14.30265,53.73653],[14.30325,53.73648],[14.3032,53.73626],[14.30214,53.73621],[14.30175,53.73599],[14.30078,53.73603],[14.30031,53.73618],[14.30013,53.73633],[14.30019,53.73646],[14.29995,53.7365],[14.29977,53.73635],[14.29949,53.73582],[14.29962,53.7354],[14.29914,53.73374],[14.29865,53.73278],[14.29871,53.73214],[14.29905,53.73127],[14.30065,53.73034],[14.30208,53.73005],[14.30253,53.72962],[14.30259,53.72949],[14.30238,53.7293],[14.30026,53.72885],[14.30002,53.72864],[14.30131,53.72792],[14.30268,53.72757],[14.30327,53.72666],[14.30324,53.72627],[14.30162,53.72607],[14.30028,53.72571],[14.29963,53.72573],[14.29828,53.72591],[14.29669,53.72681],[14.29581,53.7269],[14.29476,53.72637],[14.29303,53.72633],[14.29164,53.72527],[14.29009,53.72494],[14.28984,53.72477],[14.28726,53.72521],[14.28624,53.72508],[14.28461,53.72531],[14.28371,53.72578],[14.28336,53.72574],[14.28208,53.7262],[14.28199,53.72669],[14.28175,53.72667],[14.28185,53.72617],[14.27873,53.7267],[14.27791,53.72702],[14.27736,53.72695],[14.27686,53.72653],[14.27671,53.72613],[14.27687,53.72555],[14.2775,53.72518],[14.27806,53.72439],[14.27964,53.72311],[14.2803,53.72281],[14.28279,53.72227],[14.28556,53.72084],[14.2857,53.7205],[14.2866,53.72014],[14.28959,53.71989],[14.29011,53.72007],[14.29133,53.71977],[14.29179,53.71989],[14.29241,53.71962],[14.29311,53.71987],[14.2939,53.71957],[14.29421,53.71991],[14.29469,53.7199],[14.29655,53.71939],[14.29747,53.71991],[14.29742,53.72029],[14.29984,53.72049],[14.30037,53.72015],[14.30056,53.72019],[14.30229,53.71902],[14.30257,53.71841],[14.3029,53.71817],[14.30297,53.71775],[14.30344,53.71754],[14.30384,53.71709],[14.30419,53.71627],[14.30475,53.7158],[14.30542,53.71556],[14.30667,53.71441],[14.30764,53.71414],[14.3079,53.7138],[14.30794,53.71356],[14.30776,53.7135],[14.30801,53.71303],[14.30892,53.71237],[14.30954,53.71144],[14.30966,53.71097],[14.30941,53.71025],[14.30973,53.70987],[14.30968,53.70958],[14.30917,53.70925],[14.30941,53.70903],[14.30979,53.70901],[14.30939,53.70852],[14.30974,53.70809],[14.30978,53.70743],[14.30966,53.70707],[14.30934,53.70676],[14.30832,53.70605],[14.30841,53.70588],[14.30902,53.70569],[14.30891,53.70524],[14.30907,53.70519],[14.30877,53.70489],[14.30856,53.70432],[14.30864,53.70406],[14.30742,53.70177],[14.30601,53.70109],[14.30488,53.70003],[14.30394,53.69956],[14.30063,53.69872],[14.29815,53.69874],[14.2956,53.69844],[14.29329,53.69847],[14.29185,53.69813],[14.29059,53.69817],[14.29001,53.69801],[14.28791,53.69805],[14.28526,53.69833],[14.28419,53.69864],[14.28295,53.6982],[14.28012,53.69855],[14.27856,53.69932],[14.27453,53.69994],[14.27323,53.69931],[14.27173,53.69916],[14.27084,53.69858],[14.26956,53.6981],[14.2687,53.69801],[14.26733,53.69819],[14.26768,53.69752],[14.26867,53.69686],[14.26902,53.69623],[14.27049,53.69553],[14.27197,53.6936],[14.27172,53.69265],[14.27278,53.69082],[14.27277,53.69042],[14.27204,53.68963],[14.27212,53.6895],[14.27416,53.68935],[14.27509,53.68895],[14.27526,53.68864],[14.27478,53.68743],[14.27486,53.68731],[14.27597,53.68674],[14.27623,53.68632],[14.27686,53.68595],[14.27963,53.68496],[14.28108,53.68481],[14.2816,53.68455],[14.28249,53.68402],[14.28273,53.68342],[14.2837,53.68259],[14.28325,53.68156],[14.28354,53.68041],[14.28286,53.67885],[14.28312,53.67695],[14.28255,53.67574],[14.28242,53.67463],[14.28197,53.67412],[14.28107,53.67358],[14.28116,53.67296],[14.27936,53.6722],[14.27845,53.67116],[14.27784,53.67087],[14.27741,53.67085],[14.27732,53.67044],[14.27707,53.67022],[14.27728,53.66986],[14.27716,53.66969],[14.27671,53.66949],[14.2763,53.66951],[14.27587,53.66982],[14.27467,53.66948],[14.27453,53.66905],[14.27393,53.66878],[14.27382,53.66853],[14.2724,53.66814],[14.27147,53.66754],[14.27156,53.6673],[14.27066,53.66668],[14.27104,53.66634],[14.27077,53.66599],[14.27108,53.66473],[14.27159,53.66448],[14.27222,53.66341],[14.27343,53.6631],[14.27434,53.6631],[14.27559,53.66246],[14.2763,53.66243],[14.27784,53.663],[14.27908,53.66309],[14.27981,53.66277],[14.27956,53.66257],[14.27968,53.66221],[14.28058,53.66144],[14.28208,53.6605],[14.28251,53.66045],[14.28289,53.66001],[14.28326,53.6599],[14.28338,53.65974],[14.28318,53.65947],[14.28328,53.65936],[14.28426,53.65908],[14.28479,53.65869],[14.28453,53.64349],[14.28377,53.63768],[14.2839,53.63445],[14.29218,53.62947],[14.30123,53.62371],[14.31111,53.61846],[14.31695,53.61806],[14.31541,53.60516],[14.31188,53.57973],[14.31189,53.57678],[14.31225,53.57371],[14.31219,53.57207],[14.31386,53.56508],[14.30533,53.55717],[14.30448,53.55618],[14.30261,53.5534],[14.30646,53.55161],[14.30725,53.5514],[14.30669,53.54942],[14.30628,53.5457],[14.30575,53.54357],[14.31185,53.5397],[14.31586,53.53694],[14.31937,53.52983],[14.31578,53.52515],[14.31662,53.52296],[14.3184,53.52046],[14.31916,53.52024],[14.32206,53.51527],[14.32486,53.50901],[14.32694,53.50382],[14.33212,53.5013],[14.34289,53.49876],[14.35065,53.496],[14.3542,53.48863],[14.35352,53.48228],[14.35487,53.47695],[14.35517,53.4743],[14.35696,53.47005],[14.35691,53.46394],[14.35633,53.46204],[14.35805,53.45733],[14.36049,53.45675],[14.36646,53.45686],[14.37127,53.45644],[14.37176,53.45497],[14.37113,53.45324],[14.37091,53.44891],[14.37189,53.44782],[14.37099,53.44158],[14.37067,53.43795],[14.36866,53.4326],[14.36976,53.42398],[14.37255,53.41953],[14.37301,53.41824],[14.3734,53.41589],[14.37333,53.40895],[14.37491,53.40624],[14.37791,53.40187],[14.38928,53.38783],[14.39484,53.37572],[14.39538,53.36924],[14.39432,53.36489],[14.39313,53.35856],[14.39029,53.35375],[14.39267,53.35255],[14.39536,53.35173],[14.39997,53.34985],[14.4055,53.34708],[14.40688,53.33999],[14.40833,53.33573],[14.41125,53.33159],[14.41222,53.32953],[14.41545,53.32437],[14.41426,53.32128],[14.4068,53.30871],[14.40899,53.30688],[14.40989,53.30565],[14.41491,53.30194],[14.41735,53.28853],[14.4212,53.27614],[14.43442,53.27583],[14.44525,53.27444],[14.44471,53.27354],[14.44431,53.27243],[14.44503,53.27122],[14.44895,53.26674],[14.45012,53.26417],[14.45057,53.26225],[14.45026,53.26056],[14.4496,53.25946],[14.44757,53.2582],[14.4453,53.25725],[14.4428,53.25581],[14.43597,53.24959],[14.43521,53.24871],[14.43455,53.24706],[14.43422,53.24439],[14.43374,53.24212],[14.43279,53.24099],[14.43081,53.23913],[14.42883,53.23789],[14.42527,53.2362],[14.42304,53.23536],[14.42121,53.23428],[14.41642,53.23055],[14.414,53.22811],[14.41042,53.22528],[14.4085,53.2232],[14.4079,53.22013],[14.4079,53.21746],[14.4076,53.2157],[14.40751,53.21382],[14.40699,53.21219],[14.40586,53.21073],[14.40366,53.20901],[14.40162,53.20776],[14.39932,53.2068],[14.39667,53.20605],[14.39376,53.20563],[14.39219,53.20579],[14.39047,53.20571],[14.38579,53.205],[14.38376,53.20452],[14.38065,53.20349],[14.37913,53.20285],[14.37727,53.20175],[14.37666,53.19731],[14.37582,53.19536],[14.37545,53.193],[14.37564,53.19173],[14.37458,53.18782],[14.37268,53.18489],[14.36975,53.18181],[14.37022,53.18073],[14.36993,53.17972],[14.36787,53.17519],[14.36641,53.17268],[14.36626,53.17199],[14.3679,53.16749],[14.36943,53.16527],[14.36982,53.16425],[14.3698,53.16195],[14.36959,53.1606],[14.37111,53.15729],[14.37371,53.15433],[14.37769,53.15088],[14.37968,53.1495],[14.38256,53.14601],[14.38728,53.14239],[14.38532,53.1398],[14.38469,53.13817],[14.38325,53.13697],[14.3831,53.13656],[14.38309,53.13605],[14.38365,53.13507],[14.38378,53.13434],[14.38179,53.13179],[14.38166,53.13137],[14.38173,53.13098],[14.38223,53.13015],[14.38227,53.1294],[14.3811,53.12824],[14.38127,53.12747],[14.38071,53.12555],[14.38062,53.124],[14.38128,53.12321],[14.38069,53.12067],[14.38082,53.1193],[14.38053,53.11743],[14.37925,53.11439],[14.37903,53.1129],[14.37826,53.11162],[14.37649,53.1104],[14.37378,53.10814],[14.37158,53.10592],[14.37049,53.10505],[14.37017,53.1046],[14.37015,53.10366],[14.37034,53.10278],[14.36984,53.1015],[14.37085,53.09924],[14.37059,53.09828],[14.3713,53.0965],[14.37123,53.09456],[14.37099,53.09313],[14.37039,53.09184],[14.36985,53.08989],[14.37003,53.08871],[14.36969,53.08783],[14.36855,53.08719],[14.36776,53.08658],[14.36754,53.0862],[14.36833,53.08476],[14.36801,53.08357],[14.36672,53.08061],[14.36614,53.07937],[14.36551,53.07865],[14.36051,53.07415],[14.3602,53.07349],[14.35866,53.07199],[14.35853,53.07109],[14.35868,53.06983],[14.35784,53.06767],[14.35575,53.06612],[14.35558,53.06543],[14.35604,53.06454],[14.35574,53.06346],[14.35421,53.06102],[14.35241,53.05888],[14.34875,53.05683],[14.34829,53.05615],[14.34857,53.05472],[14.34543,53.05171],[14.34404,53.05129],[14.34338,53.05042],[14.33978,53.0477],[14.33798,53.04658],[14.33539,53.04545],[14.3335,53.04484],[14.3289,53.04279],[14.32661,53.04292],[14.32338,53.04164],[14.32222,53.04087],[14.3218,53.03994],[14.3212,53.03932],[14.31927,53.03834],[14.31767,53.03822],[14.31233,53.03552],[14.31119,53.03461],[14.31042,53.03315],[14.30889,53.03197],[14.3085,53.03115],[14.30685,53.02974],[14.30587,53.02905],[14.30343,53.02847],[14.30222,53.02741],[14.30033,53.02649],[14.29905,53.02567],[14.29739,53.02358],[14.29491,53.02267],[14.29442,53.02169],[14.29162,53.02001],[14.29016,53.01955],[14.28869,53.01879],[14.28698,53.01843],[14.28599,53.01751],[14.28237,53.01573],[14.27778,53.01421],[14.27643,53.01333],[14.27566,53.01261],[14.27481,53.01224],[14.27269,53.01206],[14.26855,53.00996],[14.26758,53.00907],[14.26514,53.00769],[14.26404,53.00612],[14.26058,53.00386],[14.25896,53.00298],[14.25755,53.00238],[14.25478,53.00223],[14.25069,53.00067],[14.24957,53.00012],[14.24886,52.99936],[14.24823,52.99894],[14.24671,52.99855],[14.24488,52.99762],[14.24382,52.99682],[14.24163,52.99559],[14.2356,52.99319],[14.23405,52.9929],[14.23243,52.99312],[14.23103,52.99303],[14.22821,52.99235],[14.22688,52.99196],[14.2256,52.99109],[14.22007,52.9891],[14.21836,52.98873],[14.21638,52.9888],[14.21245,52.98833],[14.20939,52.98818],[14.20685,52.98754],[14.20205,52.98569],[14.19916,52.98487],[14.19767,52.98408],[14.19588,52.98252],[14.19402,52.98144],[14.18951,52.97975],[14.18064,52.97698],[14.17894,52.97669],[14.17535,52.97639],[14.17278,52.97558],[14.17047,52.97464],[14.16874,52.97364],[14.16788,52.97275],[14.16765,52.97208],[14.1675,52.97058],[14.16629,52.96856],[14.16408,52.96645],[14.16222,52.96527],[14.16058,52.96461],[14.15937,52.96443],[14.15584,52.96464],[14.14945,52.96365],[14.14687,52.96303],[14.14474,52.9622],[14.14367,52.96136],[14.14355,52.95999],[14.14308,52.95767],[14.14092,52.95498],[14.14023,52.95354],[14.13903,52.95233],[14.13885,52.95188],[14.13923,52.95098],[14.1404,52.95031],[14.14124,52.94889],[14.1427,52.9474],[14.14413,52.9449],[14.14432,52.94409],[14.14431,52.94338],[14.1441,52.94272],[14.14371,52.94191],[14.14259,52.94044],[14.14223,52.93901],[14.1422,52.93672],[14.14281,52.9353],[14.14264,52.93316],[14.14329,52.93209],[14.1446,52.93062],[14.1457,52.92785],[14.14574,52.92728],[14.14525,52.92569],[14.14608,52.92403],[14.14676,52.92066],[14.14716,52.9201],[14.1487,52.91883],[14.14989,52.91709],[14.15025,52.91614],[14.15054,52.91459],[14.15094,52.9136],[14.15115,52.91133],[14.15167,52.90993],[14.15205,52.90764],[14.15213,52.90596],[14.1518,52.9042],[14.15221,52.9009],[14.15392,52.89736],[14.15495,52.89652],[14.15639,52.89587],[14.15697,52.89534],[14.16039,52.89042],[14.16161,52.88812],[14.16132,52.88745],[14.15993,52.88558],[14.15829,52.88152],[14.15878,52.87732],[14.15865,52.87612],[14.15795,52.87501],[14.15545,52.87309],[14.15517,52.87264],[14.15492,52.87157],[14.15305,52.87024],[14.1518,52.86883],[14.1499,52.86756],[14.14847,52.86599],[14.14548,52.864],[14.14326,52.86305],[14.13965,52.86096],[14.1388,52.86024],[14.13826,52.85897],[14.13751,52.85802],[14.13431,52.85551],[14.13337,52.85453],[14.12985,52.85273],[14.12446,52.84641],[14.12368,52.84536],[14.12299,52.84403],[14.12288,52.84294],[14.12331,52.83937],[14.12291,52.83749],[14.12376,52.83521],[14.12489,52.83326],[14.12563,52.8326],[14.12745,52.83181],[14.12841,52.83025],[14.13029,52.82813],[14.13298,52.82672],[14.1335,52.82661],[14.13481,52.82676],[14.13559,52.82662],[14.13764,52.82569],[14.13904,52.82484],[14.14049,52.82442],[14.1446,52.82364],[14.14551,52.8238],[14.14703,52.82439],[14.15166,52.8242],[14.15469,52.82375],[14.15687,52.82306],[14.15891,52.82263],[14.15999,52.82253],[14.16132,52.82289],[14.16236,52.82289],[14.16545,52.82193],[14.16865,52.8214],[14.17275,52.82167],[14.17538,52.82153],[14.17755,52.82119],[14.17865,52.82083],[14.18414,52.82032],[14.18676,52.82063],[14.19276,52.82006],[14.19651,52.81922],[14.19989,52.81908],[14.20261,52.81941],[14.2064,52.81935],[14.21053,52.8188],[14.21749,52.81687],[14.21991,52.81567],[14.22255,52.8139],[14.22403,52.81253],[14.22482,52.81113],[14.22654,52.81029],[14.22726,52.80876],[14.22876,52.80656],[14.23008,52.80502],[14.2334,52.80333],[14.23635,52.80115],[14.23917,52.80085],[14.2409,52.80014],[14.2439,52.79786],[14.24408,52.79692],[14.24473,52.79574],[14.24564,52.79473],[14.2472,52.79351],[14.24873,52.79288],[14.25026,52.79199],[14.25305,52.78982],[14.25368,52.7891],[14.25735,52.78718],[14.25947,52.78661],[14.26467,52.78263],[14.26961,52.78093],[14.27089,52.78012],[14.27233,52.77819],[14.27603,52.77649],[14.27714,52.77543],[14.27881,52.77446],[14.28044,52.77374],[14.28356,52.77342],[14.28455,52.77293],[14.28524,52.77199],[14.28605,52.77156],[14.29217,52.7703],[14.29424,52.76904],[14.29855,52.768],[14.30499,52.76551],[14.30847,52.76516],[14.31035,52.76439],[14.31555,52.76326],[14.31823,52.7634],[14.31959,52.76297],[14.32169,52.76264],[14.32308,52.76212],[14.32399,52.76149],[14.32759,52.76004],[14.33081,52.7593],[14.33205,52.75842],[14.33323,52.75701],[14.3389,52.75471],[14.34112,52.75406],[14.34263,52.75395],[14.34633,52.75322],[14.35104,52.75151],[14.35247,52.7507],[14.35486,52.74757],[14.35489,52.74663],[14.35521,52.74576],[14.35644,52.74508],[14.35941,52.74185],[14.36088,52.74062],[14.36298,52.73948],[14.36424,52.739],[14.36618,52.7389],[14.36874,52.73816],[14.37076,52.73782],[14.37349,52.73666],[14.37389,52.73587],[14.37581,52.73371],[14.37731,52.73257],[14.37844,52.73141],[14.38146,52.7292],[14.3815,52.72837],[14.38372,52.72562],[14.39051,52.72133],[14.39071,52.72033],[14.39167,52.71963],[14.39527,52.71834],[14.39769,52.71689],[14.39833,52.7164],[14.39848,52.71524],[14.40052,52.71366],[14.40335,52.71243],[14.40489,52.71139],[14.40732,52.70891],[14.40774,52.70739],[14.40905,52.70565],[14.41162,52.7027],[14.41349,52.70083],[14.41721,52.69914],[14.42111,52.69786],[14.42399,52.69618],[14.42584,52.69447],[14.42811,52.69199],[14.42899,52.69065],[14.42855,52.68885],[14.42872,52.68767],[14.4291,52.68641],[14.4313,52.68287],[14.43268,52.68168],[14.43555,52.68004],[14.43644,52.6799],[14.43856,52.68023],[14.44214,52.67967],[14.44405,52.67887],[14.44539,52.67853],[14.4484,52.67876],[14.45006,52.67842],[14.45292,52.67721],[14.45529,52.6758],[14.45775,52.67393],[14.45875,52.67259],[14.4592,52.67132],[14.45928,52.66872],[14.45994,52.66689],[14.46103,52.66497],[14.46165,52.66412],[14.46303,52.66274],[14.4651,52.66132],[14.46702,52.66032],[14.46898,52.65986],[14.47006,52.65838],[14.47115,52.65782],[14.47368,52.65786],[14.47729,52.65601],[14.47856,52.65491],[14.47938,52.65455],[14.48079,52.65478],[14.48131,52.6546],[14.4831,52.65335],[14.48699,52.65246],[14.49364,52.64954],[14.49636,52.64811],[14.49979,52.64686],[14.50068,52.64628],[14.50168,52.64529],[14.50419,52.64387],[14.50528,52.64336],[14.50724,52.6433],[14.5086,52.64275],[14.50968,52.64161],[14.51391,52.64038],[14.51703,52.63903],[14.52011,52.639],[14.52749,52.63716],[14.52892,52.6366],[14.52951,52.63582],[14.53094,52.63501],[14.53369,52.63381],[14.53674,52.63358],[14.53792,52.63297],[14.53855,52.63185],[14.53996,52.63128],[14.54315,52.63051],[14.54398,52.6301],[14.545,52.62985],[14.54668,52.62992],[14.54857,52.62926],[14.55056,52.62782],[14.55233,52.6273],[14.55499,52.62619],[14.55881,52.6254],[14.56403,52.62469],[14.56732,52.62369],[14.56911,52.6226],[14.57207,52.62183],[14.57332,52.62075],[14.57507,52.62003],[14.57572,52.61899],[14.57654,52.61845],[14.57832,52.6178],[14.5797,52.61668],[14.58165,52.6156],[14.58367,52.61513],[14.58639,52.61386],[14.58892,52.61314],[14.59393,52.61131],[14.59621,52.61064],[14.59964,52.60809],[14.60941,52.598],[14.61044,52.59259],[14.61147,52.58954],[14.61429,52.58626],[14.61671,52.58446],[14.62265,52.58131],[14.63219,52.57776],[14.63654,52.57569],[14.63819,52.57439],[14.63901,52.57332],[14.63955,52.57192],[14.63972,52.57017],[14.63951,52.56919],[14.63879,52.56779],[14.63748,52.56653],[14.63455,52.56481],[14.6229,52.5595],[14.61865,52.55718],[14.6169,52.55582],[14.61538,52.55406],[14.61496,52.55231],[14.61451,52.54746],[14.61424,52.54607],[14.61367,52.54472],[14.61142,52.54175],[14.60888,52.53945],[14.60749,52.53854],[14.60633,52.53741],[14.60488,52.53507],[14.60418,52.53314],[14.60384,52.53103],[14.60424,52.52906],[14.60545,52.5266],[14.60638,52.52585],[14.6086,52.52232],[14.61049,52.51884],[14.61097,52.51611],[14.61108,52.51369],[14.61132,52.51226],[14.6123,52.51079],[14.61357,52.5095],[14.61705,52.50737],[14.6206,52.50645],[14.62407,52.50595],[14.62503,52.5056],[14.62874,52.50391],[14.62993,52.5032],[14.63231,52.50128],[14.63434,52.49867],[14.63506,52.49741],[14.63535,52.49597],[14.63512,52.49381],[14.63393,52.49148],[14.63222,52.48924],[14.62838,52.48551],[14.62424,52.48229],[14.62299,52.48149],[14.61614,52.47894],[14.6143,52.47795],[14.61282,52.47683],[14.61208,52.4758],[14.61126,52.47122],[14.61102,52.46811],[14.61048,52.46611],[14.60961,52.46472],[14.60876,52.46383],[14.60514,52.46189],[14.60284,52.46084],[14.601,52.45982],[14.59999,52.45907],[14.59704,52.45577],[14.59559,52.45388],[14.59398,52.45255],[14.58844,52.4501],[14.58562,52.44855],[14.58448,52.44754],[14.58177,52.44416],[14.58019,52.44258],[14.57883,52.44157],[14.57637,52.44057],[14.57447,52.44018],[14.57186,52.43998],[14.56733,52.44022],[14.56378,52.43991],[14.55946,52.43909],[14.55754,52.43842],[14.55546,52.43746],[14.55167,52.43527],[14.54812,52.43234],[14.5468,52.43082],[14.54575,52.4293],[14.54477,52.42763],[14.54396,52.42551],[14.54392,52.42306],[14.54421,52.42161],[14.54495,52.41966],[14.5464,52.41733],[14.54686,52.41583],[14.54685,52.41404],[14.54653,52.41269],[14.5459,52.41121],[14.54304,52.40829],[14.53782,52.40378],[14.53553,52.40073],[14.5349,52.39947],[14.53435,52.39771],[14.53412,52.39614],[14.53438,52.395],[14.53465,52.39406],[14.53525,52.39298],[14.53673,52.39113],[14.54116,52.38656],[14.54549,52.38287],[14.549,52.37921],[14.55147,52.37567],[14.55297,52.37092],[14.55296,52.36732],[14.55258,52.36548],[14.55268,52.36356],[14.55312,52.36148],[14.55328,52.3598],[14.55271,52.35627],[14.55235,52.35514],[14.5523,52.35415],[14.55253,52.35199],[14.55433,52.34878],[14.55525,52.34778],[14.55869,52.34497],[14.56182,52.34094],[14.56261,52.33939],[14.56311,52.33706],[14.56312,52.33555],[14.56141,52.33208],[14.56071,52.33029],[14.56069,52.32946],[14.56144,52.32781],[14.56278,52.32683],[14.56447,52.32589],[14.57113,52.32449],[14.5731,52.32377],[14.57493,52.32262],[14.57731,52.32026],[14.57774,52.31945],[14.57811,52.31819],[14.57767,52.31538],[14.57808,52.31289],[14.579,52.31188],[14.58076,52.31081],[14.58256,52.30941],[14.58424,52.30745],[14.58483,52.30635],[14.58503,52.30457],[14.5846,52.30302],[14.58344,52.30166],[14.57558,52.29692],[14.5745,52.29522],[14.57394,52.29326],[14.57412,52.29196],[14.57461,52.29042],[14.57529,52.28905],[14.57695,52.28759],[14.57882,52.28656],[14.58156,52.28607],[14.58447,52.28528],[14.58646,52.28431],[14.58826,52.2829],[14.5893,52.28161],[14.59015,52.27822],[14.59191,52.27537],[14.59406,52.27383],[14.59868,52.27233],[14.60089,52.272],[14.60459,52.27181],[14.61391,52.27165],[14.61952,52.27075],[14.62552,52.26904],[14.63363,52.26611],[14.64078,52.26386],[14.64688,52.26286],[14.65138,52.26255],[14.65633,52.26249],[14.66276,52.26181],[14.67428,52.25852],[14.68947,52.25676],[14.69539,52.25424],[14.69881,52.25235],[14.70077,52.25067],[14.70219,52.24877],[14.70318,52.24719],[14.70441,52.24462],[14.70505,52.24373],[14.70518,52.24295],[14.70596,52.24262],[14.70806,52.24099],[14.7146,52.23689],[14.71555,52.23613],[14.71623,52.23488],[14.71626,52.23375],[14.71603,52.23276],[14.71381,52.23039],[14.71287,52.22818],[14.71255,52.22224],[14.71175,52.2193],[14.71009,52.21518],[14.70839,52.21167],[14.70457,52.20748],[14.6996,52.20375],[14.69064,52.19941],[14.68828,52.19793],[14.68659,52.19646],[14.68581,52.19391],[14.6859,52.19224],[14.68794,52.1893],[14.69038,52.18769],[14.69501,52.18519],[14.69751,52.18355],[14.7009,52.18066],[14.70171,52.17962],[14.70286,52.1785],[14.70413,52.17627],[14.7054,52.1732],[14.70557,52.16891],[14.7047,52.1666],[14.70355,52.16479],[14.70196,52.16309],[14.69416,52.15586],[14.68977,52.15261],[14.68699,52.15076],[14.68336,52.14767],[14.68104,52.14548],[14.68002,52.14338],[14.67961,52.14212],[14.67945,52.14025],[14.68128,52.13486],[14.68191,52.13096],[14.6825,52.12935],[14.684,52.1263],[14.68411,52.12564],[14.68399,52.12305],[14.68357,52.12218],[14.68234,52.12054],[14.68158,52.11851],[14.68144,52.11724],[14.68181,52.11564],[14.68319,52.11242],[14.6849,52.11023],[14.68744,52.10764],[14.69289,52.10301],[14.69714,52.1],[14.70026,52.09811],[14.70334,52.09696],[14.71504,52.09569],[14.72089,52.09463],[14.72427,52.09352],[14.73088,52.09071],[14.73465,52.08883],[14.74118,52.08519],[14.74211,52.08453],[14.74316,52.08344],[14.74586,52.08149],[14.748,52.07857],[14.74867,52.07705],[14.74993,52.0748],[14.75184,52.07179],[14.75513,52.07033],[14.75623,52.06924],[14.7578,52.06803],[14.75866,52.06699],[14.75909,52.06538],[14.75893,52.0643],[14.75839,52.06281],[14.75765,52.06127],[14.7567,52.06016],[14.75523,52.05931],[14.74806,52.05644],[14.74657,52.05546],[14.74545,52.05433],[14.74536,52.05359],[14.74637,52.05173],[14.74683,52.05021],[14.74684,52.0497],[14.74588,52.04707],[14.74587,52.04654],[14.74617,52.04613],[14.74941,52.04417],[14.74986,52.04303],[14.74984,52.04123],[14.74762,52.03738],[14.74753,52.03664],[14.74814,52.0341],[14.74842,52.03193],[14.74772,52.03124],[14.74632,52.03067],[14.74277,52.03005],[14.74119,52.02954],[14.74022,52.02876],[14.73999,52.0278],[14.74165,52.02455],[14.74151,52.02356],[14.74071,52.02257],[14.73726,52.02104],[14.73498,52.01982],[14.73415,52.01925],[14.73147,52.01645],[14.73024,52.01568],[14.72725,52.01426],[14.72658,52.01373],[14.7262,52.01276],[14.72597,52.00976],[14.72575,52.00883],[14.72522,52.00821],[14.72304,52.00698],[14.72169,52.00652],[14.71626,52.00555],[14.71515,52.00509],[14.71436,52.00437],[14.71403,52.00368],[14.71397,52.00304],[14.71436,52.00234],[14.71523,52.0017],[14.71723,52.00103],[14.71891,51.99971],[14.71974,51.9987],[14.72146,51.99591],[14.72166,51.99447],[14.7202,51.99136],[14.71966,51.99066],[14.71756,51.98879],[14.71676,51.98687],[14.71667,51.98602],[14.71693,51.98421],[14.7167,51.98321],[14.71625,51.98256],[14.71407,51.98083],[14.71147,51.97962],[14.70708,51.97961],[14.70638,51.97917],[14.70522,51.97783],[14.70483,51.97678],[14.70485,51.97601],[14.7069,51.97357],[14.70676,51.9704],[14.70725,51.96892],[14.70737,51.96715],[14.70723,51.96572],[14.70924,51.96278],[14.71162,51.96028],[14.71349,51.95751],[14.71407,51.95692],[14.71504,51.95649],[14.71737,51.95617],[14.71829,51.95578],[14.71896,51.95528],[14.72103,51.95264],[14.72124,51.9522],[14.72129,51.95132],[14.7205,51.95031],[14.71899,51.94564],[14.71956,51.94295],[14.71937,51.94193],[14.71796,51.94052],[14.71595,51.93942],[14.71464,51.9384],[14.71359,51.93732],[14.71256,51.93679],[14.71143,51.9364],[14.70777,51.93611],[14.70665,51.93549],[14.70527,51.93313],[14.70339,51.93089],[14.70552,51.92366],[14.70491,51.9227],[14.70308,51.92171],[14.7022,51.921],[14.69999,51.91483],[14.69877,51.91327],[14.69714,51.91205],[14.6943,51.91103],[14.69168,51.90876],[14.69102,51.90777],[14.69118,51.90697],[14.69222,51.90578],[14.69351,51.90486],[14.69432,51.90355],[14.69448,51.90259],[14.69418,51.9019],[14.6929,51.901],[14.68538,51.89851],[14.68211,51.89593],[14.68089,51.89524],[14.67969,51.89499],[14.67578,51.89485],[14.67461,51.89447],[14.67371,51.89387],[14.67348,51.89319],[14.67502,51.89125],[14.6752,51.89046],[14.6749,51.88977],[14.67396,51.8895],[14.67134,51.88972],[14.66547,51.89092],[14.66407,51.89082],[14.6628,51.89023],[14.66228,51.88965],[14.66233,51.88826],[14.66195,51.88707],[14.66052,51.88629],[14.65738,51.88548],[14.65583,51.8848],[14.65483,51.8838],[14.6542,51.8824],[14.65391,51.87984],[14.65294,51.87919],[14.65249,51.87842],[14.65267,51.87559],[14.65285,51.87482],[14.65215,51.87379],[14.65043,51.87326],[14.64786,51.87276],[14.64641,51.87198],[14.64562,51.87082],[14.64535,51.86951],[14.64483,51.86828],[14.64388,51.8672],[14.64221,51.86644],[14.63497,51.86554],[14.63383,51.86466],[14.63262,51.86331],[14.63113,51.862],[14.62522,51.8585],[14.62438,51.85819],[14.62257,51.85765],[14.61408,51.85772],[14.61219,51.85758],[14.6111,51.85713],[14.61052,51.85628],[14.61013,51.85507],[14.60761,51.85327],[14.60711,51.85272],[14.60715,51.85204],[14.60835,51.85108],[14.60966,51.85031],[14.61081,51.84928],[14.61212,51.84761],[14.61264,51.84634],[14.61248,51.8455],[14.61169,51.84492],[14.61034,51.84475],[14.60937,51.84497],[14.60885,51.84572],[14.60869,51.8468],[14.60835,51.84748],[14.60754,51.84794],[14.60643,51.84822],[14.60499,51.8481],[14.60374,51.84765],[14.60323,51.84704],[14.6035,51.84596],[14.60395,51.84517],[14.60593,51.84264],[14.606,51.84162],[14.6056,51.84079],[14.60447,51.83987],[14.60314,51.83952],[14.60165,51.83963],[14.60011,51.84035],[14.59835,51.84168],[14.5972,51.84217],[14.59627,51.84221],[14.59548,51.84183],[14.59361,51.84017],[14.59108,51.83899],[14.5904,51.83846],[14.59029,51.83784],[14.59067,51.83729],[14.59158,51.83649],[14.59194,51.83554],[14.59101,51.83383],[14.59112,51.83309],[14.59295,51.83105],[14.59318,51.83006],[14.59248,51.82918],[14.59049,51.82787],[14.58982,51.8271],[14.58961,51.82607],[14.59076,51.82371],[14.5907,51.82258],[14.59018,51.82117],[14.59039,51.82044],[14.59089,51.81993],[14.59294,51.81912],[14.59531,51.81842],[14.59691,51.81753],[14.60075,51.81267],[14.60091,51.81063],[14.60073,51.80938],[14.60118,51.80861],[14.60339,51.807],[14.60423,51.80576],[14.60572,51.8045],[14.60719,51.80379],[14.60856,51.80346],[14.6119,51.80406],[14.61339,51.80402],[14.6145,51.80356],[14.61524,51.80256],[14.61636,51.8019],[14.61994,51.80175],[14.62227,51.80064],[14.62387,51.80043],[14.63003,51.80167],[14.63213,51.80157],[14.63403,51.80093],[14.63509,51.79935],[14.63541,51.79819],[14.63631,51.79747],[14.64155,51.79694],[14.64383,51.79648],[14.64547,51.79553],[14.64633,51.79405],[14.64626,51.79275],[14.64651,51.79148],[14.64909,51.78713],[14.65016,51.78634],[14.65317,51.78484],[14.65374,51.7841],[14.65386,51.78369],[14.6535,51.7818],[14.65294,51.7808],[14.65268,51.77965],[14.65429,51.77734],[14.65499,51.77481],[14.65511,51.77343],[14.65439,51.76992],[14.6547,51.76842],[14.65471,51.7676],[14.65416,51.76687],[14.6523,51.76569],[14.6513,51.76481],[14.65075,51.76395],[14.6504,51.76305],[14.65035,51.76259],[14.65057,51.76167],[14.65081,51.76125],[14.6519,51.7605],[14.65367,51.75998],[14.66169,51.75886],[14.66349,51.75786],[14.66409,51.75713],[14.66414,51.75681],[14.66376,51.75601],[14.66277,51.75531],[14.66169,51.75489],[14.6587,51.75425],[14.65812,51.75401],[14.65735,51.75333],[14.65706,51.75236],[14.65728,51.75163],[14.65779,51.75107],[14.65978,51.74966],[14.66007,51.74844],[14.65969,51.74741],[14.65901,51.74637],[14.65864,51.74497],[14.65769,51.7439],[14.65737,51.74313],[14.65621,51.74193],[14.65633,51.74076],[14.65771,51.73961],[14.65975,51.73864],[14.66151,51.73725],[14.66502,51.7313],[14.6651,51.73062],[14.66553,51.72959],[14.66767,51.72744],[14.66817,51.72586],[14.67076,51.72488],[14.67423,51.72392],[14.6761,51.72362],[14.6772,51.7231],[14.67841,51.72186],[14.67944,51.71839],[14.6798,51.71792],[14.68324,51.71501],[14.68723,51.71237],[14.68779,51.71177],[14.68853,51.71016],[14.68975,51.70904],[14.69155,51.70801],[14.69767,51.70621],[14.70124,51.70485],[14.70827,51.70038],[14.71638,51.6963],[14.71751,51.69555],[14.72016,51.6933],[14.72401,51.69079],[14.72835,51.68873],[14.73051,51.68819],[14.73393,51.68887],[14.73521,51.68891],[14.73625,51.68857],[14.73844,51.68673],[14.73947,51.68378],[14.73943,51.68329],[14.73897,51.68238],[14.73754,51.68149],[14.73684,51.68075],[14.73682,51.67982],[14.73725,51.67901],[14.73767,51.6785],[14.73858,51.67786],[14.73951,51.6775],[14.74056,51.67718],[14.74588,51.67643],[14.74717,51.67595],[14.7474,51.67567],[14.74862,51.6715],[14.74932,51.6705],[14.75,51.67001],[14.75203,51.66903],[14.75287,51.66809],[14.75282,51.66561],[14.75287,51.66505],[14.75317,51.66431],[14.75375,51.66365],[14.75679,51.66215],[14.75775,51.66135],[14.7578,51.66009],[14.75562,51.65717],[14.7549,51.65552],[14.75153,51.65355],[14.75099,51.65261],[14.75097,51.65188],[14.75173,51.65064],[14.75397,51.64775],[14.75553,51.64635],[14.75593,51.64554],[14.75581,51.64478],[14.75544,51.64393],[14.75435,51.64252],[14.75403,51.64132],[14.75496,51.63874],[14.75445,51.63686],[14.75444,51.63615],[14.75482,51.6354],[14.75585,51.63425],[14.75612,51.63353],[14.75614,51.63256],[14.75579,51.63137],[14.75376,51.62906],[14.7534,51.62835],[14.75334,51.62787],[14.75381,51.62704],[14.7566,51.62503],[14.75709,51.62418],[14.75811,51.62316],[14.75992,51.62228],[14.76207,51.62083],[14.76329,51.61925],[14.76418,51.61716],[14.76377,51.61589],[14.7638,51.61494],[14.7654,51.61242],[14.7658,51.61145],[14.76582,51.61068],[14.76536,51.60937],[14.76512,51.60747],[14.76445,51.60677],[14.76259,51.60535],[14.76233,51.60472],[14.76229,51.60368],[14.76191,51.60318],[14.76083,51.60242],[14.75943,51.60154],[14.75725,51.60066],[14.75461,51.59994],[14.75339,51.59936],[14.75322,51.59898],[14.75347,51.59812],[14.75316,51.59688],[14.75218,51.59572],[14.75101,51.59505],[14.74919,51.59458],[14.74598,51.59446],[14.74479,51.59383],[14.74196,51.59294],[14.73989,51.59105],[14.7398,51.5906],[14.73995,51.59018],[14.73937,51.58966],[14.73832,51.589],[14.7367,51.58844],[14.73455,51.58722],[14.733,51.58625],[14.73181,51.58519],[14.73072,51.5845],[14.73016,51.58366],[14.73006,51.58324],[14.72987,51.5805],[14.7296,51.57901],[14.72704,51.57501],[14.72623,51.57439],[14.72315,51.5729],[14.72084,51.57135],[14.71913,51.56953],[14.71786,51.56765],[14.71575,51.56538],[14.71211,51.5638],[14.71153,51.56327],[14.71133,51.56274],[14.71139,51.56217],[14.71175,51.56151],[14.7126,51.56034],[14.71528,51.55749],[14.71572,51.55637],[14.71647,51.55515],[14.71805,51.55434],[14.72088,51.55456],[14.72217,51.55433],[14.72399,51.55368],[14.72444,51.55345],[14.72579,51.55206],[14.72885,51.55054],[14.72936,51.54995],[14.72953,51.54951],[14.72931,51.54828],[14.72943,51.54738],[14.7308,51.5463],[14.7312,51.54547],[14.73119,51.54426],[14.73089,51.54378],[14.72918,51.54306],[14.72879,51.54271],[14.72659,51.54024],[14.72629,51.53907],[14.72684,51.53782],[14.729,51.53602],[14.72917,51.53571],[14.72918,51.53462],[14.72872,51.53322],[14.72874,51.53201],[14.72898,51.53154],[14.73028,51.53056],[14.73259,51.52981],[14.73388,51.52903],[14.73422,51.52855],[14.73494,51.52663],[14.73519,51.5262],[14.73562,51.52594],[14.73765,51.5254],[14.74024,51.52527],[14.74194,51.52545],[14.74292,51.52528],[14.74489,51.52449],[14.74639,51.52355],[14.75046,51.52203],[14.75137,51.52182],[14.75267,51.52174],[14.75496,51.52214],[14.75907,51.52347],[14.75975,51.52351],[14.76083,51.5233],[14.76163,51.52298],[14.76214,51.5225],[14.76277,51.52051],[14.76317,51.52003],[14.76372,51.51955],[14.76526,51.51893],[14.76697,51.51904],[14.77356,51.51881],[14.77575,51.51788],[14.77696,51.51766],[14.77878,51.51774],[14.78257,51.51844],[14.78368,51.51847],[14.7869,51.5172],[14.78808,51.51706],[14.78991,51.51718],[14.79319,51.51811],[14.7963,51.5178],[14.79716,51.5171],[14.79795,51.51598],[14.79908,51.51524],[14.80085,51.51488],[14.80274,51.51501],[14.80395,51.51491],[14.80519,51.51446],[14.80739,51.51183],[14.80805,51.51064],[14.80948,51.51011],[14.8102,51.50968],[14.81122,51.50659],[14.81136,51.50631],[14.81172,51.50611],[14.81265,51.50589],[14.81347,51.5059],[14.81492,51.50633],[14.81791,51.50764],[14.81884,51.50774],[14.82017,51.5074],[14.82148,51.50641],[14.82424,51.5052],[14.82826,51.50483],[14.83218,51.50389],[14.8326,51.50363],[14.83358,51.50254],[14.83414,51.50037],[14.83492,51.49946],[14.83694,51.49933],[14.8382,51.49884],[14.83862,51.49821],[14.83874,51.49769],[14.83857,51.49733],[14.84012,51.49579],[14.84212,51.49526],[14.84351,51.49509],[14.84462,51.49471],[14.84595,51.49337],[14.84676,51.4928],[14.84961,51.49109],[14.85101,51.48982],[14.85212,51.48939],[14.85324,51.48928],[14.85546,51.48986],[14.85712,51.48988],[14.8592,51.49091],[14.86408,51.49068],[14.86514,51.49025],[14.86643,51.48946],[14.86862,51.48771],[14.86907,51.48709],[14.86945,51.48607],[14.8702,51.48521],[14.87068,51.48489],[14.87172,51.48467],[14.878,51.48578],[14.88124,51.48722],[14.88527,51.48768],[14.8864,51.48798],[14.88745,51.48796],[14.8887,51.48731],[14.88994,51.48605],[14.8909,51.48475],[14.89157,51.48436],[14.89667,51.4823],[14.89833,51.48198],[14.90031,51.48197],[14.90342,51.4823],[14.90494,51.48295],[14.90574,51.4835],[14.90722,51.48401],[14.91139,51.48355],[14.91518,51.48381],[14.9163,51.48371],[14.91902,51.48284],[14.92193,51.48244],[14.92305,51.48184],[14.92449,51.48066],[14.92515,51.4799],[14.92537,51.47927],[14.92546,51.47776],[14.92532,51.47452],[14.9256,51.47394],[14.92642,51.47331],[14.92848,51.47303],[14.9322,51.47332],[14.93795,51.47238],[14.94726,51.47202],[14.94882,51.47148],[14.95034,51.46978],[14.9519,51.46899],[14.95261,51.46837],[14.9531,51.46763],[14.95331,51.46677],[14.95373,51.46603],[14.95586,51.46413],[14.95664,51.46297],[14.95654,51.46221],[14.95566,51.46025],[14.95567,51.45915],[14.95593,51.45843],[14.95708,51.45766],[14.95887,51.45576],[14.96202,51.45365],[14.96421,51.45133],[14.96523,51.44971],[14.96521,51.44843],[14.96538,51.44768],[14.96664,51.44619],[14.96925,51.44446],[14.97342,51.44266],[14.97405,51.44212],[14.97427,51.44157],[14.97419,51.44073],[14.97363,51.43968],[14.97339,51.43879],[14.97377,51.43732],[14.9736,51.43656],[14.97333,51.43601],[14.97208,51.43464],[14.97062,51.43237],[14.96962,51.43205],[14.96861,51.43221],[14.96632,51.43356],[14.96432,51.43423],[14.96373,51.43426],[14.96262,51.43396],[14.95975,51.43232],[14.95897,51.43181],[14.9587,51.43134],[14.95885,51.43071],[14.95955,51.42967],[14.96127,51.42838],[14.96211,51.42805],[14.9648,51.42765],[14.96591,51.42713],[14.96618,51.42677],[14.96639,51.42612],[14.96616,51.42523],[14.96575,51.4247],[14.96418,51.42377],[14.96411,51.42328],[14.96458,51.4224],[14.966,51.4211],[14.96642,51.42051],[14.96715,51.41699],[14.96685,51.4159],[14.96479,51.41239],[14.96316,51.41182],[14.95957,51.4112],[14.95907,51.41096],[14.95874,51.4106],[14.95866,51.40991],[14.95998,51.40878],[14.9625,51.40812],[14.96318,51.40774],[14.96423,51.40585],[14.96494,51.40502],[14.96778,51.40287],[14.96836,51.40164],[14.96856,51.40021],[14.9692,51.39825],[14.96915,51.39799],[14.96874,51.39773],[14.96784,51.39749],[14.96391,51.398],[14.96171,51.3975],[14.9584,51.3959],[14.95831,51.3954],[14.95895,51.39519],[14.96157,51.39506],[14.96249,51.39476],[14.96324,51.3942],[14.96403,51.39304],[14.96577,51.39152],[14.9661,51.39099],[14.96612,51.39039],[14.96519,51.38924],[14.96498,51.38871],[14.96475,51.38798],[14.96467,51.38654],[14.96721,51.38327],[14.96902,51.38221],[14.96932,51.3817],[14.96929,51.38138],[14.96846,51.38014],[14.96853,51.37979],[14.96893,51.37928],[14.96971,51.37886],[14.97337,51.37864],[14.97441,51.37842],[14.97766,51.37567],[14.97888,51.37528],[14.98029,51.37535],[14.98181,51.3751],[14.98282,51.37465],[14.98373,51.37391],[14.98368,51.37328],[14.98136,51.37103],[14.98069,51.37076],[14.97872,51.37039],[14.97738,51.36925],[14.97702,51.36848],[14.97809,51.36739],[14.97817,51.36706],[14.97795,51.36615],[14.97733,51.36568],[14.97418,51.36395],[14.97315,51.36378],[14.97114,51.36375],[14.97011,51.36354],[14.96927,51.36271],[14.96825,51.36243],[14.96614,51.36256],[14.96538,51.36228],[14.96503,51.36178],[14.96514,51.36119],[14.96625,51.35947],[14.96683,51.35933],[14.96777,51.35935],[14.97041,51.35991],[14.97217,51.35997],[14.97287,51.35977],[14.97419,51.35921],[14.97539,51.35769],[14.97624,51.35712],[14.97642,51.35631],[14.97567,51.35463],[14.97578,51.35417],[14.97715,51.35346],[14.97757,51.35305],[14.97705,51.35189],[14.97692,51.35116],[14.97766,51.34956],[14.97861,51.34813],[14.97848,51.34784],[14.97695,51.34644],[14.97692,51.34602],[14.97758,51.34308],[14.97769,51.34161],[14.9781,51.34106],[14.97873,51.34064],[14.97961,51.34044],[14.98075,51.33985],[14.98091,51.33949],[14.9808,51.33898],[14.98029,51.33813],[14.98071,51.33658],[14.98119,51.33574],[14.9815,51.33467],[14.98222,51.33397],[14.98284,51.33365],[14.98519,51.33291],[14.98555,51.3326],[14.98581,51.332],[14.98583,51.32996],[14.98608,51.32938],[14.98644,51.32903],[14.98704,51.32879],[14.99076,51.32915],[14.99238,51.32902],[14.99327,51.32871],[14.99397,51.32805],[14.99404,51.32741],[14.99282,51.32573],[14.99234,51.32443],[14.99235,51.32384],[14.99339,51.32282],[14.99579,51.32129],[14.99817,51.32027],[15.00089,51.32063],[15.00306,51.32015],[15.00394,51.31969],[15.00456,51.31907],[15.00513,51.31765],[15.00574,51.3171],[15.00656,51.31688],[15.00791,51.31728],[15.00881,51.31712],[15.00928,51.31668],[15.0096,51.31559],[15.00921,51.31406],[15.00872,51.31354],[15.00706,51.31243],[15.0067,51.31191],[15.00677,51.31138],[15.00746,51.3103],[15.00792,51.31008],[15.01092,51.30979],[15.01205,51.30941],[15.01275,51.30852],[15.01298,51.30714],[15.014,51.30502],[15.01383,51.3041],[15.01263,51.30311],[15.01204,51.30224],[15.01201,51.30148],[15.01233,51.30098],[15.01321,51.30083],[15.01638,51.30149],[15.01856,51.30149],[15.02176,51.30061],[15.02412,51.29966],[15.02547,51.29882],[15.02615,51.29786],[15.02756,51.29706],[15.02849,51.29704],[15.02911,51.29682],[15.02962,51.29624],[15.02991,51.29556],[15.02954,51.29507],[15.02956,51.29466],[15.03008,51.29438],[15.03134,51.29423],[15.03288,51.29437],[15.03335,51.29409],[15.03358,51.29349],[15.03347,51.29196],[15.03198,51.28774],[15.03249,51.28485],[15.0351,51.28353],[15.03536,51.28292],[15.03474,51.28115],[15.03462,51.27913],[15.03426,51.27767],[15.03453,51.27718],[15.03507,51.27702],[15.03621,51.27713],[15.03689,51.27697],[15.0374,51.27573],[15.03826,51.27523],[15.03949,51.27474],[15.04175,51.27425],[15.04193,51.27291],[15.04168,51.27224],[15.04075,51.2716],[15.03708,51.27073],[15.03675,51.27046],[15.03694,51.26991],[15.03756,51.26936],[15.03784,51.26887],[15.03771,51.26831],[15.03784,51.26765],[15.03823,51.26696],[15.03799,51.26632],[15.03739,51.26554],[15.03603,51.26466],[15.03588,51.26417],[15.03615,51.26283],[15.03607,51.26173],[15.03638,51.26104],[15.03823,51.25918],[15.03817,51.2585],[15.0378,51.25803],[15.03707,51.25772],[15.03333,51.25758],[15.03199,51.25738],[15.03095,51.25691],[15.03054,51.25649],[15.03057,51.25506],[15.03015,51.25463],[15.02954,51.25448],[15.02765,51.25448],[15.02563,51.25413],[15.02492,51.25385],[15.02441,51.2517],[15.0233,51.25059],[15.02331,51.25011],[15.02409,51.24961],[15.02517,51.24908],[15.02606,51.24898],[15.02667,51.24911],[15.02747,51.25079],[15.02844,51.2515],[15.02946,51.25139],[15.03,51.25112],[15.03084,51.24989],[15.03147,51.24819],[15.0337,51.247],[15.03537,51.24635],[15.03577,51.24592],[15.03692,51.24539],[15.03759,51.24476],[15.03785,51.24399],[15.03594,51.24313],[15.03511,51.2425],[15.03429,51.24136],[15.03348,51.24097],[15.03184,51.2406],[15.03118,51.24072],[15.03001,51.24173],[15.02922,51.24191],[15.02862,51.24179],[15.0268,51.23952],[15.02686,51.23924],[15.02755,51.23859],[15.0284,51.23822],[15.02891,51.23779],[15.02893,51.23724],[15.02849,51.23677],[15.02685,51.23601],[15.02603,51.23588],[15.02461,51.23608],[15.02388,51.2357],[15.02347,51.2351],[15.02369,51.23458],[15.02418,51.23419],[15.0249,51.23401],[15.02666,51.23404],[15.02694,51.23366],[15.02611,51.23274],[15.02594,51.23201],[15.02557,51.23165],[15.02329,51.23104],[15.02283,51.23073],[15.0219,51.2299],[15.0214,51.22877],[15.0209,51.22858],[15.01916,51.22847],[15.0172,51.22802],[15.01643,51.2277],[15.01606,51.22725],[15.01631,51.2264],[15.01751,51.22505],[15.01741,51.22463],[15.01663,51.22391],[15.01671,51.22332],[15.0181,51.22165],[15.01822,51.22098],[15.01728,51.21877],[15.01605,51.2172],[15.01603,51.21669],[15.01723,51.21592],[15.01721,51.21536],[15.01662,51.21452],[15.01603,51.21424],[15.01271,51.21399],[15.01086,51.21411],[15.01025,51.21402],[15.00983,51.21357],[15.00962,51.21178],[15.01008,51.2113],[15.01083,51.21115],[15.01227,51.21126],[15.01285,51.21108],[15.01318,51.21056],[15.01291,51.20817],[15.01243,51.20769],[15.01111,51.20711],[15.01008,51.20578],[15.00886,51.20511],[15.0079,51.20488],[15.00761,51.20451],[15.00788,51.20235],[15.00874,51.20138],[15.00857,51.20098],[15.00783,51.20029],[15.00772,51.19955],[15.00802,51.19918],[15.01035,51.19928],[15.01284,51.1989],[15.01424,51.19811],[15.01444,51.19772],[15.01438,51.1965],[15.01422,51.19567],[15.01369,51.19529],[15.01197,51.19486],[15.01079,51.1941],[15.01043,51.19304],[15.01011,51.19279],[15.00791,51.19218],[15.00559,51.19187],[15.005,51.19146],[15.00474,51.19088],[15.00488,51.1902],[15.00559,51.18927],[15.00601,51.18841],[15.00642,51.18638],[15.0081,51.18388],[15.00877,51.18233],[15.00869,51.18077],[15.00836,51.18021],[15.00769,51.17979],[15.00678,51.17952],[15.00572,51.1789],[15.00511,51.17834],[15.00475,51.17552],[15.00411,51.17487],[15.00295,51.17415],[15.00204,51.17324],[15.00155,51.17239],[15.00144,51.17186],[15.00182,51.17142],[15.00387,51.17042],[15.0047,51.16948],[15.00521,51.16848],[15.00505,51.16772],[15.00453,51.1671],[15.00368,51.16663],[15.00058,51.16569],[14.99679,51.16394],[14.99339,51.16287],[14.99312,51.16244],[14.99428,51.15735],[14.99683,51.15557],[14.99818,51.15423],[15.00004,51.15168],[15.00095,51.14995],[15.00071,51.14938],[14.99637,51.14401],[14.99544,51.14348],[14.99453,51.14327],[14.99272,51.14371],[14.99213,51.14369],[14.99112,51.14324],[14.99053,51.14279],[14.99046,51.14218],[14.99085,51.14149],[14.99404,51.13888],[14.9949,51.13787],[14.99536,51.13687],[14.99662,51.13307],[14.99676,51.13156],[14.99522,51.12879],[14.99509,51.12576],[14.99474,51.12387],[14.99518,51.1235],[14.99652,51.12348],[14.99749,51.12318],[14.99776,51.12276],[14.99733,51.12164],[14.99674,51.121],[14.99494,51.12048],[14.99346,51.11916],[14.99121,51.11804],[14.99011,51.11714],[14.98901,51.11657],[14.98756,51.11613],[14.98644,51.11623],[14.98578,51.11646],[14.98514,51.11642],[14.98456,51.11664],[14.98354,51.11787],[14.98287,51.11789],[14.98211,51.1177],[14.98154,51.11731],[14.98088,51.11611],[14.98077,51.11581],[14.98198,51.11449],[14.98262,51.11337],[14.98188,51.11172],[14.98154,51.11133],[14.97993,51.11057],[14.9799,51.1103],[14.98099,51.10978],[14.9812,51.10911],[14.9811,51.10885],[14.98056,51.10862],[14.97861,51.10852],[14.97805,51.10811],[14.97846,51.10672],[14.98188,51.10512],[14.98242,51.10462],[14.98218,51.10372],[14.98255,51.10331],[14.98351,51.10281],[14.98397,51.10211],[14.98423,51.1012],[14.98418,51.1008],[14.98277,51.09933],[14.98296,51.09881],[14.9839,51.0978],[14.98381,51.09728],[14.98326,51.09704],[14.98165,51.09726],[14.98109,51.09713],[14.9803,51.09617],[14.98024,51.09575],[14.98057,51.09545],[14.98245,51.0952],[14.98275,51.09491],[14.98184,51.09351],[14.98185,51.09323],[14.98278,51.09264],[14.98369,51.09234],[14.98395,51.09154],[14.98393,51.09089],[14.98354,51.09023],[14.9825,51.08976],[14.98091,51.09011],[14.9801,51.09005],[14.97972,51.08977],[14.97964,51.08857],[14.98016,51.0878],[14.98008,51.08727],[14.97941,51.087],[14.97852,51.08714],[14.97742,51.08762],[14.97686,51.08761],[14.97648,51.0873],[14.97628,51.08686],[14.9765,51.0864],[14.97729,51.08591],[14.97759,51.0855],[14.97727,51.08493],[14.97627,51.08441],[14.97604,51.08413],[14.97627,51.08396],[14.97742,51.08392],[14.97781,51.08352],[14.97767,51.08289],[14.97677,51.08204],[14.97686,51.0816],[14.97763,51.08095],[14.9786,51.08049],[14.97868,51.08017],[14.97814,51.07883],[14.97853,51.07823],[14.97949,51.07745],[14.97932,51.07704],[14.97759,51.07606],[14.97617,51.07619],[14.97567,51.07601],[14.97539,51.07511],[14.97505,51.07459],[14.97382,51.07455],[14.97307,51.07436],[14.97252,51.07394],[14.97226,51.07301],[14.9719,51.07266],[14.9711,51.07234],[14.96949,51.07225],[14.9686,51.07202],[14.96809,51.0717],[14.96763,51.07111],[14.96764,51.07043],[14.96805,51.06953],[14.96868,51.06948],[14.97022,51.0697],[14.97093,51.06964],[14.97139,51.06936],[14.97147,51.06881],[14.97,51.06771],[14.96989,51.06739],[14.97128,51.06638],[14.97124,51.06571],[14.97084,51.06537],[14.96902,51.06505],[14.9679,51.06402],[14.96651,51.06156],[14.96454,51.05887],[14.96304,51.05801],[14.963,51.05742],[14.96366,51.05702],[14.96368,51.05671],[14.96246,51.05589],[14.96259,51.05564],[14.96402,51.0555],[14.96442,51.05528],[14.9644,51.05499],[14.96324,51.05457],[14.96307,51.05421],[14.96381,51.05231],[14.96432,51.05189],[14.96455,51.05146],[14.96482,51.05049],[14.96466,51.05012],[14.96355,51.04976],[14.96174,51.05007],[14.96138,51.04997],[14.96139,51.04973],[14.96187,51.0494],[14.96179,51.04921],[14.96043,51.04912],[14.96021,51.04879],[14.96037,51.04852],[14.96,51.04811],[14.9599,51.04769],[14.95785,51.04677],[14.95421,51.0469],[14.95368,51.04671],[14.95346,51.04637],[14.95352,51.04587],[14.95313,51.04529],[14.95281,51.04418],[14.9532,51.04355],[14.95192,51.04244],[14.95136,51.04232],[14.95098,51.04248],[14.95088,51.04338],[14.95053,51.04351],[14.94902,51.04305],[14.94851,51.04262],[14.94862,51.04227],[14.94969,51.04133],[14.94983,51.04102],[14.9495,51.0407],[14.94817,51.04047],[14.94828,51.04013],[14.94811,51.03931],[14.9488,51.03899],[14.94914,51.0385],[14.9498,51.03824],[14.9512,51.03832],[14.95171,51.03797],[14.95173,51.03752],[14.94949,51.03572],[14.94887,51.03467],[14.94855,51.0344],[14.94837,51.03314],[14.94799,51.03267],[14.94672,51.03193],[14.94652,51.0315],[14.94662,51.03107],[14.94703,51.03103],[14.94793,51.03147],[14.94841,51.03155],[14.94888,51.0314],[14.94917,51.03098],[14.949,51.03046],[14.9487,51.03025],[14.94779,51.03017],[14.94761,51.03001],[14.94781,51.02948],[14.94766,51.02828],[14.94595,51.02674],[14.94535,51.02639],[14.94382,51.02661],[14.94284,51.02625],[14.94054,51.02637],[14.94033,51.02622],[14.94041,51.02591],[14.94083,51.02568],[14.94109,51.02505],[14.94194,51.02473],[14.94219,51.02389],[14.9424,51.02371],[14.94196,51.02315],[14.94151,51.02316],[14.94106,51.02363],[14.94047,51.02393],[14.93985,51.02392],[14.93924,51.02359],[14.9391,51.02299],[14.93933,51.02258],[14.94051,51.022],[14.93995,51.02066],[14.9396,51.02056],[14.93854,51.02095],[14.93876,51.02169],[14.938,51.02218],[14.93748,51.02222],[14.93725,51.02199],[14.93759,51.02112],[14.93728,51.02093],[14.93617,51.02088],[14.9354,51.02055],[14.93509,51.02013],[14.93501,51.01951],[14.93532,51.01902],[14.93545,51.01842],[14.93583,51.0181],[14.93827,51.01783],[14.9389,51.0175],[14.93931,51.01702],[14.93799,51.01146],[14.93757,51.01075],[14.93636,51.01024],[14.93593,51.00962],[14.9354,51.0093],[14.93532,51.00886],[14.9343,51.0077],[14.93435,51.00721],[14.93486,51.00661],[14.93489,51.00616],[14.93357,51.00474],[14.93263,51.00305],[14.93067,51.0016],[14.92998,50.99962],[14.92904,50.99798],[14.92839,50.99745],[14.9268,50.99686],[14.92489,50.99665],[14.9234,50.99706],[14.92287,50.99752],[14.92037,50.99785],[14.9176,50.99573],[14.91719,50.99519],[14.91695,50.99446],[14.91723,50.99061],[14.91748,50.98998],[14.91985,50.98867],[14.92021,50.9883],[14.92029,50.98793],[14.91957,50.98676],[14.91915,50.98639],[14.91878,50.98541],[14.91884,50.98461],[14.9183,50.98256],[14.91839,50.98101],[14.919,50.97983],[14.91919,50.97911],[14.91867,50.97803],[14.91904,50.97699],[14.91964,50.97624],[14.91943,50.97535],[14.91813,50.97416],[14.91741,50.97392],[14.91546,50.9737],[14.91238,50.97304],[14.9067,50.97226],[14.90606,50.97205],[14.90308,50.97172],[14.90306,50.97124],[14.90412,50.96914],[14.90425,50.96837],[14.90403,50.96749],[14.90313,50.96597],[14.90255,50.96543],[14.90034,50.96463],[14.89982,50.96392],[14.89959,50.96331],[14.89988,50.96278],[14.90233,50.96217],[14.90383,50.96161],[14.90387,50.96122],[14.90358,50.96082],[14.90301,50.96065],[14.89977,50.96017],[14.8983,50.95979],[14.89762,50.95939],[14.89703,50.95825],[14.89669,50.95595],[14.89619,50.95465],[14.89523,50.95284],[14.89309,50.95008],[14.89296,50.94958],[14.89331,50.9489],[14.89539,50.94727],[14.89554,50.9466],[14.89491,50.94519],[14.89499,50.94457],[14.89636,50.94303],[14.89682,50.94227],[14.89689,50.94144],[14.89656,50.94065],[14.89433,50.93852],[14.89169,50.93562],[14.89077,50.93521],[14.88345,50.93353],[14.87903,50.93314],[14.87685,50.93235],[14.87585,50.93161],[14.87529,50.93077],[14.87491,50.92917],[14.87439,50.92808],[14.87385,50.92741],[14.87235,50.92613],[14.87209,50.92571],[14.87175,50.92486],[14.87178,50.92278],[14.87131,50.92206],[14.86993,50.92101],[14.86924,50.92018],[14.86867,50.91867],[14.86809,50.9179],[14.8672,50.91721],[14.8659,50.91664],[14.86221,50.91573],[14.86075,50.91506],[14.85692,50.91219],[14.85269,50.91114],[14.85164,50.91057],[14.85062,50.90965],[14.84681,50.90547],[14.84598,50.90425],[14.84487,50.90207],[14.84341,50.90065],[14.83747,50.89705],[14.83496,50.89507],[14.83031,50.89333],[14.8271,50.89092],[14.82239,50.88804],[14.82083,50.8867],[14.81956,50.88506],[14.81746,50.88052],[14.81737,50.87958],[14.81768,50.87859],[14.81841,50.87725],[14.81893,50.87502],[14.81945,50.87397],[14.82069,50.87259],[14.82325,50.8706],[14.824,50.87068],[14.82515,50.8711],[14.82745,50.8716],[14.82864,50.87202],[14.8288,50.87246],[14.82952,50.87273],[14.8312,50.87289],[14.83243,50.87251],[14.83315,50.87183],[14.83397,50.87153],[14.83464,50.87138],[14.83496,50.87148],[14.83533,50.87119],[14.83673,50.87096],[14.83827,50.86968],[14.84055,50.86904],[14.84255,50.86912],[14.84577,50.86992],[14.84643,50.86991],[14.84702,50.87025],[14.84783,50.87014],[14.84859,50.86974],[14.84927,50.86964],[14.85058,50.86913],[14.85263,50.86921],[14.85279,50.86907],[14.85268,50.8688],[14.85287,50.86866],[14.85461,50.86882],[14.85511,50.86911],[14.85542,50.86874],[14.85727,50.86925],[14.85739,50.86945],[14.85815,50.86954],[14.85857,50.86987],[14.85913,50.86967],[14.85985,50.86981],[14.86067,50.86967],[14.86114,50.87007],[14.86126,50.87006],[14.86129,50.8697],[14.86152,50.86965],[14.86192,50.86975],[14.86216,50.87007],[14.86247,50.86989],[14.8627,50.86996],[14.86266,50.87022],[14.86317,50.8702],[14.86379,50.87051],[14.86437,50.87288],[14.8647,50.87369],[14.8656,50.87461],[14.86633,50.87621],[14.86708,50.87723],[14.87385,50.87716],[14.87673,50.87672],[14.88212,50.87483],[14.88733,50.87229],[14.88943,50.87067],[14.89261,50.86941],[14.89491,50.86819],[14.89728,50.86736],[14.89753,50.86819],[14.89846,50.87001],[14.89934,50.87268],[14.90005,50.87379],[14.90033,50.87517],[14.90016,50.87596],[14.90168,50.87587],[14.90556,50.87554],[14.9096,50.87488],[14.91197,50.87406],[14.9143,50.87382],[14.91734,50.8728],[14.92063,50.8721],[14.92674,50.87126],[14.93279,50.87005],[14.93736,50.86942],[14.94015,50.86845],[14.94325,50.86659],[14.94805,50.86423],[14.95072,50.86379],[14.95726,50.86224],[14.95926,50.86193],[14.96285,50.86208],[14.96549,50.86302],[14.97044,50.86429],[14.97705,50.86748],[14.97906,50.86804],[14.98246,50.86777],[14.98492,50.86841],[14.98591,50.86915],[14.98669,50.8693],[14.98981,50.86937],[14.99308,50.86913],[14.99525,50.86966],[14.99617,50.86961],[14.99753,50.86904],[14.99932,50.86854],[15.00193,50.86878],[15.00207,50.86905],[15.0019,50.86965],[15.00211,50.87036],[15.00186,50.87178],[15.00213,50.87241],[15.00235,50.87452],[15.00147,50.87623],[15.00102,50.8768],[15.00015,50.87877],[14.99994,50.88004],[15.00001,50.88066],[14.99922,50.88505],[14.9985,50.8878],[14.99769,50.8897],[14.99617,50.89083],[14.99483,50.89127],[14.99398,50.89182],[14.99457,50.89185],[14.99483,50.89206],[14.99504,50.8924],[14.99479,50.8928],[14.99629,50.89438],[14.99661,50.89492],[14.99623,50.89603],[14.9963,50.89656],[14.99602,50.89814],[14.99618,50.90064],[14.9969,50.901],[14.99787,50.9011],[14.99881,50.90187],[15.00301,50.90458],[15.00565,50.90607],[15.00682,50.90722],[15.005,50.90783],[15.00366,50.90777],[14.99992,50.90624],[14.99915,50.90683],[14.99818,50.90781],[14.99871,50.90886],[14.99824,50.91054],[14.99853,50.91174],[14.99892,50.91217],[14.99889,50.91282],[14.99847,50.91356],[14.99704,50.9138],[14.9949,50.91511],[14.99464,50.91545],[14.99463,50.91646],[14.99371,50.917],[14.99357,50.91751],[14.99177,50.91829],[14.98945,50.92164],[14.99378,50.92561],[14.99466,50.92613],[14.99541,50.92706],[14.99607,50.9274],[14.99828,50.92779],[14.99986,50.92776],[15.00062,50.92803],[15.00173,50.92873],[15.0032,50.93037],[15.00371,50.9316],[15.006,50.93374],[15.00778,50.93586],[15.00956,50.93708],[15.01038,50.93806],[15.01243,50.93909],[15.01434,50.93983],[15.01397,50.94051],[15.01365,50.94185],[15.01308,50.94279],[15.013,50.9436],[15.01538,50.94964],[15.01528,50.95028],[15.01496,50.95169],[15.0133,50.95464],[15.01135,50.95862],[15.01111,50.9597],[15.01102,50.96236],[15.01075,50.96298],[15.0119,50.96301],[15.01232,50.96356],[15.01275,50.96355],[15.01308,50.96401],[15.01389,50.9642],[15.01464,50.96474],[15.01533,50.96551],[15.01632,50.96558],[15.01636,50.96605],[15.01729,50.9668],[15.01962,50.96663],[15.02042,50.96613],[15.0213,50.96643],[15.02171,50.96707],[15.02085,50.96822],[15.01976,50.96883],[15.01887,50.96999],[15.01615,50.97101],[15.01506,50.97224],[15.01452,50.97313],[15.01404,50.97479],[15.01224,50.97926],[15.01128,50.98092],[15.01102,50.98169],[15.01035,50.98263],[15.00739,50.98567],[15.00592,50.98656],[15.00599,50.98646],[15.00564,50.98619],[15.00522,50.9862],[15.00466,50.98593],[15.00476,50.98565],[15.00384,50.98544],[15.00371,50.98522],[15.00319,50.98535],[15.00317,50.98505],[15.00281,50.9851],[15.00278,50.98491],[15.00207,50.98462],[15.00152,50.98483],[15.00056,50.98456],[14.99991,50.98404],[14.99983,50.98389],[15.00017,50.98389],[14.99996,50.98357],[14.99912,50.9837],[14.99889,50.98353],[14.99844,50.98357],[14.99859,50.98345],[14.99828,50.98334],[14.99807,50.98341],[14.99825,50.98319],[14.99782,50.98321],[14.99745,50.98302],[14.99692,50.98317],[14.99677,50.98257],[14.99602,50.98243],[14.99598,50.98262],[14.99527,50.98271],[14.99491,50.98261],[14.99509,50.98242],[14.99471,50.98245],[14.99474,50.9823],[14.99448,50.98226],[14.99452,50.98209],[14.99375,50.98205],[14.99371,50.98173],[14.99302,50.98168],[14.99233,50.98123],[14.99188,50.98134],[14.99112,50.98078],[14.9916,50.98072],[14.99129,50.98042],[14.99083,50.98026],[14.99087,50.98006],[14.99025,50.97913],[14.98893,50.97803],[14.98756,50.97866],[14.98464,50.98041],[14.98074,50.98339],[14.97821,50.98505],[14.97716,50.986],[14.97415,50.98792],[14.97118,50.9891],[14.96824,50.99001],[14.97203,50.9943],[14.97434,50.99624],[14.97467,50.99666],[14.97466,50.99687],[14.97763,51.00055],[14.97831,51.00174],[14.98255,51.00519],[14.98384,51.00651],[14.98428,51.00738],[14.9841,51.008],[14.98426,51.00902],[14.98499,51.00972],[14.98542,51.01084],[14.98694,51.01096],[14.99083,51.01086],[14.99427,51.00978],[14.99724,51.00921],[14.99742,51.00977],[14.99809,51.0103],[14.99847,51.01091],[14.99945,51.01073],[15.00032,51.0109],[15.00127,51.01133],[15.00369,51.012],[15.006,51.0133],[15.00655,51.01378],[15.00815,51.01441],[15.00898,51.01547],[15.01023,51.01584],[15.01077,51.01564],[15.01204,51.01586],[15.01322,51.01576],[15.01432,51.01599],[15.01477,51.01639],[15.01495,51.01679],[15.01525,51.01687],[15.01504,51.01741],[15.01567,51.0182],[15.0156,51.01863],[15.0161,51.01888],[15.01619,51.01916],[15.01601,51.01927],[15.01617,51.01952],[15.01598,51.01974],[15.01609,51.01985],[15.0159,51.01996],[15.01605,51.02],[15.01593,51.02006],[15.01597,51.02037],[15.01584,51.02042],[15.01647,51.02181],[15.01718,51.02197],[15.01716,51.02212],[15.01733,51.02215],[15.01789,51.0219],[15.01891,51.02208],[15.01923,51.02229],[15.01956,51.02286],[15.02025,51.02312],[15.02058,51.023],[15.02083,51.02246],[15.02187,51.02201],[15.02195,51.02213],[15.02158,51.02253],[15.02162,51.02283],[15.02267,51.02243],[15.02305,51.02257],[15.0232,51.02312],[15.02419,51.02322],[15.02453,51.02312],[15.02459,51.02275],[15.0251,51.0225],[15.02532,51.02249],[15.02571,51.02292],[15.02649,51.02279],[15.02692,51.02316],[15.02726,51.02318],[15.02766,51.02266],[15.02682,51.02252],[15.02664,51.02234],[15.02673,51.02204],[15.02921,51.02202],[15.02917,51.02184],[15.0286,51.02146],[15.02875,51.02129],[15.02939,51.02139],[15.02943,51.02175],[15.02998,51.02195],[15.03145,51.02172],[15.03076,51.02142],[15.03124,51.02092],[15.03174,51.02108],[15.0321,51.02157],[15.03256,51.0215],[15.03262,51.02093],[15.03294,51.0205],[15.03303,51.02003],[15.03358,51.01967],[15.03287,51.01908],[15.03297,51.01845],[15.03424,51.01806],[15.03415,51.01747],[15.03519,51.01674],[15.03503,51.01659],[15.03472,51.01663],[15.03385,51.01705],[15.03389,51.01645],[15.03346,51.0161],[15.03286,51.01589],[15.03288,51.01552],[15.03327,51.01554],[15.03366,51.01533],[15.03376,51.01484],[15.03359,51.01457],[15.03476,51.01405],[15.03506,51.01349],[15.03534,51.01362],[15.03563,51.01348],[15.0356,51.01301],[15.03544,51.01284],[15.03864,51.0121],[15.04489,51.01167],[15.04678,51.01164],[15.05299,51.01221],[15.05566,51.01198],[15.05759,51.01297],[15.05789,51.01369],[15.05784,51.01438],[15.057,51.0178],[15.05723,51.019],[15.05759,51.01985],[15.05751,51.02056],[15.05739,51.0206],[15.05766,51.02109],[15.05772,51.02251],[15.061,51.0229],[15.06128,51.02248],[15.06269,51.02232],[15.06383,51.02151],[15.0658,51.0218],[15.06654,51.02159],[15.06686,51.02121],[15.06785,51.02115],[15.0682,51.02083],[15.068,51.02051],[15.0686,51.01861],[15.06933,51.01768],[15.07019,51.01784],[15.07156,51.01751],[15.07297,51.01774],[15.07309,51.01751],[15.07375,51.01736],[15.07375,51.0172],[15.07397,51.01709],[15.07379,51.01669],[15.07476,51.01679],[15.07555,51.01733],[15.07595,51.01719],[15.07605,51.01687],[15.07641,51.01671],[15.07619,51.01661],[15.07709,51.01644],[15.0772,51.0163],[15.0765,51.01508],[15.0767,51.01468],[15.07721,51.01431],[15.07685,51.01427],[15.07708,51.01406],[15.07686,51.01399],[15.077,51.0137],[15.07683,51.01341],[15.07873,51.01381],[15.07872,51.01368],[15.0792,51.01372],[15.07952,51.01389],[15.08036,51.01368],[15.08204,51.0138],[15.08419,51.01347],[15.08444,51.01376],[15.08435,51.01439],[15.08474,51.01476],[15.08506,51.01476],[15.08557,51.01456],[15.08614,51.01401],[15.08689,51.01421],[15.0889,51.01397],[15.08995,51.01422],[15.09137,51.01392],[15.0918,51.01363],[15.09259,51.01365],[15.09271,51.01343],[15.09295,51.01341],[15.09284,51.01316],[15.09314,51.01318],[15.09311,51.01292],[15.09378,51.0125],[15.09451,51.01253],[15.09456,51.01264],[15.09515,51.01251],[15.09543,51.01294],[15.09563,51.01284],[15.09611,51.01297],[15.09654,51.0133],[15.09695,51.01332],[15.09711,51.01309],[15.09734,51.01324],[15.09752,51.01312],[15.09841,51.01323],[15.09859,51.01295],[15.10104,51.01265],[15.10111,51.01237],[15.10264,51.01224],[15.10237,51.01197],[15.10256,51.01206],[15.10275,51.01195],[15.1027,51.01178],[15.10365,51.01165],[15.10357,51.01131],[15.10394,51.01139],[15.1041,51.01116],[15.10434,51.01134],[15.10468,51.01101],[15.10496,51.01114],[15.10526,51.01107],[15.10554,51.01075],[15.10601,51.01073],[15.10613,51.01061],[15.10604,51.01028],[15.10634,51.01016],[15.1067,51.01038],[15.10683,51.01026],[15.10674,51.00994],[15.10723,51.00975],[15.10697,51.00958],[15.10702,51.00948],[15.1073,51.0094],[15.10716,51.0091],[15.10686,51.00905],[15.10726,51.00887],[15.10695,51.00878],[15.10698,51.00846],[15.10704,51.0084],[15.10721,51.00852],[15.10745,51.00832],[15.10631,51.00778],[15.10597,51.00743],[15.10634,51.00737],[15.10618,51.00706],[15.10579,51.00723],[15.1058,51.00709],[15.10545,51.00697],[15.10554,51.00673],[15.10516,51.00678],[15.1053,51.00657],[15.10519,51.00651],[15.10521,51.00665],[15.10486,51.00671],[15.10486,51.00639],[15.10438,51.00606],[15.10423,51.00615],[15.10342,51.00585],[15.10264,51.00578],[15.102,51.00598],[15.10019,51.00565],[15.09924,51.0051],[15.0993,51.00471],[15.09968,51.00455],[15.09963,51.00428],[15.09928,51.0042],[15.09872,51.0044],[15.09846,51.00427],[15.09856,51.00411],[15.09823,51.00395],[15.09822,51.00377],[15.09794,51.00393],[15.09759,51.00367],[15.09781,51.00354],[15.09783,51.00325],[15.09694,51.00321],[15.09679,51.00293],[15.09712,51.00295],[15.09734,51.00268],[15.09697,51.00269],[15.097,51.0024],[15.09729,51.00224],[15.09686,51.00187],[15.09763,51.00134],[15.09778,51.00056],[15.09795,51.00048],[15.09788,51.00037],[15.09934,50.99898],[15.09884,50.99782],[15.09904,50.99775],[15.09892,50.99764],[15.09902,50.99763],[15.09904,50.99713],[15.09943,50.99702],[15.09954,50.99682],[15.10002,50.99673],[15.09985,50.99633],[15.10042,50.99628],[15.10043,50.99606],[15.10077,50.99594],[15.1005,50.99589],[15.10053,50.99567],[15.10029,50.9957],[15.10031,50.99557],[15.10063,50.99554],[15.10039,50.99539],[15.10053,50.99524],[15.10036,50.9952],[15.1006,50.99517],[15.10058,50.99499],[15.10034,50.99496],[15.10058,50.9948],[15.10078,50.99486],[15.1007,50.99475],[15.10103,50.99442],[15.10079,50.99397],[15.1012,50.99396],[15.10122,50.99363],[15.10163,50.9937],[15.10172,50.99353],[15.10269,50.99346],[15.10288,50.99331],[15.1027,50.99317],[15.10349,50.99261],[15.10402,50.99251],[15.1043,50.99213],[15.10514,50.9916],[15.10516,50.99138],[15.10583,50.99169],[15.10625,50.99149],[15.10685,50.99175],[15.10723,50.99162],[15.10795,50.99168],[15.10829,50.99198],[15.10892,50.99216],[15.10966,50.99158],[15.11035,50.99154],[15.11234,50.99212],[15.11275,50.99212],[15.11278,50.99223],[15.1133,50.99215],[15.11353,50.99233],[15.11481,50.99226],[15.11488,50.99207],[15.11537,50.99239],[15.11553,50.99221],[15.11717,50.99256],[15.11734,50.99247],[15.11881,50.99302],[15.11907,50.99294],[15.1199,50.99323],[15.12019,50.99311],[15.12014,50.99332],[15.1206,50.99321],[15.12075,50.99332],[15.12076,50.9932],[15.1217,50.9931],[15.12169,50.99293],[15.12197,50.99273],[15.12192,50.99258],[15.12269,50.99291],[15.12345,50.99286],[15.1233,50.99257],[15.12363,50.99266],[15.12498,50.99188],[15.12561,50.99182],[15.12581,50.99169],[15.12574,50.9914],[15.1261,50.9912],[15.12677,50.99126],[15.12697,50.99123],[15.12694,50.99107],[15.12722,50.99108],[15.12684,50.99083],[15.12706,50.99055],[15.12802,50.99014],[15.12816,50.99024],[15.12855,50.99013],[15.12876,50.99028],[15.129,50.99013],[15.12974,50.99039],[15.13073,50.99038],[15.13166,50.99094],[15.13185,50.99078],[15.13236,50.99085],[15.13355,50.99141],[15.13392,50.99133],[15.13409,50.9915],[15.13424,50.99141],[15.13461,50.99156],[15.13507,50.99136],[15.13526,50.99144],[15.13525,50.99161],[15.1359,50.99159],[15.13607,50.99173],[15.13615,50.99147],[15.13678,50.99154],[15.13724,50.99179],[15.13797,50.99152],[15.13836,50.99156],[15.13842,50.99186],[15.1389,50.99195],[15.13981,50.99183],[15.14016,50.99141],[15.141,50.99132],[15.14154,50.99115],[15.14152,50.991],[15.14211,50.99132],[15.14205,50.99241],[15.14232,50.99303],[15.14079,50.99361],[15.13658,50.99418],[15.13311,50.99389],[15.13415,50.99601],[15.13511,50.99931],[15.13672,51.00136],[15.14039,51.0046],[15.14173,51.00688],[15.14242,51.00766],[15.14256,51.00826],[15.14232,51.00891],[15.14255,51.00987],[15.14204,51.01035],[15.14223,51.01062],[15.1421,51.0107],[15.14349,51.0117],[15.14522,51.01248],[15.14437,51.01337],[15.15262,51.01431],[15.15699,51.01555],[15.16116,51.01635],[15.16523,51.01783],[15.16824,51.01852],[15.16944,51.01989],[15.17185,51.02003],[15.17176,51.01878],[15.17224,51.01738],[15.17237,51.01624],[15.17257,51.01575],[15.17356,51.01484],[15.17388,51.01288],[15.17468,51.01128],[15.17483,51.01029],[15.17462,51.0091],[15.17471,51.00753],[15.17449,51.00568],[15.17465,51.00455],[15.17452,51.0027],[15.17478,51.00073],[15.17466,50.9998],[15.17475,50.99885],[15.17516,50.9978],[15.17586,50.9947],[15.17649,50.99387],[15.17721,50.99346],[15.17709,50.99308],[15.17578,50.99198],[15.17606,50.99077],[15.1755,50.98867],[15.1751,50.98834],[15.17384,50.98794],[15.17298,50.98729],[15.17219,50.98707],[15.17133,50.98651],[15.17357,50.98609],[15.17534,50.98532],[15.17726,50.98505],[15.17828,50.98467],[15.17893,50.98418],[15.17985,50.98302],[15.18313,50.98271],[15.1846,50.98201],[15.18564,50.98171],[15.18787,50.98062],[15.18935,50.98019],[15.19184,50.98055],[15.19808,50.98278],[15.1995,50.98351],[15.20002,50.98401],[15.19965,50.98452],[15.19686,50.98704],[15.19661,50.98833],[15.1975,50.98923],[15.19807,50.98956],[15.19869,50.98949],[15.19939,50.98998],[15.20082,50.99032],[15.20161,50.99068],[15.20152,50.99076],[15.20211,50.99092],[15.20263,50.99144],[15.20297,50.99148],[15.20325,50.99188],[15.20351,50.99194],[15.20349,50.99213],[15.20409,50.99222],[15.20431,50.99251],[15.20511,50.99258],[15.20534,50.99244],[15.20625,50.99272],[15.20731,50.99273],[15.2078,50.9926],[15.20777,50.99238],[15.20801,50.99214],[15.20849,50.99223],[15.20852,50.99189],[15.20868,50.99176],[15.20888,50.99191],[15.20954,50.99168],[15.21001,50.99186],[15.2107,50.9917],[15.21115,50.99181],[15.2118,50.99225],[15.21195,50.99205],[15.21206,50.99215],[15.21287,50.99201],[15.2131,50.99216],[15.21305,50.99235],[15.21389,50.99244],[15.2157,50.99328],[15.21563,50.99383],[15.21597,50.99388],[15.21735,50.99466],[15.2185,50.99549],[15.22203,50.99575],[15.22391,50.99565],[15.22772,50.99601],[15.22965,50.99648],[15.23282,50.99805],[15.23656,50.99867],[15.23802,50.9986],[15.2402,50.99808],[15.24193,50.99739],[15.24233,50.99695],[15.24129,50.99604],[15.23816,50.99551],[15.23718,50.99457],[15.23875,50.99317],[15.23909,50.99254],[15.23908,50.99224],[15.24004,50.99177],[15.23985,50.99117],[15.23866,50.9906],[15.24037,50.98954],[15.24218,50.9887],[15.24303,50.98862],[15.2433,50.98839],[15.2429,50.98798],[15.24054,50.98702],[15.2393,50.98601],[15.24075,50.98504],[15.24103,50.98413],[15.24237,50.98428],[15.24321,50.98392],[15.24369,50.98347],[15.24347,50.98261],[15.24442,50.98244],[15.24521,50.98196],[15.24577,50.98191],[15.24718,50.98072],[15.24783,50.98042],[15.24845,50.97967],[15.24932,50.9802],[15.25125,50.98097],[15.25326,50.98093],[15.25399,50.98108],[15.25633,50.98086],[15.25874,50.98091],[15.26154,50.98054],[15.26756,50.97929],[15.2729,50.97935],[15.27407,50.97955],[15.27433,50.97896],[15.2754,50.97775],[15.2762,50.97598],[15.27614,50.97333],[15.27721,50.97163],[15.27611,50.96913],[15.27527,50.96806],[15.27497,50.96638],[15.27424,50.96491],[15.27389,50.9638],[15.27388,50.96291],[15.27544,50.96142],[15.27722,50.96098],[15.27827,50.96055],[15.28374,50.95972],[15.28503,50.95967],[15.2866,50.95866],[15.28811,50.958],[15.28959,50.95661],[15.29045,50.95515],[15.29204,50.95354],[15.29224,50.95264],[15.29062,50.95139],[15.29003,50.94742],[15.28872,50.9463],[15.28496,50.94448],[15.28298,50.944],[15.28075,50.9431],[15.27861,50.94185],[15.27785,50.94118],[15.2778,50.94015],[15.27731,50.93908],[15.27474,50.93782],[15.27008,50.93598],[15.26943,50.93524],[15.26933,50.93428],[15.26785,50.9325],[15.26767,50.93173],[15.26796,50.9307],[15.2688,50.92945],[15.26898,50.9275],[15.26967,50.92595],[15.26971,50.92546],[15.26944,50.92521],[15.2694,50.92483],[15.26852,50.92455],[15.26824,50.92426],[15.26816,50.92365],[15.26759,50.92335],[15.26745,50.92293],[15.26763,50.92227],[15.26744,50.92217],[15.26719,50.92158],[15.26724,50.92141],[15.26691,50.92078],[15.26692,50.92028],[15.26731,50.91978],[15.26747,50.91927],[15.26774,50.91917],[15.26768,50.91843],[15.2679,50.9177],[15.26829,50.91734],[15.26931,50.91683],[15.27075,50.91558],[15.27077,50.91515],[15.27097,50.91493],[15.27071,50.91414],[15.27037,50.91387],[15.27068,50.9131],[15.27055,50.91278],[15.27067,50.91238],[15.2705,50.91221],[15.27056,50.9118],[15.27032,50.91128],[15.27067,50.91056],[15.272,50.9093],[15.27327,50.9076],[15.27344,50.90717],[15.27332,50.90657],[15.27392,50.90428],[15.27608,50.90151],[15.27601,50.90079],[15.27686,50.89926],[15.27647,50.89825],[15.27643,50.89758],[15.27617,50.89682],[15.27699,50.8946],[15.27719,50.8945],[15.27757,50.89368],[15.27707,50.89102],[15.28444,50.88532],[15.28988,50.8817],[15.29242,50.87632],[15.30981,50.86144],[15.31065,50.86148],[15.3111,50.8613],[15.31145,50.86094],[15.31113,50.86066],[15.31184,50.86066],[15.31196,50.86053],[15.31174,50.86035],[15.31183,50.86018],[15.31226,50.86011],[15.31256,50.86024],[15.31268,50.86057],[15.31305,50.86079],[15.31374,50.8604],[15.3141,50.86062],[15.31483,50.86039],[15.31481,50.85976],[15.31736,50.86025],[15.31797,50.85988],[15.31827,50.86008],[15.31818,50.8603],[15.3184,50.86039],[15.31993,50.85975],[15.31958,50.85944],[15.31979,50.85938],[15.32104,50.85957],[15.32129,50.85981],[15.32213,50.86009],[15.32245,50.85957],[15.32228,50.85941],[15.32233,50.85923],[15.32319,50.85932],[15.32375,50.85862],[15.32434,50.85901],[15.32474,50.85908],[15.32507,50.85874],[15.32512,50.85847],[15.32644,50.8581],[15.32679,50.85821],[15.32667,50.85845],[15.32686,50.85855],[15.32794,50.85861],[15.32845,50.85891],[15.32886,50.85894],[15.32909,50.85869],[15.32838,50.8584],[15.32767,50.85747],[15.32839,50.85702],[15.32894,50.85694],[15.32911,50.8568],[15.32913,50.85645],[15.32964,50.85634],[15.33003,50.85655],[15.32955,50.85691],[15.32948,50.85711],[15.32967,50.85726],[15.33004,50.85721],[15.33015,50.85671],[15.33127,50.85649],[15.33177,50.85663],[15.33202,50.85698],[15.33257,50.857],[15.33293,50.85721],[15.33342,50.85674],[15.33389,50.85671],[15.33419,50.85625],[15.33483,50.85592],[15.33617,50.85643],[15.33742,50.8561],[15.33794,50.85648],[15.33853,50.85656],[15.33858,50.85676],[15.33809,50.85706],[15.33849,50.85721],[15.3393,50.85677],[15.34011,50.85658],[15.34006,50.85631],[15.3396,50.85624],[15.33911,50.85644],[15.33895,50.8561],[15.33949,50.85569],[15.34069,50.85541],[15.34087,50.85528],[15.34091,50.85465],[15.34213,50.85469],[15.34182,50.85533],[15.34201,50.85547],[15.34261,50.8555],[15.34298,50.85528],[15.34258,50.85466],[15.34389,50.85432],[15.34344,50.85379],[15.343,50.854],[15.34267,50.85391],[15.34267,50.85368],[15.34298,50.85345],[15.3435,50.85328],[15.34426,50.85349],[15.34464,50.85295],[15.34501,50.85291],[15.34544,50.85323],[15.34512,50.85343],[15.34519,50.85376],[15.34493,50.85398],[15.34559,50.85412],[15.34688,50.85289],[15.3467,50.85258],[15.34683,50.85248],[15.34743,50.8523],[15.34787,50.85248],[15.3486,50.85238],[15.34856,50.85195],[15.34812,50.85187],[15.34818,50.85167],[15.34915,50.85149],[15.34972,50.85193],[15.35021,50.85184],[15.35039,50.85155],[15.3496,50.85142],[15.34952,50.85125],[15.3497,50.851],[15.35018,50.85085],[15.3511,50.85098],[15.35176,50.85062],[15.3523,50.85065],[15.35261,50.85091],[15.35227,50.85147],[15.35271,50.85171],[15.35343,50.8515],[15.35411,50.85103],[15.35307,50.85062],[15.35297,50.85046],[15.35309,50.85027],[15.35433,50.84997],[15.3546,50.84953],[15.35548,50.84928],[15.35611,50.84885],[15.35635,50.84834],[15.35707,50.84774],[15.35818,50.84723],[15.35845,50.84694],[15.35861,50.84658],[15.35823,50.84601],[15.35864,50.84501],[15.35999,50.84418],[15.36047,50.84369],[15.36045,50.84277],[15.36027,50.84236],[15.36249,50.84144],[15.36283,50.841],[15.36261,50.8407],[15.36269,50.84049],[15.36326,50.84026],[15.36428,50.84023],[15.36428,50.8394],[15.36554,50.83923],[15.36565,50.83916],[15.36558,50.83876],[15.36582,50.83851],[15.36675,50.83822],[15.36752,50.83769],[15.36758,50.83739],[15.36731,50.83703],[15.36732,50.83663],[15.36921,50.83515],[15.37,50.834],[15.37007,50.83359],[15.36928,50.83214],[15.37092,50.82807],[15.37224,50.82593],[15.37241,50.82507],[15.37205,50.82438],[15.37219,50.82357],[15.37277,50.82309],[15.37447,50.82254],[15.37611,50.82115],[15.3759,50.82095],[15.37468,50.82085],[15.37364,50.82006],[15.37198,50.81913],[15.37182,50.81878],[15.37186,50.81807],[15.37049,50.81677],[15.37049,50.81567],[15.37004,50.81436],[15.37086,50.81379],[15.37158,50.81366],[15.37305,50.81305],[15.37347,50.81277],[15.37408,50.81181],[15.37426,50.81115],[15.37404,50.81077],[15.37287,50.80984],[15.37202,50.80818],[15.37214,50.80798],[15.37331,50.80811],[15.37396,50.80795],[15.37412,50.80783],[15.37401,50.80736],[15.3735,50.80707],[15.37291,50.80638],[15.36976,50.80578],[15.36869,50.80535],[15.36817,50.80487],[15.36747,50.80361],[15.3665,50.80269],[15.36618,50.80207],[15.36639,50.80167],[15.36772,50.801],[15.36994,50.79883],[15.3704,50.79817],[15.37042,50.79747],[15.37068,50.79711],[15.37249,50.79577],[15.37241,50.79408],[15.37155,50.7925],[15.37171,50.79221],[15.37308,50.79132],[15.37341,50.79034],[15.37406,50.78911],[15.37396,50.78875],[15.37212,50.78772],[15.37186,50.78706],[15.37298,50.78579],[15.37345,50.78478],[15.37258,50.78422],[15.37213,50.78341],[15.37167,50.78302],[15.37091,50.78266],[15.37047,50.78136],[15.36982,50.78115],[15.37189,50.78013],[15.37374,50.77809],[15.37476,50.77762],[15.37561,50.77762],[15.37902,50.77822],[15.38043,50.778],[15.38148,50.77762],[15.38362,50.77579],[15.38516,50.77548],[15.38893,50.77602],[15.39214,50.77587],[15.39413,50.77655],[15.39542,50.77737],[15.39646,50.7786],[15.39803,50.77953],[15.40183,50.78108],[15.40358,50.78224],[15.4042,50.78363],[15.40573,50.78475],[15.40761,50.78566],[15.40907,50.78681],[15.41029,50.78842],[15.4124,50.79067],[15.41276,50.79167],[15.41506,50.79278],[15.41586,50.79563],[15.41707,50.79676],[15.41853,50.79774],[15.41895,50.79924],[15.41895,50.80055],[15.42083,50.80324],[15.42276,50.80424],[15.4254,50.80633],[15.42832,50.8068],[15.43015,50.80724],[15.43098,50.80762],[15.43443,50.80811],[15.43876,50.80906],[15.43953,50.80906],[15.44373,50.80781],[15.45023,50.80711],[15.45093,50.80408],[15.45465,50.80238],[15.46158,50.80142],[15.46372,50.80095],[15.46758,50.79923],[15.46903,50.79805],[15.47113,50.79717],[15.47348,50.79675],[15.47524,50.79582],[15.47675,50.79465],[15.4781,50.79334],[15.47906,50.79201],[15.48053,50.79084],[15.48828,50.79014],[15.49047,50.78906],[15.49366,50.78823],[15.49626,50.78833],[15.49963,50.78887],[15.50111,50.78895],[15.50432,50.78953],[15.50716,50.79034],[15.511,50.79081],[15.51161,50.79002],[15.51226,50.78847],[15.51379,50.78712],[15.51516,50.78564],[15.51944,50.78201],[15.52431,50.777],[15.52845,50.77788],[15.53201,50.77884],[15.53899,50.78013],[15.54576,50.78042],[15.55429,50.77891],[15.55845,50.77685],[15.56402,50.77612],[15.57244,50.77742],[15.57875,50.77897],[15.58119,50.77848],[15.58541,50.77865],[15.5882,50.77819],[15.59113,50.7769],[15.59707,50.77697],[15.60176,50.77682],[15.60366,50.77631],[15.60777,50.77514],[15.60904,50.77462],[15.61143,50.77412],[15.61468,50.77308],[15.61643,50.77234],[15.61882,50.7695],[15.62062,50.76664],[15.62211,50.7652],[15.62679,50.76456],[15.63116,50.7633],[15.63566,50.76241],[15.64188,50.76075],[15.64436,50.76088],[15.64679,50.76068],[15.64864,50.75954],[15.65196,50.75951],[15.65654,50.75991],[15.65929,50.75986],[15.66174,50.75929],[15.66769,50.75675],[15.67111,50.75618],[15.67589,50.75562],[15.67782,50.75514],[15.6803,50.75477],[15.68392,50.75261],[15.68523,50.75073],[15.68865,50.74448],[15.68864,50.7428],[15.69064,50.74181],[15.69319,50.74093],[15.69525,50.73994],[15.70571,50.73725],[15.71168,50.73777],[15.71468,50.73738],[15.71775,50.73859],[15.72147,50.73955],[15.72337,50.73979],[15.72624,50.73936],[15.72852,50.73939],[15.73242,50.73706],[15.73302,50.73677],[15.73375,50.73669],[15.73426,50.7364],[15.73433,50.73617],[15.73503,50.73609],[15.73744,50.73636],[15.73978,50.73594],[15.74032,50.73625],[15.74084,50.73687],[15.74171,50.73714],[15.74244,50.73774],[15.74282,50.73779],[15.74451,50.73871],[15.74839,50.74024],[15.74983,50.7404],[15.75745,50.74295],[15.75794,50.74295],[15.75877,50.74335],[15.75977,50.74356],[15.76165,50.74385],[15.76534,50.74384],[15.7672,50.74369],[15.76951,50.74276],[15.77192,50.74235],[15.77324,50.74221],[15.77513,50.74242],[15.77922,50.74227],[15.78876,50.74675],[15.79002,50.74825],[15.79147,50.75265],[15.79491,50.75286],[15.79914,50.75248],[15.80589,50.75359],[15.81035,50.755],[15.8143,50.75538],[15.81619,50.75532],[15.81707,50.75466],[15.81789,50.75286],[15.81971,50.74976],[15.82364,50.74683],[15.82922,50.74386],[15.82954,50.74318],[15.83121,50.74309],[15.83194,50.74269],[15.83161,50.74234],[15.83156,50.74163],[15.83123,50.74128],[15.83117,50.74042],[15.83133,50.74015],[15.83108,50.73927],[15.83136,50.73897],[15.83088,50.73853],[15.83073,50.73793],[15.83037,50.73744],[15.83054,50.73707],[15.83045,50.73514],[15.83058,50.73408],[15.83112,50.73319],[15.83188,50.73238],[15.83136,50.73081],[15.83172,50.73014],[15.83036,50.7289],[15.83013,50.72779],[15.83077,50.72708],[15.83142,50.72663],[15.83147,50.72644],[15.83021,50.72515],[15.82994,50.72439],[15.83033,50.72409],[15.83092,50.724],[15.83181,50.72353],[15.83262,50.72186],[15.83339,50.72202],[15.83379,50.72185],[15.83421,50.72128],[15.83465,50.72026],[15.83633,50.71953],[15.83694,50.71913],[15.83726,50.71854],[15.83921,50.7176],[15.8399,50.71642],[15.84022,50.7152],[15.84054,50.71498],[15.84126,50.71486],[15.84213,50.71387],[15.8427,50.71283],[15.84304,50.71257],[15.84556,50.71144],[15.84618,50.71085],[15.84611,50.70995],[15.84679,50.7095],[15.84819,50.709],[15.84998,50.70897],[15.85105,50.70822],[15.8517,50.70695],[15.85137,50.70571],[15.8517,50.70485],[15.85178,50.70392],[15.85313,50.70057],[15.85468,50.69978],[15.85507,50.69917],[15.8569,50.69757],[15.85736,50.69682],[15.8577,50.69588],[15.85766,50.69412],[15.85909,50.69091],[15.859,50.6905],[15.85936,50.68986],[15.85925,50.68905],[15.85955,50.68863],[15.85988,50.68733],[15.86166,50.68523],[15.86192,50.68405],[15.86179,50.68312],[15.86312,50.68175],[15.8633,50.6813],[15.86335,50.6802],[15.86185,50.67741],[15.86136,50.67574],[15.86091,50.67491],[15.86096,50.67445],[15.86887,50.67363],[15.8711,50.67306],[15.87201,50.67251],[15.87339,50.67239],[15.87483,50.67188],[15.87698,50.67184],[15.87993,50.67123],[15.88188,50.67106],[15.88401,50.67116],[15.8848,50.6713],[15.88474,50.67154],[15.88509,50.6721],[15.88459,50.67327],[15.88509,50.67443],[15.88507,50.67535],[15.88787,50.67558],[15.89113,50.67617],[15.89692,50.67763],[15.90051,50.67831],[15.90671,50.67981],[15.90875,50.68054],[15.9101,50.68142],[15.91104,50.68176],[15.91497,50.6823],[15.91695,50.68282],[15.91774,50.68317],[15.91953,50.6846],[15.9205,50.68386],[15.9215,50.6836],[15.92196,50.68318],[15.92367,50.68235],[15.92403,50.68181],[15.92619,50.68075],[15.92775,50.68125],[15.92978,50.68286],[15.9302,50.68352],[15.93008,50.68363],[15.9302,50.68365],[15.93016,50.68426],[15.93052,50.68478],[15.93039,50.68511],[15.93136,50.68606],[15.9314,50.68627],[15.93183,50.68648],[15.9325,50.68652],[15.93323,50.68682],[15.93359,50.68669],[15.93357,50.68684],[15.93422,50.68687],[15.93448,50.68705],[15.93463,50.68683],[15.93488,50.68692],[15.93544,50.68671],[15.93895,50.68674],[15.93942,50.68688],[15.94068,50.68677],[15.94254,50.68704],[15.94563,50.6885],[15.94831,50.68925],[15.9499,50.69004],[15.95289,50.69066],[15.95431,50.69072],[15.95549,50.69133],[15.9596,50.69158],[15.96123,50.69185],[15.96717,50.69172],[15.97025,50.69066],[15.98274,50.68692],[15.98361,50.68645],[15.98483,50.68618],[15.98747,50.68501],[15.98875,50.68482],[15.99091,50.68341],[15.99123,50.6829],[15.99104,50.68225],[15.9906,50.68128],[15.98985,50.6803],[15.98959,50.67908],[15.98972,50.67829],[15.99021,50.6776],[15.99037,50.67701],[15.99087,50.67664],[15.99115,50.67593],[15.99268,50.67492],[15.99329,50.67371],[15.99373,50.67337],[15.9947,50.67304],[15.99778,50.6729],[15.99876,50.67249],[15.9989,50.67228],[15.99874,50.67165],[15.99806,50.67058],[15.99792,50.66846],[15.99916,50.66646],[15.99991,50.66606],[16.00039,50.66554],[16.0005,50.66464],[16.00023,50.66349],[16.0007,50.66252],[16.00122,50.66195],[16.00214,50.66028],[16.00308,50.65928],[16.00403,50.6586],[16.00434,50.65814],[16.00455,50.65711],[16.00435,50.65625],[16.00335,50.65508],[16.00365,50.65304],[16.00335,50.65129],[16.004,50.65027],[16.00457,50.64977],[16.00499,50.64862],[16.00426,50.64795],[16.00269,50.64694],[16.00235,50.64621],[16.00158,50.64549],[16.00098,50.64531],[16.00095,50.64479],[16.0023,50.64388],[16.00447,50.64308],[16.00543,50.64247],[16.00582,50.64146],[16.00611,50.64122],[16.0071,50.63955],[16.00689,50.63759],[16.00711,50.63716],[16.007,50.63686],[16.00713,50.63625],[16.00753,50.63577],[16.00828,50.63534],[16.00836,50.63474],[16.00855,50.63449],[16.01285,50.63378],[16.01427,50.63381],[16.01631,50.63329],[16.02088,50.63094],[16.02175,50.63017],[16.01779,50.62941],[16.01476,50.62852],[16.01193,50.62682],[16.00823,50.62507],[15.99919,50.62309],[15.99761,50.62252],[15.99266,50.6195],[15.99035,50.61791],[15.98873,50.6165],[15.98671,50.61522],[15.98636,50.61474],[15.98644,50.61348],[15.98886,50.61135],[15.99054,50.61054],[15.99319,50.60966],[15.9969,50.60883],[15.99813,50.60826],[15.99948,50.60789],[16.00023,50.60798],[16.00152,50.60772],[16.0022,50.60717],[16.00311,50.60677],[16.00619,50.60604],[16.00778,50.60528],[16.00853,50.6047],[16.0097,50.6055],[16.00982,50.60595],[16.01116,50.60685],[16.01265,50.60656],[16.01293,50.60625],[16.0144,50.60611],[16.01485,50.60583],[16.01517,50.60606],[16.0157,50.60611],[16.01587,50.60586],[16.01585,50.60544],[16.01628,50.60398],[16.01698,50.60244],[16.01872,50.6012],[16.01954,50.60026],[16.02235,50.59977],[16.02483,50.59862],[16.02604,50.59982],[16.02923,50.6038],[16.03275,50.60634],[16.039,50.61138],[16.04224,50.61376],[16.04262,50.61424],[16.04742,50.61272],[16.05212,50.61191],[16.05295,50.61089],[16.05407,50.61061],[16.05474,50.61015],[16.05608,50.6097],[16.05744,50.6114],[16.05814,50.61246],[16.05839,50.61312],[16.05836,50.61496],[16.05749,50.61622],[16.05735,50.61688],[16.05777,50.61817],[16.05772,50.61854],[16.0594,50.6206],[16.05972,50.62138],[16.05982,50.62503],[16.06024,50.62584],[16.06107,50.62678],[16.0619,50.62809],[16.06218,50.62923],[16.0624,50.6317],[16.06314,50.63268],[16.06347,50.63347],[16.0648,50.6342],[16.06512,50.63496],[16.06636,50.63593],[16.06689,50.63694],[16.06691,50.63823],[16.06725,50.63922],[16.06759,50.63972],[16.07172,50.64069],[16.07326,50.64161],[16.07473,50.64189],[16.07573,50.64232],[16.0775,50.64335],[16.0782,50.64408],[16.08054,50.64584],[16.08162,50.64628],[16.08381,50.64652],[16.08475,50.64708],[16.0861,50.64823],[16.08738,50.64977],[16.08774,50.65051],[16.08771,50.65148],[16.0879,50.65191],[16.08917,50.6527],[16.08997,50.65282],[16.09054,50.65242],[16.09145,50.65208],[16.09374,50.65297],[16.09506,50.653],[16.0977,50.65541],[16.09812,50.65624],[16.09814,50.65664],[16.09884,50.65742],[16.09901,50.65792],[16.09981,50.65869],[16.10014,50.65974],[16.10025,50.66103],[16.10053,50.66167],[16.10056,50.66222],[16.10077,50.66251],[16.10126,50.66275],[16.10312,50.66304],[16.10368,50.66336],[16.10554,50.66204],[16.10598,50.66194],[16.1073,50.66207],[16.10994,50.66148],[16.11125,50.66094],[16.11177,50.66028],[16.11191,50.65975],[16.11298,50.65862],[16.1135,50.65952],[16.11634,50.6604],[16.11881,50.66018],[16.12001,50.66052],[16.12101,50.66035],[16.12211,50.66064],[16.12324,50.66071],[16.12583,50.66058],[16.12645,50.66008],[16.12646,50.65979],[16.12678,50.65957],[16.12732,50.65877],[16.12749,50.65801],[16.12794,50.65757],[16.13098,50.65732],[16.13337,50.65636],[16.13447,50.65612],[16.13621,50.65407],[16.13667,50.65275],[16.13721,50.65213],[16.13795,50.65154],[16.13949,50.65078],[16.14056,50.6513],[16.14148,50.65149],[16.14194,50.65209],[16.14334,50.65202],[16.14376,50.65232],[16.14491,50.65245],[16.14838,50.65334],[16.15548,50.65049],[16.1564,50.64989],[16.15784,50.64943],[16.16116,50.64776],[16.16358,50.64687],[16.16526,50.64642],[16.16899,50.64583],[16.17037,50.64528],[16.17084,50.64499],[16.17123,50.64418],[16.17351,50.64202],[16.17696,50.63965],[16.17695,50.63837],[16.1772,50.63769],[16.17747,50.63593],[16.17864,50.6346],[16.18016,50.63364],[16.18016,50.63264],[16.17987,50.63174],[16.17993,50.62988],[16.17942,50.62908],[16.17938,50.62866],[16.18131,50.62833],[16.18233,50.62787],[16.1825,50.62761],[16.18417,50.6272],[16.18507,50.62734],[16.18631,50.62735],[16.18671,50.62722],[16.18797,50.62731],[16.18891,50.62787],[16.18993,50.62808],[16.19184,50.62888],[16.19252,50.62949],[16.19439,50.63039],[16.19546,50.63058],[16.19767,50.6305],[16.19881,50.63064],[16.19917,50.63078],[16.19914,50.63099],[16.19992,50.63111],[16.19994,50.6313],[16.20087,50.63171],[16.20258,50.63164],[16.20364,50.63207],[16.20514,50.63181],[16.20655,50.63185],[16.20977,50.63228],[16.21185,50.6321],[16.21404,50.63212],[16.21643,50.63272],[16.21736,50.63335],[16.22053,50.63649],[16.21977,50.63723],[16.21901,50.63831],[16.22035,50.63902],[16.22094,50.63977],[16.22074,50.63994],[16.22082,50.6402],[16.22064,50.64054],[16.22084,50.64057],[16.22055,50.64085],[16.22079,50.64094],[16.22068,50.64114],[16.22047,50.6411],[16.22053,50.64141],[16.22082,50.64158],[16.2205,50.64172],[16.22031,50.64224],[16.22084,50.64276],[16.2203,50.64347],[16.22032,50.64359],[16.22122,50.64385],[16.221,50.64423],[16.22107,50.64583],[16.22139,50.64676],[16.2213,50.64716],[16.22149,50.64848],[16.22182,50.64912],[16.22173,50.65062],[16.22148,50.65151],[16.22381,50.65332],[16.22509,50.6555],[16.22542,50.65615],[16.22566,50.65793],[16.22698,50.66215],[16.22913,50.66543],[16.2302,50.66736],[16.23024,50.66771],[16.23175,50.66936],[16.23341,50.67072],[16.23481,50.67157],[16.23571,50.67166],[16.23661,50.6712],[16.24072,50.66988],[16.24226,50.66965],[16.24505,50.67023],[16.24626,50.67026],[16.24822,50.6695],[16.25011,50.66937],[16.25179,50.6686],[16.25492,50.66772],[16.25574,50.66768],[16.25644,50.66743],[16.25836,50.66712],[16.26194,50.66818],[16.26332,50.66829],[16.26489,50.66825],[16.26662,50.6675],[16.26862,50.66728],[16.27094,50.66761],[16.27445,50.66744],[16.27605,50.66818],[16.27944,50.66821],[16.27997,50.66807],[16.28024,50.66748],[16.28026,50.66701],[16.27963,50.66601],[16.27959,50.66561],[16.28056,50.66498],[16.28131,50.66396],[16.28118,50.66369],[16.28149,50.66311],[16.28143,50.66271],[16.28184,50.66138],[16.28227,50.66096],[16.28411,50.66045],[16.28759,50.66077],[16.2909,50.6602],[16.29471,50.65981],[16.29705,50.66043],[16.30026,50.66084],[16.30498,50.65906],[16.30702,50.65993],[16.30824,50.66079],[16.31028,50.66108],[16.31275,50.66231],[16.313,50.66274],[16.31303,50.6633],[16.31352,50.66426],[16.31381,50.66447],[16.31521,50.66475],[16.31666,50.66463],[16.31991,50.66605],[16.32213,50.6666],[16.32789,50.66444],[16.32971,50.66433],[16.33183,50.66376],[16.33387,50.66253],[16.33621,50.66264],[16.33812,50.66224],[16.33968,50.66248],[16.34308,50.66151],[16.34315,50.66078],[16.34339,50.66023],[16.34343,50.65915],[16.3439,50.65837],[16.34399,50.65733],[16.34474,50.65619],[16.34556,50.65589],[16.34773,50.65377],[16.34941,50.6525],[16.34997,50.65079],[16.34988,50.64917],[16.35033,50.64885],[16.35057,50.64834],[16.35122,50.64785],[16.35245,50.64757],[16.35353,50.64708],[16.35607,50.6467],[16.35776,50.64688],[16.35948,50.64737],[16.36016,50.64798],[16.36132,50.64841],[16.36249,50.64832],[16.36408,50.6475],[16.36502,50.64693],[16.36521,50.64664],[16.36486,50.64542],[16.36506,50.64486],[16.36737,50.64248],[16.37004,50.6406],[16.37063,50.64001],[16.37066,50.6397],[16.37125,50.63939],[16.37231,50.6379],[16.37369,50.6366],[16.37575,50.63638],[16.37691,50.63693],[16.37729,50.63696],[16.3786,50.63695],[16.37948,50.63665],[16.37955,50.63652],[16.37818,50.63502],[16.37814,50.63443],[16.37864,50.63339],[16.37922,50.63288],[16.3793,50.63213],[16.38013,50.63116],[16.38038,50.63036],[16.38152,50.62919],[16.38296,50.62844],[16.38398,50.62765],[16.3846,50.62669],[16.38609,50.62498],[16.38804,50.62341],[16.39188,50.62086],[16.39446,50.61873],[16.39555,50.61843],[16.39959,50.61804],[16.40078,50.61823],[16.40201,50.61801],[16.40285,50.61805],[16.40496,50.61732],[16.40564,50.617],[16.40807,50.61502],[16.4086,50.61446],[16.40874,50.61381],[16.4094,50.61268],[16.41278,50.61013],[16.41703,50.60889],[16.41853,50.60869],[16.4213,50.60736],[16.42295,50.60633],[16.42445,50.60475],[16.42758,50.6005],[16.42834,50.59993],[16.43008,50.59905],[16.43181,50.59853],[16.4337,50.59649],[16.43356,50.59588],[16.43375,50.59506],[16.43457,50.59489],[16.43567,50.59389],[16.43804,50.5922],[16.43999,50.59021],[16.44049,50.5893],[16.44037,50.58836],[16.44086,50.58804],[16.44096,50.58765],[16.44332,50.5865],[16.44374,50.58574],[16.44431,50.58396],[16.44418,50.58356],[16.44427,50.58132],[16.44439,50.58069],[16.44491,50.57957],[16.43501,50.57534],[16.43191,50.57315],[16.42873,50.57202],[16.42637,50.57082],[16.42358,50.57019],[16.4211,50.5692],[16.41882,50.56866],[16.416,50.56847],[16.40794,50.5688],[16.40464,50.56927],[16.4034,50.56626],[16.404,50.56467],[16.40503,50.56372],[16.40836,50.56138],[16.40977,50.55876],[16.41065,50.5564],[16.41049,50.55466],[16.41058,50.55343],[16.41032,50.55257],[16.41058,50.54954],[16.41114,50.549],[16.41093,50.5479],[16.40772,50.54735],[16.40688,50.54703],[16.40638,50.54716],[16.4055,50.54696],[16.40448,50.54699],[16.40382,50.54683],[16.40382,50.54662],[16.40221,50.54653],[16.40156,50.54586],[16.40052,50.54577],[16.40034,50.54519],[16.39945,50.54522],[16.39922,50.54498],[16.3987,50.54504],[16.39905,50.54479],[16.39856,50.54461],[16.39836,50.54469],[16.39833,50.54455],[16.39778,50.54434],[16.39753,50.54446],[16.39735,50.54434],[16.39754,50.54425],[16.39671,50.54411],[16.3965,50.54388],[16.39582,50.54371],[16.39536,50.54386],[16.39525,50.54365],[16.395,50.54368],[16.3949,50.54348],[16.39416,50.54327],[16.39343,50.54335],[16.39221,50.54305],[16.39157,50.54308],[16.38977,50.54265],[16.38968,50.54241],[16.3891,50.54236],[16.38851,50.54266],[16.38754,50.54259],[16.38739,50.54198],[16.3874,50.54177],[16.38777,50.54153],[16.39432,50.53748],[16.39824,50.53454],[16.39677,50.53328],[16.39918,50.53189],[16.40178,50.52989],[16.40046,50.52903],[16.40026,50.52877],[16.39987,50.52744],[16.39959,50.52724],[16.39518,50.52639],[16.39449,50.5261],[16.39333,50.52532],[16.39192,50.52401],[16.38858,50.52184],[16.38669,50.52034],[16.38218,50.5191],[16.37986,50.51863],[16.37543,50.51709],[16.37394,50.51637],[16.37198,50.51444],[16.36973,50.511],[16.36734,50.50807],[16.36709,50.50728],[16.36596,50.50591],[16.36424,50.50424],[16.36035,50.50123],[16.35912,50.50081],[16.3575,50.50075],[16.357,50.50051],[16.3563,50.50048],[16.35377,50.49935],[16.35162,50.49798],[16.34971,50.49856],[16.34943,50.49835],[16.34901,50.49875],[16.34892,50.49919],[16.34837,50.49933],[16.34802,50.49857],[16.34766,50.49817],[16.34802,50.49756],[16.34776,50.49654],[16.34656,50.49626],[16.34623,50.49634],[16.3456,50.49596],[16.3438,50.49584],[16.34319,50.49644],[16.34349,50.4968],[16.34235,50.49745],[16.34172,50.49756],[16.34102,50.49736],[16.33989,50.49792],[16.33982,50.49809],[16.33863,50.49858],[16.33806,50.49915],[16.33815,50.49969],[16.33784,50.49962],[16.33727,50.49987],[16.33494,50.49969],[16.33425,50.49977],[16.33367,50.50032],[16.33414,50.50067],[16.33425,50.50193],[16.33395,50.50245],[16.33344,50.50293],[16.3325,50.50352],[16.33144,50.50353],[16.32784,50.50433],[16.32691,50.50485],[16.32564,50.50493],[16.32463,50.50548],[16.32357,50.50569],[16.32135,50.50737],[16.32074,50.50759],[16.31901,50.50787],[16.31823,50.50778],[16.31619,50.50725],[16.31562,50.50676],[16.31153,50.50613],[16.31029,50.50515],[16.31093,50.50269],[16.30962,50.50058],[16.30944,50.49937],[16.31208,50.49717],[16.31214,50.49593],[16.31255,50.49493],[16.31241,50.49411],[16.31043,50.49247],[16.3068,50.492],[16.30463,50.49099],[16.30168,50.49102],[16.30049,50.49148],[16.30067,50.49112],[16.30052,50.49092],[16.30107,50.49022],[16.30146,50.48999],[16.30163,50.48937],[16.3015,50.48874],[16.30012,50.48646],[16.29974,50.48521],[16.29859,50.48405],[16.29756,50.48337],[16.29656,50.48223],[16.29472,50.47968],[16.2941,50.47919],[16.29266,50.48],[16.29063,50.48062],[16.28854,50.48091],[16.28778,50.48093],[16.28617,50.48053],[16.28537,50.48011],[16.28503,50.4797],[16.28372,50.47984],[16.28336,50.47998],[16.28288,50.48042],[16.28284,50.48068],[16.28237,50.48103],[16.28149,50.48072],[16.2805,50.48115],[16.27692,50.48161],[16.27346,50.48254],[16.27343,50.48322],[16.27375,50.48407],[16.27146,50.48467],[16.27081,50.48453],[16.26999,50.48398],[16.27109,50.48327],[16.26851,50.48291],[16.26946,50.48181],[16.26983,50.48107],[16.26956,50.47986],[16.26964,50.47958],[16.27138,50.4786],[16.27247,50.47818],[16.2732,50.47751],[16.27423,50.47708],[16.27471,50.47658],[16.27331,50.47675],[16.27257,50.47654],[16.2708,50.47662],[16.2702,50.47679],[16.26982,50.4767],[16.26922,50.47611],[16.26858,50.47588],[16.2673,50.47675],[16.26645,50.47796],[16.26518,50.47936],[16.2648,50.48005],[16.26221,50.47991],[16.25871,50.48018],[16.25739,50.4791],[16.25622,50.47777],[16.25593,50.4772],[16.25522,50.47709],[16.2551,50.47692],[16.25514,50.47646],[16.25393,50.47642],[16.25156,50.47534],[16.25085,50.47452],[16.24919,50.47396],[16.24908,50.47351],[16.24903,50.47264],[16.24932,50.47194],[16.24988,50.4715],[16.25076,50.47125],[16.25224,50.47025],[16.25404,50.46929],[16.25504,50.46853],[16.2557,50.46762],[16.24568,50.46452],[16.24337,50.46306],[16.2411,50.46446],[16.23817,50.46586],[16.23795,50.46529],[16.2366,50.46555],[16.23354,50.46682],[16.23175,50.46616],[16.2344,50.46413],[16.23543,50.46352],[16.23521,50.46323],[16.2363,50.46079],[16.23525,50.45991],[16.23439,50.4602],[16.23364,50.45984],[16.23141,50.46026],[16.23127,50.45951],[16.22738,50.46038],[16.22699,50.45985],[16.22613,50.45983],[16.22577,50.45997],[16.22544,50.46037],[16.22428,50.46073],[16.22387,50.46055],[16.22337,50.45938],[16.22315,50.4592],[16.2228,50.45934],[16.2226,50.45924],[16.22267,50.45909],[16.22246,50.45903],[16.22259,50.45886],[16.22209,50.4585],[16.22214,50.45838],[16.22038,50.45789],[16.22358,50.45643],[16.22675,50.45546],[16.2304,50.4536],[16.23119,50.45152],[16.23053,50.45074],[16.23288,50.44925],[16.23406,50.44869],[16.2334,50.44732],[16.23343,50.44689],[16.2338,50.44656],[16.23363,50.44601],[16.23245,50.44515],[16.23216,50.44544],[16.23095,50.4447],[16.23153,50.44422],[16.23137,50.44389],[16.23189,50.44348],[16.2312,50.443],[16.23046,50.44273],[16.22531,50.44247],[16.22398,50.44208],[16.22401,50.4428],[16.22337,50.44388],[16.22176,50.44559],[16.22081,50.44626],[16.22099,50.44827],[16.22057,50.44851],[16.22162,50.44894],[16.22195,50.44947],[16.22142,50.45089],[16.21972,50.45186],[16.2171,50.45196],[16.21296,50.4517],[16.2119,50.45108],[16.21043,50.44976],[16.20977,50.44947],[16.20763,50.4488],[16.20645,50.44889],[16.20501,50.44865],[16.20491,50.44849],[16.20508,50.44847],[16.20492,50.44828],[16.2051,50.44818],[16.205,50.44801],[16.20523,50.44796],[16.20403,50.44635],[16.2031,50.44589],[16.20162,50.44465],[16.19883,50.44178],[16.19861,50.43654],[16.19868,50.43473],[16.19829,50.43412],[16.19694,50.43407],[16.19691,50.43386],[16.1963,50.43352],[16.19628,50.43325],[16.19586,50.43309],[16.19596,50.43271],[16.19558,50.43252],[16.19572,50.43244],[16.19571,50.43213],[16.19725,50.42999],[16.19828,50.42884],[16.20059,50.42903],[16.20396,50.4296],[16.20483,50.42937],[16.20657,50.42781],[16.20768,50.42741],[16.20896,50.42724],[16.20984,50.42679],[16.20998,50.42635],[16.2098,50.42572],[16.21007,50.42429],[16.21072,50.42304],[16.21191,50.42216],[16.21216,50.42136],[16.21221,50.41897],[16.21201,50.4185],[16.21385,50.41553],[16.21411,50.41469],[16.21136,50.41369],[16.21047,50.41124],[16.21179,50.41052],[16.21344,50.41009],[16.21447,50.4091],[16.21524,50.40888],[16.21681,50.40896],[16.21673,50.40866],[16.21686,50.40845],[16.21777,50.40828],[16.21806,50.40788],[16.21934,50.40776],[16.22092,50.40698],[16.22185,50.40692],[16.22195,50.40804],[16.22214,50.40799],[16.22257,50.40828],[16.22411,50.40869],[16.22661,50.4103],[16.2302,50.41218],[16.23256,50.41305],[16.23493,50.4137],[16.23811,50.41408],[16.23979,50.41337],[16.23946,50.41331],[16.23929,50.41274],[16.24064,50.4122],[16.24061,50.41152],[16.24168,50.41138],[16.24145,50.4102],[16.24162,50.40967],[16.24386,50.40873],[16.24662,50.40731],[16.2477,50.40706],[16.24883,50.40701],[16.25292,50.40564],[16.25327,50.4051],[16.25385,50.40316],[16.25193,50.40233],[16.25209,50.40155],[16.2519,50.39969],[16.24995,50.39955],[16.24999,50.39939],[16.24854,50.39903],[16.24735,50.39824],[16.24719,50.39715],[16.24738,50.39619],[16.24814,50.39544],[16.24814,50.39521],[16.24858,50.39505],[16.24893,50.39459],[16.24991,50.39413],[16.25015,50.39375],[16.25065,50.3935],[16.2518,50.3936],[16.253,50.39395],[16.25464,50.39363],[16.25601,50.39373],[16.2585,50.39433],[16.25979,50.39441],[16.26171,50.39418],[16.26305,50.39356],[16.26404,50.39239],[16.26523,50.39034],[16.26635,50.38893],[16.26739,50.38674],[16.26715,50.38504],[16.26563,50.38309],[16.26594,50.38161],[16.2672,50.37992],[16.26826,50.37909],[16.27213,50.37828],[16.27619,50.37666],[16.27686,50.3762],[16.27687,50.37428],[16.27665,50.37333],[16.2768,50.37279],[16.27806,50.3712],[16.2781,50.3708],[16.27786,50.37006],[16.27795,50.36945],[16.27853,50.36828],[16.27863,50.36744],[16.28092,50.3675],[16.28161,50.36732],[16.28145,50.36717],[16.28171,50.36701],[16.2819,50.36722],[16.2821,50.3671],[16.28272,50.36725],[16.28318,50.36714],[16.28346,50.36728],[16.28324,50.36737],[16.28345,50.3675],[16.28426,50.36723],[16.28423,50.36738],[16.28456,50.36735],[16.28509,50.3676],[16.2859,50.3675],[16.28627,50.36772],[16.28651,50.36757],[16.28655,50.36786],[16.28747,50.36844],[16.28822,50.36865],[16.28853,50.36892],[16.28966,50.36916],[16.28976,50.36931],[16.2895,50.36933],[16.28966,50.36971],[16.2907,50.36994],[16.29084,50.3698],[16.29116,50.37005],[16.2911,50.37023],[16.29156,50.37009],[16.29185,50.37027],[16.29187,50.37051],[16.29211,50.37074],[16.2927,50.37099],[16.29315,50.37152],[16.29335,50.37154],[16.29325,50.37341],[16.29342,50.37395],[16.29576,50.37637],[16.29758,50.37791],[16.29875,50.37861],[16.29934,50.37983],[16.29937,50.38004],[16.29914,50.38024],[16.29924,50.38076],[16.30003,50.38113],[16.301,50.38131],[16.30183,50.38204],[16.30229,50.38217],[16.30364,50.38211],[16.30469,50.38259],[16.30543,50.38256],[16.30596,50.38277],[16.30871,50.38312],[16.30958,50.38289],[16.31169,50.38193],[16.31324,50.38167],[16.31347,50.38127],[16.31413,50.38082],[16.31689,50.38018],[16.31853,50.38023],[16.31986,50.38053],[16.32165,50.38162],[16.32263,50.38197],[16.32627,50.38211],[16.32677,50.382],[16.32713,50.38162],[16.33067,50.3799],[16.33145,50.37979],[16.33382,50.37991],[16.33578,50.37913],[16.33734,50.37824],[16.34181,50.37787],[16.34852,50.38065],[16.35045,50.37983],[16.35147,50.37893],[16.35254,50.37861],[16.35338,50.3786],[16.35517,50.37935],[16.35721,50.37996],[16.35993,50.3798],[16.36066,50.37955],[16.36163,50.37859],[16.36224,50.37828],[16.36319,50.37724],[16.36491,50.37395],[16.36428,50.37305],[16.36413,50.37201],[16.36362,50.37102],[16.3636,50.37068],[16.36803,50.36696],[16.36562,50.36316],[16.36592,50.3599],[16.36589,50.35731],[16.36351,50.35515],[16.36116,50.35364],[16.36216,50.34973],[16.36465,50.34686],[16.37519,50.34228],[16.38323,50.32881],[16.3907,50.32337],[16.3919,50.3237],[16.39301,50.32352],[16.39401,50.32281],[16.39694,50.32122],[16.39926,50.31919],[16.40533,50.32014],[16.40619,50.32121],[16.40704,50.32143],[16.4073,50.32223],[16.40759,50.32258],[16.40782,50.32255],[16.40893,50.32334],[16.40973,50.32434],[16.41029,50.32435],[16.41077,50.32456],[16.41486,50.32446],[16.41581,50.3242],[16.41645,50.32422],[16.41714,50.32455],[16.41809,50.32464],[16.4185,50.32428],[16.41905,50.32423],[16.42081,50.3245],[16.42119,50.32475],[16.42211,50.32459],[16.42231,50.32484],[16.42271,50.32491],[16.42269,50.32503],[16.42428,50.32502],[16.42448,50.32522],[16.42584,50.32531],[16.42648,50.32522],[16.42696,50.3249],[16.42788,50.32495],[16.4281,50.32512],[16.42867,50.32505],[16.42876,50.32487],[16.42904,50.32481],[16.43003,50.32514],[16.43111,50.32464],[16.4313,50.3247],[16.43148,50.32454],[16.43131,50.32449],[16.43139,50.32427],[16.43199,50.3242],[16.43219,50.32385],[16.43198,50.32377],[16.43248,50.32358],[16.43234,50.32344],[16.43249,50.32339],[16.43241,50.32331],[16.43282,50.32327],[16.43273,50.32319],[16.43294,50.32296],[16.43331,50.32285],[16.43329,50.32268],[16.43348,50.32272],[16.43348,50.32256],[16.43389,50.32231],[16.43409,50.32236],[16.43399,50.32223],[16.43414,50.32209],[16.43441,50.32215],[16.43446,50.32199],[16.43479,50.32201],[16.43561,50.32167],[16.43576,50.32156],[16.43567,50.32147],[16.43652,50.32101],[16.43644,50.32078],[16.43689,50.32053],[16.43634,50.32021],[16.43657,50.32009],[16.43639,50.31996],[16.43638,50.31969],[16.43758,50.31875],[16.43731,50.31745],[16.43752,50.31718],[16.43816,50.31694],[16.43797,50.31643],[16.43864,50.31611],[16.43929,50.31552],[16.43997,50.31563],[16.44143,50.31437],[16.44194,50.31431],[16.44258,50.31378],[16.44337,50.31352],[16.444,50.31311],[16.44381,50.31268],[16.44442,50.31213],[16.44474,50.31161],[16.44525,50.31162],[16.44545,50.3109],[16.44624,50.31037],[16.4462,50.30984],[16.44654,50.30959],[16.44651,50.30911],[16.44701,50.30855],[16.44741,50.30779],[16.4474,50.30709],[16.44838,50.30579],[16.44805,50.30542],[16.44818,50.30501],[16.44851,50.30505],[16.44989,50.30423],[16.45038,50.30434],[16.45184,50.30396],[16.45216,50.30342],[16.45363,50.30291],[16.45459,50.30222],[16.45515,50.30128],[16.45489,50.30107],[16.45546,50.30061],[16.45558,50.30004],[16.45603,50.29985],[16.45635,50.29993],[16.45668,50.29957],[16.45713,50.29977],[16.45898,50.29892],[16.46071,50.29761],[16.46137,50.29743],[16.46199,50.29635],[16.46243,50.29629],[16.46302,50.29647],[16.46459,50.29568],[16.46453,50.29485],[16.46482,50.29434],[16.46427,50.29376],[16.46454,50.29364],[16.46513,50.29375],[16.46533,50.29343],[16.46474,50.29295],[16.46547,50.29208],[16.46629,50.29189],[16.46675,50.29136],[16.46729,50.29123],[16.46763,50.29041],[16.46813,50.29021],[16.46717,50.28984],[16.46679,50.2889],[16.4668,50.28855],[16.46631,50.28795],[16.46621,50.28756],[16.46674,50.28744],[16.46667,50.28687],[16.46834,50.28548],[16.46871,50.28534],[16.46912,50.28555],[16.46899,50.2853],[16.46964,50.28513],[16.47066,50.28419],[16.47148,50.28419],[16.47261,50.28364],[16.47262,50.2832],[16.47384,50.28246],[16.47393,50.28208],[16.47477,50.28139],[16.47501,50.28085],[16.4762,50.28017],[16.47721,50.27921],[16.47806,50.27812],[16.4787,50.27756],[16.4793,50.27747],[16.48012,50.27706],[16.48038,50.27669],[16.4805,50.27599],[16.48117,50.27564],[16.48027,50.27492],[16.48077,50.27468],[16.48117,50.27246],[16.48193,50.27141],[16.48276,50.27151],[16.4831,50.27074],[16.48333,50.27065],[16.4854,50.27077],[16.48653,50.27099],[16.48695,50.27076],[16.48674,50.27028],[16.4879,50.26961],[16.48899,50.26855],[16.4889,50.26776],[16.48903,50.26747],[16.48867,50.26699],[16.48922,50.26669],[16.48941,50.26577],[16.48995,50.26554],[16.48985,50.26528],[16.48945,50.26518],[16.48944,50.26503],[16.48978,50.26485],[16.48952,50.26457],[16.48973,50.26423],[16.49116,50.26365],[16.4918,50.26366],[16.49208,50.26408],[16.49235,50.26407],[16.49372,50.26351],[16.49478,50.26269],[16.49466,50.26231],[16.49564,50.26159],[16.49597,50.26098],[16.49664,50.26075],[16.49748,50.25984],[16.50018,50.26015],[16.5019,50.26065],[16.50354,50.26089],[16.5042,50.26076],[16.5049,50.26038],[16.50626,50.26029],[16.50717,50.25965],[16.50735,50.2589],[16.50725,50.25887],[16.50775,50.25836],[16.5081,50.25763],[16.5068,50.25599],[16.50671,50.25548],[16.50782,50.25443],[16.50847,50.25275],[16.50917,50.2525],[16.5095,50.25254],[16.51065,50.25205],[16.51103,50.25223],[16.51186,50.25196],[16.51386,50.25181],[16.51433,50.25162],[16.51447,50.25135],[16.51442,50.25073],[16.51319,50.2488],[16.51282,50.24742],[16.51411,50.24637],[16.51457,50.2458],[16.51587,50.24515],[16.51625,50.24425],[16.51702,50.24328],[16.51809,50.24268],[16.51922,50.24238],[16.51987,50.24182],[16.52054,50.24197],[16.52067,50.24169],[16.52062,50.24129],[16.52107,50.24057],[16.52127,50.2406],[16.52166,50.24108],[16.52197,50.24103],[16.52275,50.24045],[16.52276,50.24027],[16.5224,50.23986],[16.52287,50.23936],[16.52408,50.23913],[16.52694,50.23809],[16.52836,50.23788],[16.52919,50.2376],[16.53081,50.23821],[16.53286,50.23871],[16.5346,50.23837],[16.53538,50.23885],[16.53688,50.23907],[16.53756,50.23898],[16.53754,50.23728],[16.53784,50.23704],[16.53873,50.23694],[16.54061,50.23383],[16.54285,50.23237],[16.54361,50.23129],[16.54477,50.2311],[16.54499,50.23093],[16.54524,50.23003],[16.54602,50.22981],[16.54691,50.22989],[16.54711,50.22978],[16.54714,50.22953],[16.54742,50.22946],[16.54831,50.22976],[16.54907,50.22828],[16.54957,50.22769],[16.54949,50.22732],[16.54906,50.22701],[16.54895,50.22668],[16.54953,50.22599],[16.54946,50.22518],[16.55054,50.22418],[16.55143,50.22282],[16.553,50.22193],[16.55365,50.22173],[16.55506,50.22171],[16.55559,50.22091],[16.55674,50.22072],[16.55729,50.22045],[16.55764,50.21934],[16.55712,50.21871],[16.55676,50.21705],[16.55616,50.21663],[16.55549,50.21651],[16.55481,50.21582],[16.55404,50.21547],[16.55343,50.21496],[16.55394,50.21458],[16.55423,50.21412],[16.55493,50.21376],[16.55492,50.21359],[16.55571,50.21346],[16.55736,50.21376],[16.55819,50.21352],[16.55825,50.21334],[16.55787,50.21304],[16.55781,50.21278],[16.55848,50.21009],[16.55967,50.20888],[16.56128,50.20809],[16.56169,50.20761],[16.56111,50.2061],[16.56126,50.20545],[16.56056,50.20514],[16.55967,50.20443],[16.5571,50.20356],[16.55657,50.2035],[16.55593,50.20307],[16.55597,50.2028],[16.55682,50.2022],[16.55647,50.20151],[16.55662,50.20008],[16.55699,50.19955],[16.55586,50.19872],[16.55548,50.198],[16.55462,50.19704],[16.55444,50.19651],[16.55441,50.19569],[16.55495,50.19503],[16.55546,50.19373],[16.5563,50.19316],[16.55689,50.19296],[16.55735,50.1922],[16.55792,50.19184],[16.55788,50.19057],[16.55888,50.18912],[16.55862,50.18781],[16.55887,50.18694],[16.55693,50.18587],[16.55678,50.18567],[16.5571,50.18484],[16.55818,50.1842],[16.55958,50.18425],[16.56044,50.18411],[16.56196,50.18209],[16.56355,50.18032],[16.56382,50.17976],[16.56372,50.17875],[16.56251,50.17786],[16.56235,50.17739],[16.56169,50.17673],[16.56147,50.17594],[16.56012,50.17485],[16.55825,50.17398],[16.55845,50.17307],[16.5584,50.17242],[16.55783,50.17058],[16.56016,50.16802],[16.56091,50.16585],[16.56063,50.16466],[16.56111,50.16388],[16.56166,50.16339],[16.56244,50.16303],[16.56378,50.16329],[16.56554,50.16201],[16.56723,50.16126],[16.56853,50.16043],[16.57019,50.16014],[16.57186,50.15929],[16.57632,50.15842],[16.57836,50.15768],[16.57877,50.15732],[16.57894,50.15684],[16.57812,50.15645],[16.57772,50.15599],[16.57762,50.15552],[16.57783,50.15526],[16.57949,50.15484],[16.58076,50.1542],[16.58237,50.15389],[16.58359,50.15339],[16.58472,50.15256],[16.58541,50.15227],[16.58552,50.15203],[16.58526,50.15156],[16.58358,50.15067],[16.58223,50.15024],[16.5818,50.14978],[16.58181,50.14926],[16.5806,50.14893],[16.5802,50.14864],[16.58085,50.1476],[16.58189,50.14698],[16.58393,50.14629],[16.58459,50.14588],[16.58467,50.14565],[16.58422,50.14513],[16.5834,50.14457],[16.58045,50.14362],[16.5801,50.14321],[16.58008,50.14242],[16.5808,50.14249],[16.58104,50.14217],[16.58206,50.14209],[16.58227,50.1418],[16.58291,50.14179],[16.58358,50.14201],[16.58633,50.14119],[16.58661,50.14089],[16.58765,50.14053],[16.58844,50.14054],[16.58937,50.1401],[16.58946,50.14021],[16.59024,50.14013],[16.59068,50.14033],[16.59109,50.14024],[16.59143,50.14041],[16.59169,50.14029],[16.59214,50.1406],[16.59348,50.14034],[16.59428,50.14056],[16.59532,50.14047],[16.59583,50.1398],[16.59643,50.13987],[16.59724,50.13933],[16.59802,50.13915],[16.59847,50.13883],[16.59886,50.13892],[16.59895,50.13871],[16.59945,50.13849],[16.59938,50.13797],[16.59973,50.13771],[16.59985,50.13721],[16.60101,50.13658],[16.60101,50.13595],[16.60133,50.13592],[16.6016,50.13567],[16.60172,50.1358],[16.60168,50.13553],[16.60204,50.13529],[16.60205,50.13513],[16.60253,50.13496],[16.60268,50.13473],[16.60283,50.13482],[16.60288,50.13466],[16.60326,50.13466],[16.60334,50.13417],[16.60351,50.13401],[16.60409,50.13382],[16.60419,50.13392],[16.6047,50.1336],[16.6051,50.13375],[16.60516,50.13363],[16.60566,50.13369],[16.60592,50.1335],[16.60617,50.13366],[16.60641,50.13353],[16.60668,50.13367],[16.60763,50.13339],[16.60795,50.13358],[16.6086,50.13341],[16.60923,50.13349],[16.61017,50.13315],[16.61046,50.13319],[16.61063,50.13296],[16.61142,50.13283],[16.61181,50.13251],[16.61177,50.13239],[16.61305,50.13187],[16.61302,50.13173],[16.61353,50.13144],[16.61338,50.13146],[16.61345,50.13114],[16.61333,50.13111],[16.61349,50.13096],[16.61348,50.13062],[16.61302,50.13026],[16.61297,50.12997],[16.6131,50.12947],[16.613,50.12879],[16.61314,50.12867],[16.61303,50.12851],[16.61318,50.12806],[16.61282,50.12784],[16.6132,50.12751],[16.6133,50.1267],[16.61364,50.12656],[16.61363,50.1262],[16.61382,50.12614],[16.61375,50.12572],[16.61396,50.12511],[16.61473,50.12478],[16.61495,50.12449],[16.61607,50.12427],[16.61721,50.12351],[16.61793,50.12327],[16.6184,50.12292],[16.61833,50.12282],[16.61982,50.12196],[16.62351,50.12161],[16.62517,50.12102],[16.6258,50.12047],[16.62619,50.11969],[16.62712,50.11878],[16.62847,50.11678],[16.62904,50.11622],[16.62979,50.11556],[16.63195,50.11481],[16.63213,50.11337],[16.63298,50.1119],[16.6336,50.11134],[16.63859,50.11147],[16.64127,50.11217],[16.64331,50.1118],[16.64583,50.11097],[16.64842,50.11082],[16.6504,50.11011],[16.65349,50.10979],[16.65666,50.10876],[16.66092,50.108],[16.66314,50.10712],[16.66358,50.10661],[16.66466,50.10611],[16.6676,50.10551],[16.67315,50.10489],[16.67488,50.10409],[16.67577,50.1039],[16.67805,50.10377],[16.68218,50.10098],[16.68557,50.09963],[16.68931,50.09847],[16.6908,50.09856],[16.69254,50.09839],[16.69496,50.0978],[16.70118,50.097],[16.70256,50.0964],[16.70514,50.09644],[16.70603,50.09658],[16.70858,50.09773],[16.70988,50.09869],[16.7101,50.09907],[16.71126,50.09974],[16.71637,50.10114],[16.71978,50.10251],[16.72086,50.1031],[16.72229,50.10431],[16.72388,50.10525],[16.72342,50.10585],[16.72316,50.10667],[16.72348,50.10729],[16.72719,50.1097],[16.72786,50.11191],[16.72847,50.11299],[16.72859,50.11568],[16.72907,50.11688],[16.73377,50.12017],[16.73474,50.12216],[16.7355,50.12298],[16.73572,50.12379],[16.73629,50.12441],[16.73725,50.12485],[16.73753,50.12555],[16.73743,50.12598],[16.73766,50.12635],[16.73892,50.12738],[16.7408,50.12812],[16.74247,50.13083],[16.74448,50.13268],[16.74456,50.13399],[16.74504,50.13472],[16.74626,50.13511],[16.74866,50.13492],[16.74902,50.13511],[16.75087,50.13534],[16.75149,50.13512],[16.75284,50.1341],[16.75535,50.13394],[16.7555,50.134],[16.75568,50.13452],[16.75653,50.1353],[16.7584,50.13577],[16.76127,50.13598],[16.76166,50.13614],[16.76379,50.138],[16.76571,50.13885],[16.76709,50.13989],[16.76777,50.14017],[16.77057,50.14077],[16.77311,50.1419],[16.77485,50.14231],[16.77565,50.14273],[16.77852,50.14367],[16.78172,50.14437],[16.78335,50.1456],[16.78323,50.14578],[16.7835,50.14656],[16.78341,50.14748],[16.78354,50.148],[16.78303,50.1487],[16.782,50.14942],[16.78162,50.15133],[16.78284,50.15211],[16.78532,50.15279],[16.78632,50.15326],[16.78676,50.15449],[16.78733,50.15471],[16.78951,50.15639],[16.79044,50.15686],[16.79447,50.16132],[16.79504,50.16222],[16.79498,50.16259],[16.79736,50.16565],[16.79722,50.16647],[16.79749,50.16815],[16.79891,50.17137],[16.79902,50.17281],[16.79892,50.17375],[16.79858,50.17393],[16.7985,50.1742],[16.79854,50.17481],[16.79904,50.17584],[16.79957,50.17643],[16.79927,50.17732],[16.79944,50.17795],[16.80068,50.18011],[16.80168,50.1806],[16.8022,50.18125],[16.8039,50.18244],[16.80541,50.18273],[16.80543,50.18325],[16.80613,50.18439],[16.80659,50.18505],[16.80715,50.1855],[16.8074,50.18607],[16.80858,50.18756],[16.80921,50.18804],[16.8099,50.18934],[16.81299,50.1914],[16.81564,50.19217],[16.81679,50.19208],[16.81834,50.19135],[16.82285,50.18866],[16.82436,50.18998],[16.82421,50.1907],[16.82383,50.19128],[16.8238,50.19219],[16.82587,50.1946],[16.82661,50.1947],[16.82859,50.19562],[16.83156,50.19653],[16.83219,50.19733],[16.833,50.19746],[16.83433,50.19706],[16.83527,50.19736],[16.83589,50.19793],[16.83608,50.19885],[16.8358,50.19946],[16.83478,50.2003],[16.83474,50.201],[16.83533,50.20215],[16.83519,50.20241],[16.84691,50.20728],[16.84863,50.20764],[16.84907,50.20746],[16.8494,50.20726],[16.8503,50.20605],[16.8507,50.20583],[16.85114,50.20497],[16.85145,50.20479],[16.85337,50.20404],[16.85436,50.20398],[16.85483,50.20362],[16.85619,50.20316],[16.85802,50.20276],[16.85949,50.20197],[16.86188,50.2011],[16.86235,50.20043],[16.86253,50.19963],[16.86235,50.19877],[16.86279,50.19824],[16.86373,50.19813],[16.86551,50.19831],[16.86803,50.19795],[16.86982,50.19743],[16.87046,50.19742],[16.87163,50.19696],[16.87539,50.19765],[16.8759,50.19784],[16.87641,50.19837],[16.87995,50.19949],[16.88192,50.19955],[16.88274,50.19984],[16.88318,50.20021],[16.88416,50.20168],[16.88409,50.20235],[16.88473,50.20369],[16.88463,50.20622],[16.88423,50.20685],[16.88395,50.20831],[16.88448,50.21063],[16.88437,50.21158],[16.88488,50.21218],[16.88503,50.21306],[16.88561,50.21376],[16.88651,50.21438],[16.88754,50.21564],[16.88877,50.21627],[16.88993,50.21656],[16.89172,50.21674],[16.89263,50.21714],[16.89364,50.21724],[16.89394,50.21751],[16.89455,50.21743],[16.89651,50.21778],[16.89808,50.21859],[16.89834,50.21908],[16.89805,50.22032],[16.89825,50.22089],[16.89792,50.22144],[16.89814,50.22167],[16.898,50.22202],[16.89864,50.22266],[16.89948,50.22295],[16.89991,50.2229],[16.90091,50.22313],[16.90482,50.22296],[16.90734,50.22377],[16.90993,50.22401],[16.91122,50.22437],[16.91227,50.22501],[16.91254,50.2254],[16.91347,50.22535],[16.91738,50.22619],[16.92128,50.2259],[16.92224,50.22575],[16.9227,50.22551],[16.92349,50.22548],[16.92424,50.22514],[16.92471,50.22467],[16.92546,50.22423],[16.92592,50.22385],[16.92591,50.2236],[16.92616,50.22338],[16.92696,50.22303],[16.92771,50.22307],[16.92885,50.2228],[16.92975,50.22282],[16.93069,50.22317],[16.93168,50.22308],[16.93301,50.22351],[16.93488,50.2237],[16.93587,50.22336],[16.93673,50.22339],[16.93795,50.22291],[16.93877,50.22238],[16.93934,50.22233],[16.94103,50.22245],[16.94122,50.22274],[16.9418,50.22296],[16.94476,50.22301],[16.9498,50.22132],[16.95045,50.2216],[16.9522,50.22171],[16.95425,50.22227],[16.95595,50.22252],[16.95688,50.22305],[16.9581,50.22448],[16.95797,50.22496],[16.9582,50.22586],[16.95844,50.2261],[16.96149,50.22759],[16.96315,50.22874],[16.96584,50.22979],[16.96593,50.23041],[16.96545,50.23131],[16.96431,50.23241],[16.96337,50.23267],[16.96259,50.23328],[16.96222,50.23383],[16.96213,50.23456],[16.96113,50.23527],[16.96133,50.23565],[16.96194,50.23606],[16.96194,50.23638],[16.96162,50.23657],[16.96162,50.23713],[16.96279,50.23825],[16.96276,50.23867],[16.96323,50.23905],[16.96499,50.23955],[16.96604,50.24036],[16.9673,50.24086],[16.96834,50.24168],[16.96917,50.24176],[16.96966,50.24211],[16.97165,50.24284],[16.97327,50.24315],[16.97457,50.24367],[16.97466,50.24424],[16.97592,50.24482],[16.97682,50.24479],[16.97768,50.24433],[16.97824,50.24343],[16.97855,50.24339],[16.9797,50.24259],[16.98036,50.24164],[16.98006,50.24117],[16.98072,50.24028],[16.98084,50.23835],[16.98111,50.23759],[16.98062,50.23581],[16.98213,50.23376],[16.98296,50.23294],[16.9842,50.23268],[16.98614,50.23178],[16.98743,50.23021],[16.98863,50.22927],[16.98875,50.22899],[16.99054,50.22825],[16.99223,50.22682],[16.99278,50.22608],[16.99288,50.22561],[16.99329,50.22515],[16.99328,50.22401],[16.99381,50.22371],[16.99413,50.22328],[16.99437,50.22092],[16.99453,50.2206],[16.9956,50.21918],[16.99593,50.21819],[16.99662,50.21754],[16.99687,50.21666],[16.99854,50.21588],[17.00239,50.21639],[17.0042,50.21678],[17.00514,50.21721],[17.00719,50.2175],[17.00757,50.21784],[17.00963,50.21794],[17.01202,50.21878],[17.01451,50.21925],[17.01535,50.21971],[17.01641,50.22112],[17.0164,50.22148],[17.018,50.2232],[17.0184,50.22336],[17.01897,50.22402],[17.02026,50.22478],[17.0206,50.22529],[17.02058,50.22583],[17.02125,50.22646],[17.02444,50.22721],[17.02511,50.22786],[17.02635,50.22847],[17.02674,50.22908],[17.02748,50.22927],[17.02831,50.22999],[17.02739,50.23082],[17.0244,50.2327],[17.02191,50.23558],[17.02028,50.23685],[17.01791,50.23808],[17.0153,50.24044],[17.01152,50.24137],[17.01067,50.24271],[17.0116,50.24795],[17.01081,50.24923],[17.00643,50.25158],[17.00329,50.25298],[17.00155,50.2564],[17.00627,50.25937],[17.00863,50.25966],[17.00985,50.26025],[17.01221,50.26279],[17.01332,50.26371],[17.01321,50.26432],[17.01372,50.26493],[17.0147,50.26545],[17.01655,50.26734],[17.01715,50.26818],[17.01747,50.26984],[17.01802,50.27096],[17.01805,50.27183],[17.01781,50.2726],[17.01775,50.27381],[17.01912,50.27661],[17.0192,50.27705],[17.02004,50.27826],[17.01993,50.27856],[17.019,50.27911],[17.01773,50.28027],[17.01751,50.28067],[17.01727,50.28212],[17.01654,50.28362],[17.0165,50.28529],[17.01581,50.2867],[17.01511,50.28746],[17.01467,50.28846],[17.01296,50.28962],[17.01221,50.29111],[17.00978,50.2934],[17.00902,50.29529],[17.00824,50.29575],[17.0037,50.2963],[17.00419,50.29715],[17.00436,50.29869],[17.00355,50.29957],[17.00264,50.30212],[17.00063,50.30307],[16.99932,50.30259],[16.99721,50.30225],[16.99345,50.30235],[16.98862,50.30367],[16.98656,50.30456],[16.985,50.30488],[16.98353,50.30577],[16.97667,50.30719],[16.97353,50.30818],[16.97239,50.30892],[16.97164,50.30986],[16.9717,50.31023],[16.97152,50.31107],[16.96955,50.31274],[16.96946,50.31352],[16.96877,50.31554],[16.96826,50.31593],[16.96473,50.31514],[16.962,50.31424],[16.96151,50.31373],[16.96102,50.31256],[16.95774,50.31245],[16.95585,50.31222],[16.95455,50.3127],[16.95122,50.31328],[16.9497,50.31392],[16.94833,50.31473],[16.94614,50.31539],[16.94623,50.31784],[16.94072,50.31979],[16.94025,50.32032],[16.93882,50.32319],[16.93794,50.32546],[16.93801,50.32587],[16.93733,50.32637],[16.9368,50.32719],[16.93525,50.32844],[16.93442,50.32986],[16.93431,50.33079],[16.93516,50.33113],[16.93847,50.33311],[16.93751,50.33448],[16.93685,50.33636],[16.93671,50.33746],[16.93648,50.33783],[16.93643,50.33924],[16.9368,50.34016],[16.93771,50.3415],[16.93748,50.34221],[16.93608,50.34346],[16.93331,50.34465],[16.93272,50.34508],[16.93168,50.34541],[16.93031,50.34558],[16.92983,50.34582],[16.92881,50.34743],[16.92582,50.34988],[16.92539,50.35068],[16.92438,50.35188],[16.92272,50.35438],[16.92158,50.35508],[16.92133,50.3558],[16.91969,50.35814],[16.91935,50.36022],[16.91892,50.36019],[16.91729,50.36116],[16.91657,50.36168],[16.91537,50.36298],[16.91551,50.36304],[16.91573,50.36402],[16.91567,50.365],[16.91627,50.36586],[16.91834,50.36742],[16.91957,50.36897],[16.9193,50.36995],[16.91858,50.37082],[16.91725,50.37302],[16.91686,50.37396],[16.91652,50.37708],[16.91436,50.37995],[16.91506,50.38195],[16.91506,50.38247],[16.91405,50.38328],[16.91245,50.38392],[16.91017,50.38518],[16.91105,50.38741],[16.91089,50.38829],[16.91097,50.38904],[16.90824,50.39106],[16.90709,50.39131],[16.90393,50.39091],[16.9006,50.3897],[16.89902,50.3896],[16.89549,50.39131],[16.89374,50.3932],[16.89284,50.39512],[16.89016,50.39674],[16.88489,50.39868],[16.88152,50.39906],[16.88056,50.39945],[16.87962,50.40008],[16.87218,50.4029],[16.87122,50.40352],[16.86953,50.40537],[16.86669,50.4075],[16.86376,50.4089],[16.86246,50.40917],[16.86032,50.40775],[16.86004,50.40841],[16.86049,50.40938],[16.86043,50.41097],[16.86078,50.4115],[16.86155,50.4121],[16.8636,50.41308],[16.86383,50.41361],[16.86455,50.41444],[16.86598,50.41521],[16.86637,50.41506],[16.86739,50.41569],[16.86815,50.4159],[16.86958,50.41708],[16.86879,50.41801],[16.86869,50.42056],[16.86904,50.42086],[16.86922,50.42251],[16.87017,50.42361],[16.87227,50.4255],[16.87511,50.4275],[16.87581,50.42818],[16.87662,50.43127],[16.87633,50.43188],[16.8756,50.43228],[16.87556,50.43263],[16.87683,50.43394],[16.87853,50.4346],[16.88072,50.43616],[16.88019,50.43733],[16.88059,50.43935],[16.8806,50.441],[16.88112,50.4424],[16.88256,50.44308],[16.8831,50.44349],[16.88391,50.44354],[16.88671,50.44419],[16.89012,50.44407],[16.89212,50.44371],[16.89285,50.44338],[16.89348,50.44346],[16.89451,50.44385],[16.89736,50.44711],[16.8985,50.44772],[16.90109,50.44811],[16.90455,50.44827],[16.9079,50.44945],[16.91155,50.44728],[16.91758,50.44459],[16.9206,50.44194],[16.92194,50.4405],[16.92444,50.43973],[16.92701,50.43843],[16.92888,50.43824],[16.931,50.43747],[16.9341,50.43683],[16.93844,50.43538],[16.94165,50.43508],[16.94607,50.43397],[16.94903,50.43279],[16.9499,50.43217],[16.95181,50.4312],[16.95323,50.43015],[16.95613,50.42868],[16.96337,50.42603],[16.96544,50.42443],[16.96605,50.42432],[16.97123,50.42137],[16.97278,50.41992],[16.97401,50.41776],[16.98189,50.41958],[16.98338,50.42008],[16.99535,50.42574],[16.99829,50.42775],[17.00343,50.42575],[17.00615,50.42449],[17.00783,50.42325],[17.01058,50.42051],[17.01353,50.41858],[17.01435,50.41879],[17.01665,50.41992],[17.01777,50.42074],[17.01834,50.42141],[17.02003,50.42164],[17.02355,50.42132],[17.02427,50.42147],[17.02642,50.41823],[17.02718,50.41766],[17.02792,50.41737],[17.02976,50.41539],[17.03029,50.41512],[17.03332,50.41485],[17.03792,50.41485],[17.03812,50.41474],[17.03833,50.41417],[17.04157,50.41187],[17.04491,50.41049],[17.05253,50.40696],[17.05589,50.40687],[17.06447,50.40625],[17.06839,50.4057],[17.07111,50.40508],[17.07554,50.40434],[17.08096,50.40224],[17.08129,50.4023],[17.08234,50.402],[17.08298,50.40306],[17.08251,50.40354],[17.08354,50.40512],[17.08346,50.40549],[17.08514,50.40579],[17.08939,50.40601],[17.102,50.4062],[17.11075,50.40496],[17.11129,50.39656],[17.11111,50.39369],[17.11687,50.39415],[17.1216,50.39429],[17.12353,50.39408],[17.12419,50.39335],[17.12572,50.39239],[17.12958,50.39118],[17.1318,50.38947],[17.13419,50.3869],[17.14333,50.38042],[17.14785,50.38092],[17.14861,50.38134],[17.14926,50.3815],[17.1521,50.38155],[17.15298,50.38152],[17.15722,50.38007],[17.15957,50.38117],[17.16117,50.38267],[17.16252,50.38366],[17.16754,50.38426],[17.17947,50.38616],[17.18303,50.38792],[17.18373,50.38907],[17.18384,50.38982],[17.18404,50.38996],[17.18928,50.38933],[17.20318,50.38659],[17.20386,50.38619],[17.20342,50.38455],[17.20349,50.38343],[17.20216,50.38357],[17.20207,50.38271],[17.20218,50.38209],[17.20294,50.38173],[17.20152,50.37908],[17.20065,50.3781],[17.20021,50.37721],[17.19955,50.37659],[17.19911,50.37508],[17.19965,50.37225],[17.19988,50.36782],[17.20114,50.36402],[17.20371,50.36257],[17.20717,50.3611],[17.20773,50.36053],[17.20988,50.35954],[17.21305,50.35754],[17.21277,50.35663],[17.21307,50.35629],[17.21447,50.35519],[17.21627,50.3534],[17.21828,50.35083],[17.21998,50.34972],[17.22092,50.34885],[17.22328,50.34615],[17.22462,50.34521],[17.22883,50.34307],[17.23207,50.34178],[17.23399,50.34157],[17.2355,50.34107],[17.23841,50.33906],[17.23878,50.33811],[17.2395,50.3378],[17.24209,50.33728],[17.24515,50.33503],[17.24703,50.33386],[17.24728,50.33314],[17.24705,50.33239],[17.24732,50.33207],[17.25236,50.33024],[17.25713,50.32896],[17.25872,50.32865],[17.26367,50.32822],[17.2643,50.32802],[17.26619,50.32713],[17.26765,50.32579],[17.27402,50.32183],[17.27839,50.32009],[17.28205,50.31901],[17.2836,50.31876],[17.28503,50.31877],[17.28993,50.3175],[17.29156,50.31756],[17.29466,50.31868],[17.2966,50.31912],[17.30003,50.31938],[17.30124,50.31978],[17.30345,50.32014],[17.30769,50.3203],[17.31067,50.32016],[17.31276,50.32048],[17.31606,50.32215],[17.32145,50.32434],[17.32352,50.32552],[17.32665,50.32654],[17.32779,50.3271],[17.33953,50.32756],[17.34866,50.32835],[17.35003,50.32534],[17.34823,50.3228],[17.3451,50.32286],[17.34049,50.32268],[17.33751,50.31306],[17.33882,50.31296],[17.34006,50.31244],[17.34326,50.31172],[17.34533,50.31227],[17.34862,50.31179],[17.34942,50.3114],[17.34979,50.31103],[17.35061,50.31073],[17.35122,50.3102],[17.35133,50.3098],[17.35236,50.30907],[17.3527,50.30864],[17.35368,50.30804],[17.3533,50.30682],[17.35235,50.30674],[17.35135,50.30642],[17.35159,50.30566],[17.35157,50.30507],[17.3513,50.30445],[17.35101,50.3029],[17.3505,50.30213],[17.34942,50.30154],[17.34788,50.30027],[17.34634,50.29855],[17.34599,50.29783],[17.34616,50.29723],[17.34607,50.2959],[17.34505,50.29381],[17.34472,50.29218],[17.34472,50.2913],[17.34537,50.29014],[17.34721,50.28899],[17.34727,50.28861],[17.3482,50.28744],[17.34762,50.28712],[17.3466,50.28692],[17.34383,50.28565],[17.33773,50.28347],[17.34264,50.28103],[17.34285,50.28075],[17.34295,50.27995],[17.3438,50.27937],[17.34398,50.27878],[17.34374,50.27793],[17.34287,50.27697],[17.34275,50.2762],[17.34313,50.27569],[17.34327,50.27473],[17.34438,50.2741],[17.34472,50.2737],[17.34476,50.27165],[17.34617,50.26881],[17.34627,50.26755],[17.34698,50.26686],[17.34757,50.26569],[17.34829,50.26485],[17.34956,50.26402],[17.35083,50.26372],[17.35248,50.26381],[17.35498,50.26472],[17.35632,50.26484],[17.35804,50.26529],[17.35977,50.26509],[17.36173,50.26423],[17.36254,50.26433],[17.36304,50.26504],[17.36259,50.26584],[17.36255,50.26671],[17.36297,50.26864],[17.36229,50.27282],[17.36234,50.27569],[17.36249,50.2764],[17.36278,50.27777],[17.36313,50.27854],[17.36314,50.27964],[17.36612,50.28206],[17.37333,50.28266],[17.37861,50.28277],[17.3831,50.28259],[17.3862,50.28288],[17.38905,50.28275],[17.40083,50.27959],[17.40687,50.27393],[17.41496,50.27597],[17.41535,50.27593],[17.42067,50.27742],[17.42158,50.27645],[17.42277,50.27457],[17.42303,50.27361],[17.42298,50.2732],[17.42309,50.27294],[17.42375,50.27241],[17.42391,50.27147],[17.42492,50.27103],[17.42496,50.27068],[17.42813,50.26825],[17.43119,50.26305],[17.43009,50.26163],[17.42963,50.26134],[17.42899,50.26049],[17.42801,50.25965],[17.42768,50.25864],[17.4291,50.25647],[17.42969,50.25418],[17.43239,50.25376],[17.43374,50.25331],[17.43642,50.25207],[17.43823,50.25166],[17.44038,50.25175],[17.44528,50.25302],[17.44619,50.25331],[17.44918,50.25514],[17.45129,50.25581],[17.45399,50.2563],[17.45491,50.25681],[17.45529,50.25734],[17.4554,50.2583],[17.45709,50.25981],[17.45715,50.26034],[17.45625,50.26225],[17.45648,50.26317],[17.4563,50.26386],[17.45672,50.26497],[17.4568,50.26565],[17.45667,50.26636],[17.45726,50.26735],[17.45622,50.2684],[17.45591,50.26954],[17.45619,50.26969],[17.45783,50.27009],[17.45803,50.26976],[17.45923,50.26931],[17.46061,50.26848],[17.46099,50.26814],[17.46102,50.26789],[17.46347,50.26705],[17.46414,50.26726],[17.46869,50.26957],[17.47182,50.26917],[17.47237,50.2695],[17.47242,50.26983],[17.47284,50.27005],[17.47349,50.27005],[17.47458,50.27055],[17.47724,50.27104],[17.47956,50.27119],[17.48594,50.27339],[17.48766,50.27377],[17.49051,50.27405],[17.49559,50.27509],[17.49604,50.27503],[17.49703,50.27434],[17.49957,50.27465],[17.50713,50.27473],[17.50888,50.27453],[17.51526,50.27457],[17.5184,50.27412],[17.51966,50.27412],[17.52087,50.27449],[17.52445,50.27501],[17.52577,50.27359],[17.53751,50.27175],[17.53947,50.27123],[17.54032,50.27063],[17.54185,50.27036],[17.54896,50.26995],[17.55149,50.27023],[17.55593,50.2711],[17.55981,50.27136],[17.56134,50.27061],[17.5632,50.27029],[17.56347,50.27043],[17.56377,50.27033],[17.56371,50.27061],[17.56445,50.27079],[17.56441,50.27091],[17.56489,50.27128],[17.56475,50.27133],[17.5654,50.27149],[17.56536,50.27164],[17.56573,50.27185],[17.56586,50.27219],[17.56701,50.27255],[17.56703,50.27274],[17.56743,50.27265],[17.56785,50.27304],[17.5684,50.27304],[17.56847,50.2732],[17.56869,50.2731],[17.56899,50.27338],[17.56913,50.27328],[17.56979,50.27351],[17.57084,50.27407],[17.57114,50.27399],[17.57129,50.27424],[17.57165,50.27431],[17.57159,50.27441],[17.57187,50.27466],[17.57279,50.27461],[17.57312,50.27485],[17.57297,50.27503],[17.57332,50.27488],[17.57344,50.27509],[17.57395,50.27499],[17.57412,50.27517],[17.57445,50.2751],[17.5746,50.27532],[17.57479,50.27513],[17.57521,50.27536],[17.57564,50.27533],[17.57559,50.27557],[17.57573,50.27563],[17.57646,50.27567],[17.5766,50.27589],[17.57676,50.27573],[17.57693,50.27587],[17.57731,50.27577],[17.57764,50.27609],[17.57795,50.27604],[17.57821,50.2762],[17.57855,50.27585],[17.57916,50.27629],[17.57984,50.27653],[17.5795,50.27672],[17.57968,50.27676],[17.57963,50.27694],[17.57985,50.27706],[17.57976,50.27717],[17.58015,50.27714],[17.58012,50.27734],[17.58073,50.27792],[17.58132,50.2777],[17.58146,50.27789],[17.582,50.27776],[17.58212,50.27798],[17.58316,50.27782],[17.58352,50.2779],[17.58421,50.27763],[17.58477,50.27788],[17.58528,50.27779],[17.58529,50.27797],[17.58579,50.2778],[17.58577,50.27801],[17.58614,50.27796],[17.58619,50.27817],[17.58648,50.27802],[17.5867,50.27809],[17.58664,50.27797],[17.5868,50.27794],[17.58697,50.27812],[17.58754,50.27814],[17.58761,50.27836],[17.58842,50.27853],[17.5896,50.27847],[17.58975,50.27873],[17.58997,50.27861],[17.59065,50.27873],[17.59093,50.27854],[17.59122,50.2786],[17.59127,50.27887],[17.59188,50.27895],[17.59184,50.27869],[17.59205,50.27847],[17.59182,50.27829],[17.59198,50.27827],[17.59236,50.27773],[17.59294,50.27755],[17.59318,50.27727],[17.59377,50.27714],[17.59364,50.27707],[17.59373,50.27699],[17.5941,50.27708],[17.59409,50.27693],[17.5943,50.27683],[17.59447,50.27692],[17.59508,50.27664],[17.59548,50.27666],[17.59558,50.27646],[17.5961,50.27622],[17.59586,50.27615],[17.59601,50.27598],[17.59638,50.276],[17.59652,50.27565],[17.59688,50.2757],[17.59675,50.27558],[17.59696,50.2754],[17.59687,50.27527],[17.59715,50.27531],[17.5972,50.27507],[17.59763,50.27484],[17.59754,50.27462],[17.59787,50.27451],[17.59775,50.27436],[17.5979,50.27401],[17.59754,50.27384],[17.59778,50.27372],[17.5978,50.27346],[17.59808,50.27344],[17.59812,50.27327],[17.59798,50.27319],[17.5981,50.27322],[17.59803,50.273],[17.59827,50.27277],[17.59801,50.27231],[17.59762,50.27218],[17.59776,50.27205],[17.59753,50.27172],[17.59772,50.27166],[17.59757,50.27122],[17.59802,50.27093],[17.59791,50.27087],[17.5981,50.27082],[17.59805,50.27067],[17.59873,50.27046],[17.59904,50.2706],[17.59933,50.27025],[17.60012,50.26989],[17.6013,50.2701],[17.60263,50.26987],[17.60265,50.26973],[17.60326,50.26948],[17.60343,50.26918],[17.60372,50.26917],[17.60387,50.26891],[17.6036,50.2686],[17.60407,50.26851],[17.60401,50.26791],[17.60428,50.26774],[17.60489,50.26775],[17.60526,50.26748],[17.60544,50.26712],[17.60592,50.26697],[17.60671,50.26728],[17.60822,50.26674],[17.60925,50.26664],[17.6103,50.26607],[17.61209,50.26601],[17.61729,50.26695],[17.6188,50.2677],[17.61983,50.26801],[17.62078,50.2687],[17.62215,50.26914],[17.62337,50.26951],[17.62598,50.26975],[17.62735,50.27014],[17.62927,50.27096],[17.63034,50.2712],[17.63296,50.27238],[17.63843,50.27369],[17.63924,50.27417],[17.63966,50.27476],[17.64141,50.27562],[17.64168,50.27612],[17.64705,50.27681],[17.65075,50.27776],[17.65153,50.27842],[17.65219,50.27969],[17.65303,50.28044],[17.65524,50.28174],[17.65747,50.2841],[17.65724,50.28444],[17.6577,50.28448],[17.65783,50.28489],[17.65851,50.28478],[17.65871,50.28502],[17.65858,50.28505],[17.65898,50.28525],[17.65903,50.28546],[17.65937,50.28549],[17.65982,50.28584],[17.65975,50.28601],[17.66135,50.28624],[17.66233,50.28665],[17.66235,50.28679],[17.66278,50.28655],[17.66295,50.28666],[17.66275,50.28677],[17.66285,50.28686],[17.66346,50.2868],[17.66345,50.28694],[17.66374,50.287],[17.6636,50.28724],[17.66412,50.28701],[17.66428,50.28737],[17.66472,50.2874],[17.6647,50.28759],[17.66525,50.28803],[17.66542,50.28801],[17.66554,50.2882],[17.66584,50.28809],[17.66572,50.28828],[17.6659,50.2885],[17.66626,50.28861],[17.66634,50.28849],[17.66722,50.28892],[17.66723,50.28926],[17.66745,50.28924],[17.66778,50.28953],[17.66791,50.28978],[17.66778,50.28985],[17.66813,50.29007],[17.66804,50.29081],[17.66828,50.29073],[17.66855,50.29093],[17.66846,50.29107],[17.66859,50.29116],[17.66947,50.29113],[17.67176,50.29166],[17.67564,50.29216],[17.6771,50.29423],[17.67764,50.29475],[17.67893,50.29574],[17.67996,50.29622],[17.6808,50.29699],[17.68139,50.29697],[17.68294,50.29788],[17.68457,50.29838],[17.68599,50.29905],[17.68673,50.30013],[17.68733,50.30068],[17.68912,50.30186],[17.68715,50.30535],[17.6871,50.30575],[17.68747,50.30903],[17.68834,50.31148],[17.68899,50.31559],[17.68834,50.31572],[17.68783,50.31602],[17.68774,50.31677],[17.68817,50.3187],[17.68774,50.32102],[17.68784,50.3221],[17.68748,50.32277],[17.6873,50.32386],[17.68692,50.32798],[17.69268,50.32698],[17.70061,50.32511],[17.70259,50.32492],[17.70975,50.32346],[17.71303,50.32256],[17.71902,50.32027],[17.72103,50.31917],[17.72248,50.3177],[17.72294,50.31681],[17.7236,50.31481],[17.72419,50.31202],[17.72545,50.30943],[17.72638,50.30797],[17.726,50.30793],[17.72618,50.30737],[17.72696,50.30593],[17.72882,50.3033],[17.72938,50.3036],[17.72994,50.3035],[17.73003,50.30365],[17.73073,50.30344],[17.73079,50.30329],[17.73055,50.30313],[17.73086,50.30305],[17.73101,50.3032],[17.7314,50.30303],[17.7314,50.30318],[17.73171,50.30331],[17.73172,50.30303],[17.73201,50.30293],[17.73287,50.3032],[17.733,50.30331],[17.73294,50.30351],[17.73329,50.30351],[17.73364,50.30339],[17.73414,50.3028],[17.73484,50.30322],[17.73508,50.30314],[17.73523,50.30286],[17.73495,50.30272],[17.73499,50.30257],[17.73535,50.30255],[17.73568,50.30274],[17.73621,50.30247],[17.73608,50.30222],[17.73705,50.30226],[17.73728,50.30194],[17.73711,50.30163],[17.73766,50.30124],[17.73774,50.30164],[17.73875,50.30145],[17.73899,50.30185],[17.73936,50.30187],[17.73943,50.30167],[17.73978,50.30164],[17.74037,50.30197],[17.74084,50.30196],[17.74154,50.30155],[17.74132,50.30148],[17.74152,50.30098],[17.74195,50.30098],[17.74218,50.30128],[17.74365,50.30082],[17.74376,50.30101],[17.74515,50.30103],[17.74505,50.3008],[17.74523,50.30059],[17.74469,50.30062],[17.74491,50.30035],[17.74546,50.30054],[17.74541,50.30083],[17.74571,50.30106],[17.7455,50.30152],[17.74654,50.30147],[17.74665,50.30106],[17.74646,50.3009],[17.74666,50.3008],[17.74801,50.30109],[17.74835,50.30091],[17.74806,50.30079],[17.74815,50.30064],[17.74872,50.30096],[17.74944,50.30081],[17.74949,50.3011],[17.74964,50.30116],[17.74963,50.30099],[17.7499,50.30089],[17.75015,50.30054],[17.75006,50.30038],[17.75018,50.30024],[17.75053,50.30028],[17.75041,50.3005],[17.75076,50.30061],[17.75114,50.30028],[17.7512,50.30017],[17.75077,50.29957],[17.75205,50.29952],[17.75186,50.2989],[17.75208,50.29796],[17.75171,50.29747],[17.75146,50.29746],[17.75125,50.29774],[17.75081,50.29752],[17.75027,50.2978],[17.74979,50.29724],[17.7491,50.29706],[17.7485,50.2967],[17.7487,50.29652],[17.74914,50.29673],[17.74933,50.29659],[17.74914,50.29621],[17.74928,50.29592],[17.74876,50.29583],[17.74871,50.29548],[17.74946,50.29555],[17.74962,50.29536],[17.74919,50.29518],[17.74943,50.29483],[17.74918,50.29473],[17.74851,50.29485],[17.74824,50.29458],[17.74843,50.29421],[17.74788,50.29417],[17.74791,50.29384],[17.74768,50.29355],[17.74798,50.29334],[17.74783,50.2931],[17.74672,50.29314],[17.74697,50.29271],[17.74654,50.29267],[17.74626,50.29231],[17.74583,50.29238],[17.74533,50.29201],[17.74486,50.29204],[17.74478,50.29179],[17.74453,50.29171],[17.74461,50.29151],[17.7445,50.29139],[17.74419,50.29139],[17.74427,50.29122],[17.74393,50.29132],[17.74295,50.29104],[17.74351,50.29009],[17.74214,50.28949],[17.74268,50.28934],[17.74279,50.28914],[17.74217,50.28871],[17.74149,50.28863],[17.74157,50.28831],[17.74135,50.28712],[17.74101,50.28656],[17.7373,50.28262],[17.73689,50.28189],[17.73684,50.2815],[17.73639,50.28097],[17.73616,50.27945],[17.73463,50.27758],[17.73233,50.27662],[17.72716,50.27404],[17.72705,50.27356],[17.72629,50.27332],[17.72587,50.27282],[17.72559,50.27226],[17.72524,50.27005],[17.72621,50.26867],[17.72618,50.26548],[17.7258,50.26394],[17.72598,50.26362],[17.72592,50.26301],[17.72562,50.26245],[17.726,50.26236],[17.72603,50.25864],[17.72574,50.25772],[17.72495,50.25675],[17.72636,50.2561],[17.72947,50.25425],[17.7304,50.25403],[17.7311,50.25417],[17.7323,50.25357],[17.73228,50.25333],[17.73298,50.25329],[17.73371,50.25259],[17.73445,50.25253],[17.73485,50.25192],[17.7358,50.25171],[17.73574,50.25147],[17.73599,50.25129],[17.73604,50.25095],[17.73647,50.2509],[17.73637,50.25063],[17.73653,50.25059],[17.7364,50.25049],[17.73718,50.25025],[17.73711,50.25012],[17.73741,50.25002],[17.73756,50.24947],[17.73771,50.24943],[17.73769,50.24917],[17.73796,50.24916],[17.76497,50.23639],[17.76497,50.23537],[17.76462,50.23376],[17.763,50.23193],[17.76281,50.23202],[17.76162,50.23097],[17.76001,50.22873],[17.75821,50.22553],[17.75655,50.22145],[17.75877,50.21864],[17.75999,50.21656],[17.76,50.21564],[17.75946,50.21352],[17.7577,50.21164],[17.75749,50.21059],[17.75848,50.21001],[17.75888,50.20909],[17.75898,50.20818],[17.75845,50.20658],[17.75394,50.2063],[17.75117,50.20555],[17.74943,50.20561],[17.74805,50.20528],[17.74786,50.20469],[17.74727,50.204],[17.74587,50.20359],[17.74454,50.20267],[17.74113,50.20206],[17.73789,50.20211],[17.73461,50.20249],[17.73374,50.20324],[17.7337,50.20343],[17.72875,50.20416],[17.72725,50.20479],[17.72625,50.20557],[17.72421,50.20658],[17.71736,50.2057],[17.71707,50.20554],[17.71715,50.20544],[17.71688,50.2051],[17.71724,50.20511],[17.71715,50.20483],[17.71727,50.20451],[17.71674,50.2044],[17.71679,50.20406],[17.71723,50.20391],[17.71691,50.20366],[17.71664,50.2038],[17.71646,50.20368],[17.71665,50.20335],[17.71649,50.2033],[17.71653,50.20316],[17.71684,50.20312],[17.71683,50.20276],[17.71726,50.20269],[17.71733,50.20245],[17.7168,50.20254],[17.717,50.20241],[17.71678,50.20218],[17.71642,50.20212],[17.71626,50.20181],[17.71636,50.20166],[17.71593,50.20184],[17.71568,50.20162],[17.71531,50.20192],[17.71506,50.20158],[17.71442,50.20176],[17.71456,50.20149],[17.71431,50.20147],[17.71461,50.20123],[17.7145,50.20107],[17.7139,50.20099],[17.7139,50.2012],[17.71323,50.20124],[17.71328,50.20107],[17.71303,50.20097],[17.71302,50.20074],[17.71348,50.20078],[17.7131,50.20058],[17.71235,50.20068],[17.71247,50.20034],[17.71227,50.20009],[17.71145,50.19997],[17.71163,50.19981],[17.71123,50.19973],[17.71129,50.19962],[17.71158,50.19967],[17.71148,50.19952],[17.71097,50.19941],[17.71095,50.19929],[17.7102,50.19934],[17.70998,50.1992],[17.71097,50.19839],[17.71074,50.19819],[17.71042,50.19837],[17.71039,50.19807],[17.71019,50.19796],[17.71039,50.1977],[17.71067,50.1977],[17.71058,50.19752],[17.71095,50.19753],[17.711,50.19716],[17.71079,50.19692],[17.71141,50.19688],[17.71125,50.19663],[17.71164,50.1961],[17.71067,50.19568],[17.71098,50.19546],[17.71124,50.19561],[17.71108,50.19512],[17.71125,50.19506],[17.71098,50.19442],[17.7107,50.19428],[17.7108,50.19415],[17.7106,50.19404],[17.71066,50.19392],[17.71009,50.19344],[17.71042,50.19333],[17.71063,50.19343],[17.7105,50.19311],[17.71096,50.19294],[17.71038,50.19258],[17.7108,50.19244],[17.71062,50.19213],[17.71069,50.19198],[17.71062,50.19184],[17.71041,50.19191],[17.71019,50.19177],[17.71008,50.19192],[17.70988,50.19176],[17.70976,50.19185],[17.70919,50.19159],[17.70929,50.19152],[17.70894,50.19125],[17.70839,50.19139],[17.70795,50.19119],[17.70811,50.19102],[17.70841,50.19102],[17.70845,50.19087],[17.70802,50.1905],[17.70807,50.19029],[17.70773,50.19014],[17.70763,50.19043],[17.70695,50.19044],[17.70677,50.19025],[17.7066,50.1903],[17.70662,50.18999],[17.70639,50.1901],[17.70622,50.18999],[17.70638,50.18985],[17.70609,50.18976],[17.7058,50.18986],[17.70533,50.18958],[17.70462,50.18984],[17.70426,50.18971],[17.70439,50.18956],[17.70419,50.18933],[17.70442,50.18918],[17.70434,50.18889],[17.70462,50.18843],[17.70527,50.18818],[17.7057,50.18764],[17.70562,50.1874],[17.70578,50.18704],[17.70542,50.18686],[17.70594,50.18641],[17.70576,50.18634],[17.7058,50.18607],[17.70558,50.18623],[17.70512,50.18582],[17.70486,50.18503],[17.70466,50.1849],[17.70348,50.1848],[17.70289,50.18492],[17.70239,50.18462],[17.70219,50.18467],[17.70204,50.18455],[17.70213,50.18441],[17.70192,50.1844],[17.70178,50.18417],[17.70157,50.18429],[17.70128,50.18414],[17.70008,50.18424],[17.6996,50.18444],[17.69911,50.18384],[17.69751,50.18401],[17.69757,50.18385],[17.69734,50.18362],[17.6961,50.18326],[17.6955,50.1834],[17.69531,50.18306],[17.6946,50.18314],[17.69427,50.18338],[17.69348,50.18329],[17.69279,50.18361],[17.69259,50.18327],[17.69209,50.18328],[17.69201,50.18347],[17.69146,50.18332],[17.69064,50.18346],[17.6904,50.18329],[17.69031,50.18297],[17.69011,50.18293],[17.68953,50.18232],[17.6888,50.18233],[17.68861,50.1822],[17.68794,50.18247],[17.68766,50.18235],[17.68726,50.18245],[17.6853,50.18187],[17.68359,50.18161],[17.68274,50.18172],[17.68097,50.18248],[17.67995,50.1826],[17.68001,50.18271],[17.67944,50.18294],[17.67921,50.18272],[17.6793,50.1826],[17.67841,50.18248],[17.67837,50.18231],[17.6772,50.18194],[17.67698,50.182],[17.67657,50.18177],[17.67447,50.18134],[17.67372,50.18104],[17.67306,50.18055],[17.67112,50.1799],[17.6707,50.17955],[17.66876,50.17868],[17.66812,50.17862],[17.66722,50.17828],[17.66631,50.17852],[17.66612,50.17834],[17.6661,50.17792],[17.66576,50.17785],[17.66416,50.17772],[17.66334,50.17795],[17.66057,50.17761],[17.66005,50.17774],[17.65923,50.1774],[17.65792,50.17754],[17.6563,50.1774],[17.65582,50.17714],[17.65532,50.17724],[17.6546,50.17701],[17.65319,50.17718],[17.6524,50.17675],[17.6518,50.17693],[17.65079,50.17685],[17.65001,50.17645],[17.64868,50.17669],[17.64791,50.17656],[17.64696,50.17667],[17.64679,50.17629],[17.64646,50.17615],[17.6457,50.17612],[17.64533,50.17626],[17.64433,50.17596],[17.64415,50.17616],[17.64332,50.17617],[17.64323,50.1758],[17.64297,50.17594],[17.6422,50.17586],[17.6423,50.17556],[17.64155,50.17561],[17.64156,50.17549],[17.64093,50.17549],[17.64072,50.17532],[17.64043,50.17542],[17.64026,50.17519],[17.63994,50.17522],[17.63941,50.17488],[17.63902,50.17484],[17.6389,50.1746],[17.63806,50.17477],[17.63771,50.17458],[17.63742,50.17408],[17.63713,50.17413],[17.63682,50.17396],[17.63694,50.17391],[17.63685,50.17376],[17.63499,50.174],[17.63484,50.17378],[17.63388,50.17369],[17.63392,50.17357],[17.63334,50.17341],[17.63252,50.17339],[17.6324,50.17353],[17.63197,50.1734],[17.63185,50.17359],[17.63067,50.17346],[17.63068,50.17315],[17.6297,50.17265],[17.62924,50.17266],[17.62904,50.17232],[17.62916,50.17231],[17.62877,50.17226],[17.62854,50.17177],[17.62821,50.1718],[17.62824,50.17147],[17.62768,50.17123],[17.62715,50.17062],[17.62679,50.17058],[17.62663,50.17005],[17.62638,50.16999],[17.6257,50.16919],[17.623,50.1696],[17.62265,50.16986],[17.62202,50.17001],[17.62183,50.17023],[17.62146,50.17028],[17.62124,50.17064],[17.62085,50.17083],[17.6197,50.17116],[17.61514,50.17131],[17.61225,50.17065],[17.6106,50.17062],[17.60668,50.17116],[17.60444,50.17093],[17.60423,50.17047],[17.60318,50.16979],[17.60115,50.16963],[17.60071,50.1685],[17.59705,50.16415],[17.59534,50.16274],[17.59385,50.16074],[17.59268,50.15998],[17.59427,50.15858],[17.59513,50.15724],[17.59669,50.15608],[17.59691,50.1556],[17.59744,50.15546],[17.59885,50.15568],[17.59938,50.15544],[17.59994,50.15409],[17.60091,50.15368],[17.60182,50.15303],[17.60259,50.15153],[17.60424,50.15053],[17.60581,50.14897],[17.60636,50.1482],[17.60624,50.14714],[17.60635,50.14683],[17.60845,50.14545],[17.60894,50.1444],[17.60954,50.14362],[17.60896,50.14219],[17.60896,50.14182],[17.60927,50.14159],[17.61037,50.14129],[17.61088,50.14004],[17.61135,50.13984],[17.6167,50.13922],[17.61714,50.13897],[17.61738,50.13859],[17.61735,50.13733],[17.62098,50.13701],[17.6226,50.13642],[17.62526,50.135],[17.62854,50.13454],[17.63051,50.13373],[17.63104,50.13312],[17.63139,50.13298],[17.6346,50.13267],[17.63549,50.13202],[17.63909,50.13142],[17.64025,50.13073],[17.64054,50.13028],[17.64061,50.12968],[17.64099,50.12913],[17.64144,50.12875],[17.64259,50.1282],[17.64324,50.12703],[17.64329,50.12654],[17.64291,50.12563],[17.64352,50.1252],[17.64482,50.12467],[17.64485,50.12425],[17.64379,50.12293],[17.64375,50.1227],[17.64502,50.1216],[17.64526,50.12063],[17.64644,50.11851],[17.64654,50.11782],[17.64638,50.11691],[17.64658,50.11695],[17.64654,50.11658],[17.64801,50.11653],[17.64861,50.11623],[17.64858,50.11552],[17.64772,50.11504],[17.6479,50.11403],[17.64764,50.11388],[17.64808,50.1134],[17.64878,50.11194],[17.65034,50.11081],[17.65119,50.11052],[17.65373,50.11011],[17.65537,50.1101],[17.65856,50.10902],[17.66198,50.10869],[17.66505,50.10692],[17.66831,50.10627],[17.66999,50.10545],[17.67506,50.10394],[17.67554,50.1037],[17.67584,50.10333],[17.67666,50.10302],[17.68327,50.11731],[17.68962,50.11673],[17.69552,50.11675],[17.69684,50.11699],[17.69856,50.1159],[17.70513,50.11441],[17.7173,50.10651],[17.71829,50.10607],[17.72154,50.10354],[17.73088,50.09716],[17.72977,50.08993],[17.7301,50.08954],[17.73016,50.08913],[17.72983,50.08875],[17.72931,50.08851],[17.72932,50.08814],[17.72993,50.08774],[17.7314,50.08762],[17.73145,50.08742],[17.73107,50.0868],[17.73308,50.0865],[17.73433,50.08543],[17.73433,50.08467],[17.7345,50.08441],[17.73669,50.08341],[17.73824,50.08241],[17.73912,50.08227],[17.73912,50.08281],[17.74006,50.08275],[17.74016,50.08247],[17.73973,50.08205],[17.73917,50.08179],[17.73917,50.08154],[17.74031,50.08086],[17.7418,50.08075],[17.74221,50.08087],[17.74246,50.08135],[17.74308,50.08135],[17.74728,50.07892],[17.74801,50.07872],[17.7487,50.07888],[17.74897,50.07879],[17.74925,50.07806],[17.74994,50.07756],[17.74913,50.07671],[17.74918,50.07601],[17.74947,50.0757],[17.74986,50.07576],[17.75074,50.0755],[17.75107,50.07575],[17.75107,50.07592],[17.75135,50.07589],[17.75146,50.07477],[17.75244,50.07422],[17.75237,50.07396],[17.75133,50.07368],[17.75094,50.07325],[17.75098,50.07299],[17.75156,50.07252],[17.75155,50.07205],[17.75171,50.07174],[17.75251,50.0709],[17.75264,50.07046],[17.75232,50.06986],[17.75244,50.06965],[17.75319,50.06921],[17.75497,50.0692],[17.75593,50.06852],[17.75675,50.06855],[17.757,50.06825],[17.75701,50.06786],[17.7567,50.06758],[17.75612,50.0674],[17.75619,50.06711],[17.75718,50.06713],[17.7573,50.0673],[17.75722,50.06762],[17.75763,50.0678],[17.75865,50.06792],[17.75896,50.06765],[17.75844,50.06649],[17.75754,50.06646],[17.75656,50.0661],[17.75638,50.06587],[17.75638,50.06554],[17.75655,50.06531],[17.75688,50.06522],[17.75731,50.06549],[17.75749,50.06514],[17.75814,50.06487],[17.75859,50.0651],[17.75858,50.06552],[17.75883,50.06552],[17.75956,50.06443],[17.75945,50.06423],[17.75781,50.06414],[17.75736,50.06384],[17.75737,50.06355],[17.75783,50.06362],[17.75822,50.06345],[17.75819,50.0633],[17.75782,50.06316],[17.75763,50.06264],[17.75724,50.06262],[17.75711,50.0629],[17.75645,50.06309],[17.75495,50.06258],[17.75482,50.06241],[17.75487,50.06221],[17.75562,50.06186],[17.75588,50.06158],[17.75541,50.06111],[17.7555,50.06076],[17.75614,50.06056],[17.75651,50.06094],[17.75675,50.06094],[17.75753,50.05986],[17.75837,50.05976],[17.75823,50.05956],[17.75649,50.05897],[17.7567,50.05852],[17.75721,50.05832],[17.75744,50.05844],[17.75742,50.05861],[17.75774,50.0587],[17.75879,50.05879],[17.75993,50.05867],[17.76049,50.05891],[17.76106,50.0588],[17.76158,50.05782],[17.76128,50.05735],[17.76134,50.05692],[17.76264,50.05633],[17.76391,50.05616],[17.76423,50.05593],[17.76324,50.05533],[17.76267,50.05545],[17.76236,50.0558],[17.7621,50.05579],[17.76185,50.05543],[17.76187,50.05484],[17.76098,50.05459],[17.76142,50.05357],[17.76341,50.05254],[17.7657,50.05262],[17.76635,50.05202],[17.76654,50.05125],[17.7668,50.051],[17.76775,50.05105],[17.76881,50.05153],[17.76913,50.05149],[17.76946,50.05114],[17.76947,50.05093],[17.76853,50.0499],[17.76893,50.04911],[17.7697,50.04874],[17.77093,50.04888],[17.77142,50.04863],[17.77157,50.04815],[17.77151,50.04742],[17.77209,50.04635],[17.77154,50.04551],[17.77075,50.04493],[17.7706,50.0439],[17.77077,50.04361],[17.77161,50.0432],[17.77192,50.04271],[17.77223,50.04255],[17.77308,50.04253],[17.77327,50.04236],[17.77285,50.04172],[17.77197,50.04133],[17.77157,50.04091],[17.77138,50.04057],[17.77137,50.03993],[17.77026,50.03939],[17.77015,50.03875],[17.77043,50.03819],[17.77039,50.03778],[17.76993,50.03774],[17.76957,50.03789],[17.76926,50.03775],[17.77031,50.0368],[17.77035,50.03577],[17.7698,50.03526],[17.77015,50.03498],[17.77054,50.03494],[17.77144,50.03553],[17.77246,50.03569],[17.77306,50.03557],[17.77378,50.03507],[17.77484,50.0352],[17.77516,50.0351],[17.77539,50.03409],[17.77529,50.033],[17.77653,50.03243],[17.77725,50.03056],[17.77691,50.02978],[17.77684,50.0289],[17.77628,50.02818],[17.77409,50.02719],[17.77236,50.02671],[17.77135,50.02606],[17.77126,50.02585],[17.77176,50.02523],[17.77463,50.0228],[17.7754,50.02235],[17.77664,50.02204],[17.77734,50.0203],[17.78094,50.01988],[17.78293,50.01937],[17.7838,50.0195],[17.7847,50.02019],[17.78516,50.02021],[17.78678,50.01937],[17.78699,50.01884],[17.78684,50.01812],[17.78717,50.01764],[17.78868,50.01733],[17.78944,50.01737],[17.7904,50.01766],[17.79148,50.01908],[17.79214,50.01922],[17.79502,50.01771],[17.79438,50.01638],[17.79516,50.01435],[17.79814,50.0135],[17.79958,50.01334],[17.80234,50.01339],[17.80356,50.01302],[17.80419,50.01242],[17.82769,50.0113],[17.83686,50.00361],[17.82637,49.99401],[17.82839,49.99387],[17.82893,49.99348],[17.82955,49.99265],[17.82998,49.99232],[17.83268,49.9917],[17.83282,49.99151],[17.8326,49.99092],[17.83279,49.99048],[17.83343,49.98999],[17.83403,49.98981],[17.83487,49.9898],[17.83547,49.99016],[17.83551,49.99065],[17.83602,49.99142],[17.83608,49.99199],[17.83634,49.99229],[17.83675,49.99241],[17.83766,49.99235],[17.83811,49.99182],[17.83897,49.99119],[17.83893,49.99098],[17.83825,49.99031],[17.8383,49.99008],[17.83915,49.98972],[17.83965,49.98888],[17.84008,49.98848],[17.84282,49.98681],[17.84547,49.98689],[17.84721,49.98718],[17.85035,49.98679],[17.8508,49.98609],[17.85069,49.9852],[17.85168,49.98448],[17.85197,49.984],[17.85179,49.98349],[17.85117,49.98284],[17.8512,49.98267],[17.85279,49.98207],[17.85308,49.98217],[17.85361,49.98281],[17.8545,49.98277],[17.85643,49.9814],[17.85648,49.98107],[17.85612,49.98028],[17.85672,49.97986],[17.85857,49.98013],[17.85909,49.98061],[17.85967,49.98083],[17.86056,49.98088],[17.86149,49.98065],[17.86221,49.97972],[17.86315,49.97895],[17.86461,49.97705],[17.86494,49.97592],[17.86627,49.97482],[17.86673,49.97349],[17.8685,49.97249],[17.87199,49.97394],[17.87486,49.9754],[17.87529,49.97551],[17.87599,49.97533],[17.87805,49.97638],[17.88523,49.97927],[17.88628,49.97842],[17.88951,49.98009],[17.89282,49.97977],[17.89587,49.97883],[17.89803,49.97792],[17.90476,49.97693],[17.90916,49.97651],[17.91032,49.97669],[17.91161,49.97782],[17.9129,49.97762],[17.91435,49.97764],[17.91857,49.97797],[17.9198,49.97832],[17.92285,49.97875],[17.92468,49.98182],[17.93007,49.98662],[17.9325,49.98822],[17.93427,49.98978],[17.93756,49.99175],[17.95404,50.00507],[17.95786,50.00484],[17.96185,50.00498],[17.96241,50.00525],[17.96551,50.00825],[17.9684,50.00887],[17.96983,50.00888],[17.97312,50.00862],[17.97695,50.00725],[17.97984,50.00596],[17.9826,50.00514],[17.98328,50.00508],[17.98419,50.00555],[17.98554,50.00722],[17.98645,50.00962],[17.98724,50.01085],[17.98774,50.0122],[17.98927,50.01354],[17.99048,50.01423],[17.99277,50.01503],[17.9991,50.01576],[18.00463,50.01836],[18.00484,50.01787],[18.00501,50.01645],[18.00614,50.01423],[18.00643,50.0124],[18.00684,50.01177],[18.00658,50.01143],[18.00746,50.0107],[18.00885,50.01101],[18.01447,50.01111],[18.01859,50.01048],[18.02415,50.0103],[18.02605,50.01038],[18.03047,50.01095],[18.0353,50.01101],[18.03611,50.0097],[18.0371,50.0086],[18.03715,50.00879],[18.04028,50.00718],[18.04348,50.00622],[18.04353,50.00499],[18.04546,50.00513],[18.0452,50.00616],[18.04605,50.00821],[18.0457,50.01029],[18.0445,50.01035],[18.04091,50.0136],[18.04153,50.01367],[18.04161,50.01385],[18.04228,50.01389],[18.04247,50.01572],[18.04313,50.01557],[18.04377,50.01586],[18.04631,50.01589],[18.04583,50.01753],[18.04589,50.01917],[18.04694,50.01917],[18.04699,50.01938],[18.04417,50.02009],[18.04293,50.02204],[18.04373,50.02248],[18.04476,50.02261],[18.04509,50.02293],[18.04498,50.02365],[18.04611,50.02433],[18.04754,50.02473],[18.04668,50.02681],[18.04902,50.02743],[18.04438,50.03661],[18.04337,50.03675],[18.04239,50.03631],[18.04008,50.03645],[18.03849,50.03637],[18.0348,50.03757],[18.02856,50.03873],[18.02835,50.03849],[18.02474,50.03876],[18.02456,50.03834],[18.0248,50.03714],[18.02459,50.03657],[18.0222,50.03614],[18.01784,50.03144],[18.01677,50.03094],[18.0131,50.03024],[18.01058,50.03074],[18.00882,50.03128],[18.00822,50.03334],[18.00599,50.03628],[18.00493,50.03739],[18.00431,50.0378],[18.00407,50.03899],[18.00422,50.03931],[18.0054,50.03985],[18.00592,50.04043],[18.00615,50.0411],[18.00604,50.04204],[18.00618,50.04292],[18.0065,50.04363],[18.00664,50.04471],[18.00641,50.04629],[18.00645,50.04718],[18.00569,50.04924],[18.00515,50.04986],[18.00505,50.0503],[18.00489,50.05138],[18.00515,50.05349],[18.00943,50.05389],[18.01199,50.05472],[18.02086,50.06092],[18.0336,50.06602],[18.03599,50.06547],[18.04083,50.06296],[18.04607,50.06259],[18.04756,50.05976],[18.04841,50.05954],[18.04983,50.05837],[18.05235,50.05872],[18.06171,50.05918],[18.06378,50.05274],[18.06759,50.05313],[18.06593,50.04809],[18.06757,50.04769],[18.07319,50.04691],[18.07566,50.04595],[18.07736,50.04565],[18.08148,50.0457],[18.08314,50.04605],[18.08425,50.04609],[18.08593,50.04595],[18.08716,50.04543],[18.08936,50.04412],[18.08936,50.04295],[18.08847,50.03828],[18.08747,50.03608],[18.08491,50.03414],[18.08562,50.03197],[18.08592,50.03173],[18.08796,50.03158],[18.09101,50.03011],[18.09274,50.02908],[18.09662,50.02598],[18.09832,50.02614],[18.10069,50.02493],[18.10092,50.02465],[18.10083,50.0243],[18.10123,50.02412],[18.10207,50.02324],[18.10315,50.0226],[18.10166,50.02155],[18.09988,50.02058],[18.09844,50.0192],[18.09814,50.01868],[18.09805,50.01794],[18.09674,50.01713],[18.09629,50.01649],[18.09473,50.01611],[18.09392,50.01564],[18.09328,50.015],[18.09423,50.01418],[18.09457,50.01329],[18.09467,50.0121],[18.09621,50.00985],[18.09673,50.00881],[18.09789,50.00734],[18.10037,50.0054],[18.10159,50.00426],[18.10202,50.00344],[18.10478,50.00092],[18.10746,49.99942],[18.11218,49.99796],[18.11308,49.99757],[18.11428,49.99678],[18.11547,49.99673],[18.11526,49.99591],[18.11589,49.99473],[18.11697,49.99415],[18.12088,49.99451],[18.13113,49.99807],[18.13437,49.99743],[18.13607,49.99391],[18.14694,49.99162],[18.15148,49.98617],[18.15384,49.98237],[18.15706,49.9828],[18.15803,49.98277],[18.16001,49.98342],[18.16132,49.98403],[18.16253,49.98492],[18.16429,49.98539],[18.16752,49.98559],[18.16901,49.98645],[18.17041,49.98913],[18.17107,49.98953],[18.17179,49.98974],[18.172,49.99001],[18.17034,49.99199],[18.1704,49.99209],[18.1692,49.9923],[18.16812,49.99386],[18.16798,49.99852],[18.17383,49.99857],[18.17313,50.00029],[18.183,50.00039],[18.18312,49.99962],[18.1846,49.99974],[18.18623,49.99911],[18.18692,49.99922],[18.18839,49.99903],[18.18912,49.99874],[18.19009,49.99877],[18.19322,49.99452],[18.20657,49.99794],[18.20753,49.99661],[18.21138,49.99228],[18.21184,49.98827],[18.21357,49.98612],[18.21383,49.98613],[18.21365,49.98584],[18.2144,49.98367],[18.21371,49.98256],[18.21436,49.98056],[18.21432,49.97918],[18.21466,49.97745],[18.21537,49.97571],[18.2141,49.9734],[18.21446,49.97275],[18.21449,49.97236],[18.21429,49.97201],[18.22063,49.96887],[18.22162,49.96766],[18.22356,49.96831],[18.2246,49.96891],[18.22627,49.96956],[18.2296,49.9696],[18.23212,49.97019],[18.23375,49.97097],[18.2364,49.97105],[18.24151,49.97041],[18.2434,49.96978],[18.24786,49.96868],[18.24954,49.96868],[18.25249,49.96915],[18.25346,49.96902],[18.25555,49.96842],[18.25881,49.96721],[18.26152,49.96664],[18.26292,49.96616],[18.2641,49.96601],[18.26496,49.96608],[18.266,49.96646],[18.26712,49.96652],[18.27163,49.96621],[18.27392,49.96565],[18.27514,49.965],[18.27631,49.96464],[18.278,49.96348],[18.27841,49.96246],[18.27972,49.95815],[18.2798,49.95734],[18.28044,49.95587],[18.28119,49.95252],[18.28183,49.95055],[18.28181,49.94992],[18.28106,49.9474],[18.2807,49.9447],[18.27967,49.94221],[18.27921,49.94006],[18.28029,49.93955],[18.28264,49.93914],[18.28234,49.9378],[18.28268,49.93772],[18.28171,49.93716],[18.28824,49.93154],[18.28946,49.92962],[18.28967,49.92873],[18.29903,49.92875],[18.30068,49.92522],[18.30032,49.92464],[18.29912,49.92381],[18.31496,49.9188],[18.31536,49.91844],[18.31495,49.91771],[18.31493,49.91736],[18.31795,49.91568],[18.32061,49.91647],[18.32165,49.91589],[18.32238,49.91631],[18.32617,49.91914],[18.32819,49.9218],[18.32987,49.92331],[18.33057,49.92446],[18.33111,49.92638],[18.331,49.92722],[18.33057,49.92732],[18.33059,49.92792],[18.3298,49.9296],[18.32992,49.93016],[18.33041,49.93059],[18.33136,49.93083],[18.33238,49.93077],[18.33329,49.9304],[18.33372,49.93006],[18.33396,49.92944],[18.33328,49.92772],[18.33374,49.92723],[18.33501,49.92686],[18.33761,49.92681],[18.33953,49.92578],[18.34002,49.92566],[18.34072,49.92567],[18.34118,49.92589],[18.34257,49.92747],[18.34316,49.92855],[18.34414,49.92949],[18.34484,49.92983],[18.34565,49.93],[18.34737,49.92983],[18.34911,49.92925],[18.34978,49.92934],[18.35002,49.9296],[18.34998,49.92992],[18.34969,49.93012],[18.34727,49.93091],[18.34415,49.93145],[18.34191,49.9315],[18.34086,49.93208],[18.34051,49.93278],[18.34057,49.93323],[18.34099,49.93391],[18.34195,49.93469],[18.34317,49.93493],[18.34555,49.9349],[18.3469,49.93463],[18.34903,49.93391],[18.34986,49.93382],[18.35093,49.93411],[18.35158,49.93477],[18.35172,49.93522],[18.35142,49.93562],[18.34941,49.93631],[18.34872,49.93675],[18.34765,49.93845],[18.34709,49.93981],[18.34641,49.94021],[18.34546,49.94036],[18.34405,49.94031],[18.343,49.93968],[18.34187,49.93865],[18.3407,49.93836],[18.33836,49.93871],[18.33482,49.94001],[18.33428,49.94053],[18.33408,49.94119],[18.33444,49.94352],[18.33443,49.94501],[18.33296,49.94934],[18.33643,49.94647],[18.33745,49.946],[18.34052,49.94558],[18.35142,49.94463],[18.35602,49.94407],[18.35756,49.94335],[18.3591,49.94128],[18.35978,49.9408],[18.36096,49.94055],[18.36339,49.94057],[18.36439,49.94023],[18.36485,49.93976],[18.36555,49.93812],[18.36674,49.93717],[18.36783,49.93681],[18.36965,49.93659],[18.37084,49.93672],[18.37284,49.93724],[18.37388,49.93724],[18.37479,49.93692],[18.37636,49.9358],[18.37698,49.93561],[18.37935,49.93573],[18.38284,49.93497],[18.3852,49.93525],[18.38663,49.9352],[18.38919,49.93473],[18.39056,49.93422],[18.39169,49.93405],[18.39508,49.93453],[18.39766,49.93426],[18.39857,49.93446],[18.40056,49.93563],[18.4015,49.93568],[18.40274,49.93547],[18.40296,49.93589],[18.41786,49.93739],[18.42143,49.9386],[18.43075,49.93816],[18.43268,49.92847],[18.43287,49.92817],[18.43565,49.92859],[18.43763,49.9283],[18.4398,49.927],[18.44385,49.92367],[18.44546,49.92302],[18.44719,49.92287],[18.44984,49.92351],[18.45091,49.92359],[18.45209,49.92345],[18.45389,49.92275],[18.45507,49.9225],[18.46118,49.92278],[18.46327,49.92232],[18.46416,49.92177],[18.46468,49.92116],[18.46585,49.91738],[18.46658,49.91643],[18.46702,49.91609],[18.46957,49.91497],[18.47615,49.91264],[18.47706,49.91222],[18.47773,49.91169],[18.47987,49.91104],[18.48079,49.91093],[18.48129,49.91111],[18.4816,49.91054],[18.4824,49.91093],[18.48283,49.9109],[18.48352,49.91047],[18.48354,49.90996],[18.48441,49.90959],[18.48472,49.90918],[18.48448,49.90909],[18.4845,49.90853],[18.48392,49.90839],[18.48355,49.90808],[18.48355,49.90793],[18.48435,49.90766],[18.48496,49.90793],[18.48544,49.90791],[18.48581,49.90744],[18.48582,49.90717],[18.48493,49.90671],[18.48508,49.90639],[18.48615,49.90609],[18.48757,49.90604],[18.488,49.90535],[18.48903,49.90553],[18.48958,49.9053],[18.49052,49.90522],[18.49063,49.9051],[18.49038,49.90477],[18.49027,49.90417],[18.49064,49.90397],[18.49089,49.90336],[18.49119,49.90341],[18.49159,49.90312],[18.49189,49.90383],[18.49149,49.90408],[18.49167,49.90446],[18.49205,49.90459],[18.49302,49.90439],[18.49349,49.90471],[18.49354,49.905],[18.49384,49.90525],[18.49493,49.90487],[18.49517,49.90493],[18.49526,49.90513],[18.49507,49.90552],[18.49452,49.90561],[18.494,49.9061],[18.49461,49.90636],[18.49553,49.90633],[18.49568,49.90622],[18.49535,49.90551],[18.49629,49.90551],[18.49715,49.90525],[18.49706,49.90507],[18.49642,49.9048],[18.49681,49.90447],[18.49691,49.90391],[18.49773,49.90373],[18.49788,49.9032],[18.49809,49.90301],[18.4983,49.903],[18.49914,49.90372],[18.49897,49.90463],[18.49986,49.9049],[18.50075,49.90465],[18.5006,49.90373],[18.5013,49.90324],[18.50228,49.90343],[18.50253,49.90358],[18.50261,49.90383],[18.50295,49.90397],[18.50344,49.90368],[18.50469,49.9035],[18.50488,49.90332],[18.50474,49.90305],[18.50373,49.90298],[18.50351,49.90282],[18.50357,49.90254],[18.50383,49.9024],[18.50443,49.90241],[18.50549,49.90183],[18.50577,49.90182],[18.50586,49.90203],[18.50503,49.90245],[18.50522,49.903],[18.50543,49.90307],[18.50572,49.90298],[18.50594,49.90247],[18.5063,49.90226],[18.50677,49.90234],[18.50661,49.90259],[18.50693,49.90274],[18.50806,49.90288],[18.50813,49.9027],[18.5077,49.90222],[18.50805,49.90208],[18.50826,49.90218],[18.50824,49.90237],[18.50872,49.90244],[18.50978,49.90219],[18.51129,49.90282],[18.5117,49.90278],[18.51196,49.90244],[18.51274,49.90222],[18.51317,49.90256],[18.51381,49.90245],[18.5139,49.90276],[18.51442,49.90297],[18.51493,49.90282],[18.51519,49.90243],[18.51508,49.90213],[18.51533,49.90188],[18.5169,49.90237],[18.51752,49.90202],[18.5183,49.90195],[18.51921,49.90233],[18.52072,49.90156],[18.52078,49.90137],[18.52057,49.90102],[18.52065,49.90083],[18.52117,49.90095],[18.52119,49.90157],[18.522,49.90142],[18.52239,49.90109],[18.52201,49.90049],[18.52154,49.9004],[18.52153,49.90009],[18.52204,49.90002],[18.52305,49.9004],[18.52334,49.90027],[18.52333,49.89974],[18.52366,49.89949],[18.52466,49.8999],[18.52435,49.90034],[18.52447,49.9006],[18.52549,49.90067],[18.52654,49.90111],[18.52681,49.90107],[18.52677,49.90078],[18.52761,49.90083],[18.52795,49.90068],[18.5275,49.90032],[18.52794,49.8997],[18.52829,49.89955],[18.5287,49.89961],[18.52812,49.90017],[18.52837,49.90042],[18.52831,49.9006],[18.52895,49.90103],[18.52956,49.90094],[18.52919,49.90076],[18.52949,49.90028],[18.52933,49.89998],[18.52987,49.89969],[18.53076,49.89971],[18.53126,49.89946],[18.53184,49.89949],[18.53211,49.89963],[18.53184,49.89983],[18.53185,49.9],[18.53266,49.90027],[18.53337,49.90015],[18.53392,49.89961],[18.53437,49.8996],[18.53497,49.90032],[18.53478,49.90161],[18.53507,49.90198],[18.53724,49.90239],[18.53795,49.90237],[18.53849,49.90261],[18.53952,49.90448],[18.54188,49.90493],[18.54297,49.90617],[18.54359,49.9063],[18.54475,49.90738],[18.54555,49.90776],[18.54703,49.90911],[18.5452,49.91002],[18.54267,49.91057],[18.54103,49.91119],[18.53988,49.91205],[18.54011,49.91248],[18.54,49.9131],[18.54016,49.91415],[18.54,49.91505],[18.54064,49.91578],[18.541,49.91669],[18.54073,49.9169],[18.54124,49.91846],[18.54053,49.91896],[18.54045,49.91977],[18.54095,49.92018],[18.54131,49.92064],[18.54131,49.92085],[18.5428,49.92181],[18.54303,49.92245],[18.54089,49.92397],[18.53938,49.92569],[18.54205,49.92637],[18.54331,49.92626],[18.54489,49.92584],[18.5482,49.92423],[18.55037,49.92295],[18.55216,49.92082],[18.5575,49.91888],[18.55902,49.91799],[18.5597,49.91789],[18.56072,49.91798],[18.56315,49.91856],[18.56664,49.91976],[18.56811,49.92049],[18.57148,49.92139],[18.57163,49.92162],[18.57291,49.92162],[18.57371,49.92116],[18.5741,49.92065],[18.57432,49.91989],[18.57518,49.91862],[18.57492,49.91796],[18.57474,49.91791],[18.57489,49.91651],[18.57443,49.91502],[18.5745,49.91467],[18.575,49.91447],[18.57517,49.91393],[18.57604,49.91352],[18.57618,49.91328],[18.57485,49.91273],[18.57374,49.91247],[18.57354,49.91195],[18.57358,49.91156],[18.57382,49.91119],[18.57442,49.91079],[18.57571,49.91042],[18.5737,49.90779],[18.57595,49.90751],[18.57801,49.90694],[18.57798,49.9066],[18.58006,49.90555],[18.57783,49.90353],[18.5777,49.9025],[18.57781,49.90077],[18.57761,49.89998],[18.57583,49.89838],[18.57573,49.89802],[18.57524,49.89762],[18.57492,49.89709],[18.5731,49.8954],[18.57138,49.89271],[18.57152,49.89234],[18.57087,49.89168],[18.57122,49.89146],[18.57099,49.89121],[18.57196,49.89046],[18.57375,49.88952],[18.57349,49.88794],[18.57299,49.88714],[18.57147,49.88602],[18.5697,49.8852],[18.57034,49.88463],[18.56998,49.88429],[18.5686,49.88455],[18.56603,49.88316],[18.56567,49.88067],[18.5684,49.87802],[18.57141,49.87597],[18.56976,49.87506],[18.56959,49.87344],[18.5703,49.87391],[18.57101,49.87356],[18.57134,49.87321],[18.5714,49.87272],[18.57192,49.87217],[18.57314,49.87275],[18.57411,49.87159],[18.57459,49.87125],[18.5745,49.87112],[18.57595,49.87028],[18.57703,49.87036],[18.57804,49.86979],[18.57811,49.8694],[18.57886,49.86951],[18.57962,49.86936],[18.57982,49.8692],[18.5788,49.86828],[18.57998,49.86808],[18.58024,49.86679],[18.58618,49.86673],[18.58917,49.86712],[18.59036,49.86761],[18.59071,49.86751],[18.59128,49.867],[18.59217,49.86707],[18.59436,49.86669],[18.59673,49.86595],[18.59912,49.8663],[18.6004,49.86582],[18.60243,49.86466],[18.60573,49.8616],[18.60538,49.86079],[18.6055,49.8605],[18.60395,49.8582],[18.60388,49.85711],[18.60059,49.85648],[18.596,49.85603],[18.59298,49.85591],[18.59185,49.85604],[18.59152,49.85485],[18.5891,49.85405],[18.58898,49.85287],[18.58833,49.85282],[18.58806,49.85318],[18.58737,49.85324],[18.58543,49.85305],[18.58371,49.85231],[18.58577,49.8508],[18.58507,49.85037],[18.5848,49.85039],[18.58603,49.84886],[18.58787,49.84739],[18.58964,49.84634],[18.58962,49.84577],[18.58567,49.84305],[18.58393,49.84146],[18.58268,49.84074],[18.57823,49.83928],[18.57563,49.83807],[18.56943,49.8344],[18.5693,49.83379],[18.56892,49.83325],[18.56951,49.83258],[18.56968,49.8317],[18.56898,49.83018],[18.56892,49.8292],[18.56963,49.82765],[18.57105,49.82621],[18.57384,49.82518],[18.57545,49.82439],[18.57595,49.82399],[18.57638,49.82338],[18.57683,49.82156],[18.57748,49.82065],[18.58149,49.81869],[18.58235,49.81798],[18.5827,49.81692],[18.58211,49.81464],[18.58204,49.81275],[18.58245,49.8099],[18.58304,49.80851],[18.5853,49.80486],[18.58647,49.80422],[18.5891,49.8032],[18.59154,49.80284],[18.59237,49.80238],[18.59295,49.80175],[18.59321,49.80073],[18.59273,49.79836],[18.59282,49.79773],[18.59558,49.79509],[18.59659,49.79382],[18.59739,49.79247],[18.5996,49.79001],[18.59996,49.78936],[18.59976,49.7885],[18.59815,49.78714],[18.59731,49.78621],[18.59707,49.78516],[18.59729,49.78435],[18.59759,49.78396],[18.59881,49.78314],[18.60257,49.78088],[18.60337,49.77994],[18.60366,49.77934],[18.60389,49.77816],[18.60434,49.77696],[18.60426,49.77648],[18.60442,49.77533],[18.60476,49.77476],[18.60982,49.77127],[18.61046,49.77068],[18.61059,49.7701],[18.61037,49.76863],[18.61093,49.76645],[18.6123,49.76428],[18.61421,49.76192],[18.61446,49.76133],[18.61434,49.76026],[18.61277,49.75744],[18.61281,49.75643],[18.61338,49.7551],[18.61474,49.7536],[18.61623,49.75278],[18.61784,49.75231],[18.62214,49.7515],[18.62574,49.75037],[18.62731,49.74918],[18.62921,49.74709],[18.62953,49.74552],[18.62891,49.74329],[18.62865,49.74064],[18.62821,49.73943],[18.62738,49.7382],[18.62714,49.73746],[18.62722,49.73624],[18.62776,49.73522],[18.62788,49.73441],[18.62623,49.72982],[18.62659,49.72875],[18.62783,49.72768],[18.62886,49.72613],[18.62843,49.72537],[18.62654,49.72429],[18.62575,49.72363],[18.62539,49.72305],[18.62522,49.72238],[18.62843,49.72224],[18.62958,49.72179],[18.62909,49.72054],[18.62996,49.7202],[18.63031,49.71969],[18.6314,49.71944],[18.63165,49.71884],[18.63314,49.71841],[18.63382,49.71798],[18.63371,49.71735],[18.63633,49.71713],[18.6362,49.71497],[18.63868,49.71435],[18.6401,49.71355],[18.64073,49.71355],[18.64151,49.71292],[18.6417,49.71229],[18.64411,49.71237],[18.64517,49.71222],[18.64654,49.71181],[18.64838,49.71154],[18.64897,49.71089],[18.65232,49.71099],[18.65258,49.70762],[18.65356,49.70845],[18.65493,49.70866],[18.6561,49.70906],[18.65776,49.71037],[18.65861,49.71083],[18.66231,49.71091],[18.663,49.71055],[18.66416,49.70953],[18.66411,49.71005],[18.66544,49.70949],[18.66689,49.70966],[18.66694,49.70935],[18.6672,49.70921],[18.66742,49.70641],[18.66822,49.70344],[18.67085,49.70355],[18.67173,49.70374],[18.67255,49.70368],[18.67509,49.70476],[18.67624,49.70548],[18.67801,49.70583],[18.67826,49.70495],[18.68096,49.70376],[18.68241,49.70446],[18.68709,49.70583],[18.69366,49.7066],[18.69803,49.7062],[18.70481,49.70466],[18.70654,49.70445],[18.70956,49.70449],[18.70767,49.70229],[18.70963,49.70146],[18.71149,49.69969],[18.7094,49.69691],[18.70914,49.69607],[18.70925,49.69543],[18.71009,49.69529],[18.71119,49.69561],[18.71189,49.69628],[18.71218,49.6962],[18.71256,49.69579],[18.7132,49.69569],[18.71381,49.69612],[18.71487,49.6961],[18.71476,49.69596],[18.71524,49.69536],[18.71467,49.69503],[18.71454,49.69439],[18.7146,49.69171],[18.71755,49.68975],[18.71751,49.68936],[18.71795,49.68765],[18.7181,49.6866],[18.71798,49.68536],[18.71714,49.6842],[18.71707,49.68351],[18.71919,49.68381],[18.72092,49.68314],[18.72329,49.6827],[18.72602,49.68345],[18.72736,49.68411],[18.72979,49.68419],[18.73134,49.68291],[18.73395,49.68215],[18.7355,49.68241],[18.73746,49.68092],[18.73813,49.68084],[18.73899,49.67985],[18.73972,49.67831],[18.73931,49.67724],[18.74097,49.67654],[18.74152,49.67642],[18.74349,49.67652],[18.74618,49.67752],[18.7481,49.67704],[18.75117,49.67689],[18.75912,49.68197],[18.76415,49.68463],[18.76528,49.68322],[18.76686,49.68229],[18.76803,49.68253],[18.76843,49.68285],[18.77,49.6834],[18.77151,49.68301],[18.77293,49.68283],[18.77346,49.68295],[18.77386,49.68282],[18.78063,49.68536],[18.78307,49.68479],[18.78381,49.68443],[18.78423,49.68385],[18.78706,49.68226],[18.78914,49.68194],[18.79388,49.67936],[18.79534,49.67911],[18.80458,49.67887],[18.80695,49.67678],[18.80852,49.67531],[18.80981,49.6732],[18.81009,49.67225],[18.81009,49.67104],[18.80774,49.66813],[18.80731,49.66744],[18.80706,49.66625],[18.80665,49.66567],[18.80663,49.66525],[18.80759,49.66433],[18.80808,49.66295],[18.8076,49.66067],[18.80811,49.65951],[18.80929,49.65755],[18.80919,49.65577],[18.80821,49.65521],[18.80751,49.65375],[18.80677,49.65275],[18.80634,49.65128],[18.80684,49.65043],[18.80928,49.64831],[18.80988,49.64683],[18.81163,49.64353],[18.81246,49.64113],[18.81341,49.63982],[18.81327,49.63792],[18.81259,49.63686],[18.81295,49.63435],[18.81515,49.63339],[18.8166,49.63244],[18.81719,49.63165],[18.81737,49.62917],[18.81908,49.62649],[18.82025,49.6242],[18.82052,49.62323],[18.81914,49.62068],[18.81919,49.61992],[18.8188,49.61994],[18.8188,49.61856],[18.8193,49.61765],[18.82054,49.61674],[18.82311,49.61538],[18.82426,49.61446],[18.82431,49.6126],[18.82413,49.61171],[18.82473,49.60963],[18.82404,49.60802],[18.82323,49.60724],[18.82319,49.60678],[18.82344,49.60607],[18.82308,49.60553],[18.8232,49.60406],[18.82362,49.60315],[18.8244,49.60204],[18.82473,49.60019],[18.82649,49.59757],[18.82669,49.59695],[18.82929,49.59494],[18.83269,49.59491],[18.83433,49.59512],[18.83908,49.59532],[18.83915,49.5946],[18.83886,49.59332],[18.83716,49.59142],[18.83684,49.59083],[18.83645,49.59077],[18.83613,49.5903],[18.83566,49.59004],[18.83539,49.5892],[18.83539,49.58867],[18.83553,49.58847],[18.83532,49.588],[18.83547,49.58775],[18.83552,49.58691],[18.83531,49.58658],[18.834,49.58603],[18.83267,49.58585],[18.83199,49.58504],[18.83168,49.58407],[18.83176,49.5825],[18.83208,49.58105],[18.83265,49.57996],[18.83428,49.57835],[18.83474,49.57767],[18.83492,49.57708],[18.83324,49.57459],[18.8331,49.57394],[18.83322,49.57329],[18.83366,49.57255],[18.83565,49.57143],[18.83656,49.57069],[18.83752,49.56917],[18.83735,49.56793],[18.83694,49.56751],[18.83741,49.56656],[18.83724,49.56601],[18.83739,49.56518],[18.83708,49.56385],[18.83724,49.56293],[18.83775,49.56197],[18.83887,49.56112],[18.83926,49.56102],[18.83922,49.56081],[18.84194,49.56081],[18.84412,49.56133],[18.84559,49.56088],[18.84611,49.56028],[18.84569,49.55971],[18.84582,49.55953],[18.84763,49.5591],[18.84866,49.5587],[18.84885,49.55849],[18.84889,49.55705],[18.84868,49.55612],[18.84893,49.55559],[18.84884,49.55535],[18.84923,49.55494],[18.84892,49.5548],[18.84928,49.55432],[18.84984,49.55418],[18.84998,49.55408],[18.84997,49.55384],[18.85151,49.5531],[18.85228,49.55245],[18.85275,49.55237],[18.85316,49.55195],[18.85338,49.55215],[18.85408,49.5521],[18.85502,49.5514],[18.85593,49.55152],[18.85592,49.55117],[18.85614,49.55113],[18.85726,49.55135],[18.85763,49.5511],[18.85868,49.55093],[18.85925,49.55059],[18.85911,49.54797],[18.85745,49.53793],[18.84978,49.53442],[18.84893,49.53437],[18.8489,49.53491],[18.84788,49.53479],[18.84788,49.5355],[18.84715,49.53554],[18.84612,49.53442],[18.84514,49.53398],[18.8441,49.53409],[18.84356,49.53352],[18.8436,49.53294],[18.84344,49.53256],[18.84395,49.53124],[18.84343,49.53056],[18.84463,49.52975],[18.8447,49.52824],[18.84358,49.52724],[18.84284,49.52683],[18.84048,49.52627],[18.839,49.52553],[18.83798,49.52465],[18.83723,49.52364],[18.83929,49.52265],[18.84108,49.5213],[18.84219,49.51945],[18.84301,49.51854],[18.84436,49.5182],[18.84666,49.51859],[18.84779,49.51863],[18.8516,49.5183],[18.85091,49.51715],[18.85223,49.51737],[18.85341,49.51696],[18.86002,49.51843],[18.86033,49.51846],[18.86048,49.5183],[18.86376,49.51862],[18.864,49.51868],[18.86387,49.51884],[18.86486,49.51907],[18.86526,49.51933],[18.86677,49.51942],[18.86893,49.51911],[18.86908,49.51883],[18.87,49.51857],[18.87001,49.51843],[18.86986,49.51843],[18.87018,49.51827],[18.87003,49.51823],[18.87054,49.51817],[18.87048,49.51789],[18.87113,49.51764],[18.87142,49.51692],[18.87184,49.51699],[18.87192,49.51674],[18.87205,49.51676],[18.87243,49.51705],[18.8733,49.51719],[18.87337,49.51699],[18.87382,49.51678],[18.87357,49.51669],[18.87466,49.51649],[18.87459,49.51611],[18.87516,49.51612],[18.8755,49.51587],[18.87783,49.51589],[18.88466,49.51662],[18.88673,49.51669],[18.8896,49.5158],[18.8903,49.51583],[18.89584,49.51452],[18.89716,49.51442],[18.89821,49.51479],[18.9026,49.51524],[18.90814,49.5163],[18.91111,49.51699],[18.91279,49.51757],[18.92212,49.5184],[18.92791,49.51872],[18.92904,49.51898],[18.93028,49.51981],[18.93085,49.51995],[18.93553,49.51843],[18.93752,49.51873],[18.94166,49.5189],[18.94399,49.51797],[18.94632,49.51742],[18.94669,49.51589],[18.94706,49.51506],[18.94799,49.51337],[18.9488,49.51265],[18.95041,49.51254],[18.9518,49.51276],[18.95471,49.51258],[18.95624,49.51119],[18.95808,49.5104],[18.95873,49.50997],[18.96111,49.50966],[18.9626,49.50892],[18.96419,49.5065],[18.96502,49.50596],[18.9659,49.50561],[18.96669,49.50603],[18.96823,49.50635],[18.96977,49.5051],[18.97165,49.50434],[18.97211,49.50332],[18.97283,49.50241],[18.97246,49.50166],[18.97185,49.50114],[18.97176,49.50083],[18.97198,49.50006],[18.97269,49.49952],[18.97271,49.49877],[18.97321,49.49795],[18.97333,49.49681],[18.97312,49.49656],[18.9716,49.49609],[18.97024,49.49536],[18.96806,49.4946],[18.96623,49.49309],[18.9661,49.49194],[18.96512,49.49025],[18.9651,49.48942],[18.96482,49.48875],[18.96383,49.48794],[18.96361,49.48746],[18.96315,49.48458],[18.96045,49.48275],[18.96274,49.48188],[18.96539,49.47974],[18.96948,49.4775],[18.9702,49.47681],[18.96808,49.47582],[18.96589,49.47457],[18.96548,49.47358],[18.96459,49.47244],[18.96447,49.47185],[18.96475,49.47069],[18.96553,49.46971],[18.9662,49.46796],[18.96554,49.46712],[18.9651,49.46537],[18.96414,49.46371],[18.9634,49.46152],[18.96318,49.46073],[18.96325,49.45929],[18.96276,49.45816],[18.96301,49.45743],[18.96265,49.4569],[18.96109,49.45548],[18.96078,49.4547],[18.96155,49.45442],[18.96332,49.45413],[18.96388,49.45357],[18.96551,49.453],[18.96691,49.4528],[18.97163,49.45275],[18.97387,49.45165],[18.97471,49.45067],[18.97517,49.44986],[18.97535,49.4493],[18.97535,49.44848],[18.97623,49.44737],[18.97571,49.44539],[18.97596,49.44504],[18.97667,49.44475],[18.97758,49.44403],[18.97894,49.44277],[18.97779,49.44053],[18.97931,49.43898],[18.97984,49.43821],[18.98291,49.43529],[18.98359,49.43434],[18.98375,49.43347],[18.98452,49.43299],[18.98831,49.43183],[18.98897,49.4313],[18.989,49.43051],[18.98863,49.42995],[18.98727,49.42894],[18.98694,49.42406],[18.9863,49.42316],[18.98572,49.42185],[18.98257,49.42054],[18.98147,49.41973],[18.98092,49.41904],[18.97941,49.41839],[18.97793,49.4172],[18.97536,49.41592],[18.97303,49.4153],[18.96875,49.41333],[18.96869,49.41164],[18.96917,49.40999],[18.9696,49.40933],[18.97152,49.40823],[18.97315,49.40694],[18.97296,49.40433],[18.9724,49.40326],[18.97118,49.40206],[18.97341,49.40012],[18.97604,49.3986],[18.97791,49.39717],[18.97889,49.39683],[18.97925,49.3959],[18.97985,49.39522],[18.98484,49.39648],[18.98731,49.39696],[18.98964,49.39838],[18.9924,49.39804],[18.99496,49.39813],[18.99754,49.3979],[19.00013,49.39789],[19.0017,49.39766],[19.00313,49.39722],[19.00387,49.39628],[19.00452,49.3958],[19.00774,49.39556],[19.00927,49.39518],[19.01006,49.39479],[19.01481,49.39643],[19.01989,49.39507],[19.0235,49.39458],[19.0259,49.39401],[19.027,49.39398],[19.03105,49.39536],[19.03228,49.39559],[19.03502,49.39572],[19.03634,49.39607],[19.03869,49.39708],[19.0402,49.3983],[19.04469,49.40045],[19.04606,49.40191],[19.04431,49.40474],[19.04595,49.40601],[19.04814,49.40707],[19.0484,49.40755],[19.04906,49.40817],[19.05073,49.40926],[19.05185,49.41041],[19.05239,49.41125],[19.05272,49.41322],[19.05391,49.41516],[19.05562,49.41476],[19.05788,49.41467],[19.06197,49.41396],[19.06249,49.414],[19.06387,49.41447],[19.06436,49.41446],[19.06641,49.4136],[19.06877,49.41296],[19.07019,49.41239],[19.07021,49.41285],[19.07065,49.41374],[19.07105,49.41571],[19.07273,49.41798],[19.07436,49.41746],[19.07654,49.41703],[19.08004,49.4166],[19.08507,49.4164],[19.08604,49.416],[19.08994,49.41611],[19.09147,49.41597],[19.09177,49.41584],[19.09235,49.41454],[19.09294,49.4138],[19.09317,49.41324],[19.09374,49.41265],[19.09392,49.41221],[19.09364,49.4108],[19.09435,49.4103],[19.09739,49.41052],[19.10021,49.41101],[19.10129,49.41012],[19.103,49.40979],[19.10311,49.40936],[19.10299,49.40886],[19.10558,49.40668],[19.10672,49.40401],[19.10729,49.40368],[19.11281,49.40415],[19.11602,49.40384],[19.12036,49.40266],[19.12236,49.40262],[19.1272,49.4036],[19.12843,49.40426],[19.12974,49.40465],[19.13028,49.40501],[19.13108,49.40512],[19.13239,49.40574],[19.13311,49.4068],[19.13256,49.40807],[19.13414,49.40826],[19.13501,49.40892],[19.13589,49.40908],[19.13752,49.40996],[19.13999,49.40957],[19.14504,49.40797],[19.14604,49.40694],[19.14625,49.40615],[19.1471,49.40523],[19.14887,49.40463],[19.15066,49.40364],[19.15338,49.40377],[19.15709,49.40557],[19.16108,49.40718],[19.16258,49.40755],[19.16707,49.40988],[19.16969,49.41176],[19.17294,49.4131],[19.1756,49.41374],[19.17728,49.41399],[19.17838,49.41369],[19.17999,49.41304],[19.18141,49.41216],[19.18745,49.40966],[19.18895,49.41047],[19.19161,49.41109],[19.19309,49.41211],[19.19547,49.41327],[19.19717,49.41371],[19.1974,49.41456],[19.19665,49.41531],[19.19593,49.41648],[19.19349,49.41836],[19.19153,49.42024],[19.191,49.42104],[19.19114,49.42348],[19.19163,49.42419],[19.19341,49.42601],[19.19247,49.42726],[19.19164,49.42792],[19.1912,49.42861],[19.18739,49.43142],[19.18633,49.43195],[19.18588,49.43337],[19.18546,49.43375],[19.18574,49.43472],[19.18803,49.43599],[19.18856,49.43658],[19.18891,49.43749],[19.18968,49.43814],[19.19119,49.44035],[19.19295,49.44199],[19.1944,49.44297],[19.19518,49.44479],[19.19618,49.44597],[19.19652,49.44685],[19.19714,49.44712],[19.19858,49.44816],[19.19929,49.44819],[19.20016,49.44866],[19.20175,49.44892],[19.20326,49.44964],[19.20464,49.44997],[19.20752,49.45173],[19.20899,49.45183],[19.21124,49.45083],[19.21197,49.45074],[19.21317,49.45018],[19.21563,49.44961],[19.21723,49.44886],[19.21901,49.44861],[19.21959,49.4499],[19.2196,49.45089],[19.22037,49.45143],[19.22235,49.45215],[19.22331,49.45293],[19.22449,49.45357],[19.22531,49.45431],[19.2258,49.4558],[19.22666,49.45742],[19.22662,49.4592],[19.22677,49.46039],[19.22806,49.46166],[19.22842,49.46249],[19.22826,49.46374],[19.22713,49.46695],[19.22444,49.46769],[19.22205,49.46816],[19.22065,49.46868],[19.21998,49.46931],[19.22047,49.47349],[19.22093,49.47495],[19.22145,49.47574],[19.22301,49.47732],[19.22507,49.47855],[19.22546,49.47935],[19.22528,49.48058],[19.22653,49.48257],[19.22657,49.48298],[19.22725,49.48413],[19.22883,49.48492],[19.23154,49.48683],[19.23167,49.48718],[19.23155,49.48786],[19.22967,49.48952],[19.22892,49.49035],[19.22837,49.49142],[19.22783,49.49194],[19.23005,49.49317],[19.2349,49.49503],[19.23551,49.49566],[19.23604,49.49762],[19.23592,49.49866],[19.23703,49.5017],[19.23684,49.50243],[19.23602,49.50301],[19.23404,49.50372],[19.23376,49.50509],[19.23397,49.50561],[19.23471,49.50638],[19.23482,49.50771],[19.23326,49.51022],[19.23327,49.51049],[19.23365,49.51086],[19.23837,49.51367],[19.24062,49.51486],[19.24345,49.51776],[19.24508,49.51873],[19.24708,49.51912],[19.249,49.51997],[19.25029,49.52026],[19.25102,49.52072],[19.25528,49.52493],[19.25767,49.52611],[19.25861,49.52631],[19.26103,49.52729],[19.26182,49.52881],[19.2615,49.52984],[19.26079,49.53039],[19.26069,49.53123],[19.26434,49.53238],[19.26637,49.53243],[19.26931,49.53192],[19.2718,49.53168],[19.27477,49.5319],[19.27655,49.53261],[19.27752,49.53332],[19.28157,49.53532],[19.28549,49.53519],[19.28859,49.53453],[19.29114,49.53348],[19.29283,49.5332],[19.29589,49.53365],[19.29796,49.53344],[19.29968,49.53358],[19.30178,49.53418],[19.30673,49.53638],[19.30847,49.53682],[19.31036,49.53702],[19.31346,49.53659],[19.31557,49.53659],[19.31867,49.53419],[19.31879,49.53108],[19.32956,49.53177],[19.33133,49.53211],[19.333,49.53359],[19.33749,49.5341],[19.33981,49.53412],[19.34409,49.53499],[19.3469,49.53591],[19.35016,49.5361],[19.35206,49.53574],[19.36,49.5356],[19.3623,49.53609],[19.36492,49.53778],[19.36615,49.53895],[19.36731,49.54147],[19.36782,49.54367],[19.36857,49.54503],[19.3688,49.54735],[19.36809,49.54782],[19.3675,49.54982],[19.36642,49.55258],[19.36659,49.5537],[19.3691,49.55451],[19.37142,49.5557],[19.37345,49.55785],[19.37364,49.55945],[19.37141,49.56438],[19.37154,49.56511],[19.37116,49.56606],[19.37136,49.56744],[19.3729,49.568],[19.37455,49.56895],[19.37575,49.56918],[19.37725,49.57003],[19.37752,49.5705],[19.38076,49.57091],[19.38407,49.57208],[19.38699,49.57187],[19.3876,49.57159],[19.38988,49.57176],[19.3918,49.57207],[19.39286,49.57244],[19.39381,49.57285],[19.39508,49.57392],[19.39611,49.57427],[19.39829,49.57388],[19.40002,49.57413],[19.4037,49.57735],[19.40504,49.57899],[19.4071,49.58012],[19.40764,49.58083],[19.40775,49.58268],[19.40801,49.58384],[19.40792,49.58435],[19.40684,49.58595],[19.40711,49.58684],[19.40826,49.58869],[19.4096,49.59179],[19.40999,49.59216],[19.41143,49.59254],[19.41406,49.59277],[19.41639,49.59408],[19.41872,49.59473],[19.42097,49.59515],[19.42273,49.59576],[19.42367,49.59575],[19.42458,49.59547],[19.427,49.59539],[19.42909,49.5958],[19.43064,49.59541],[19.43184,49.59568],[19.43302,49.59621],[19.43392,49.59626],[19.43551,49.59669],[19.43781,49.59684],[19.43966,49.59783],[19.44087,49.59801],[19.44202,49.5985],[19.44373,49.59963],[19.4446,49.60051],[19.44513,49.60161],[19.44437,49.60305],[19.44212,49.60437],[19.44207,49.60557],[19.44317,49.60793],[19.44305,49.60916],[19.44346,49.60997],[19.44458,49.61126],[19.44497,49.61205],[19.44623,49.6133],[19.44852,49.61382],[19.45212,49.61182],[19.45494,49.61091],[19.45674,49.61119],[19.46125,49.61293],[19.46601,49.61345],[19.46738,49.61376],[19.47006,49.61113],[19.47065,49.60877],[19.47139,49.60791],[19.47274,49.60706],[19.47462,49.60465],[19.4747,49.60338],[19.47368,49.60157],[19.47187,49.60057],[19.47168,49.60005],[19.47062,49.59876],[19.4699,49.59834],[19.4685,49.59641],[19.46914,49.5956],[19.47139,49.59478],[19.47298,49.59395],[19.47368,49.59256],[19.47578,49.5916],[19.4764,49.59101],[19.47754,49.58907],[19.47841,49.58803],[19.48049,49.58689],[19.4841,49.58565],[19.49251,49.58435],[19.49587,49.58225],[19.49723,49.58158],[19.49963,49.58122],[19.50692,49.58193],[19.51021,49.58144],[19.51488,49.57747],[19.51563,49.5755],[19.51721,49.57402],[19.51822,49.57341],[19.52201,49.57223],[19.52583,49.57215],[19.52714,49.57259],[19.52933,49.57302],[19.5296,49.57052],[19.52802,49.56133],[19.52741,49.56117],[19.52864,49.55477],[19.52993,49.54928],[19.52957,49.54802],[19.52912,49.54111],[19.52923,49.53875],[19.53045,49.53577],[19.53352,49.53225],[19.53558,49.5305],[19.53579,49.52982],[19.5353,49.52841],[19.53509,49.52631],[19.53972,49.52489],[19.54005,49.52473],[19.54152,49.52325],[19.54195,49.52196],[19.54244,49.51907],[19.54292,49.51825],[19.54475,49.51581],[19.54622,49.51425],[19.5468,49.51379],[19.54809,49.51323],[19.54846,49.51272],[19.54909,49.51085],[19.54945,49.51056],[19.55161,49.50762],[19.55193,49.50566],[19.5527,49.50383],[19.55337,49.50318],[19.55337,49.50274],[19.55391,49.50134],[19.55407,49.49964],[19.55439,49.4987],[19.55429,49.49671],[19.55447,49.49477],[19.55364,49.48994],[19.55452,49.48944],[19.55471,49.48897],[19.55553,49.48846],[19.55549,49.48833],[19.55589,49.48797],[19.55665,49.48763],[19.55669,49.48743],[19.55705,49.48745],[19.55703,49.48727],[19.55727,49.48718],[19.5574,49.48685],[19.55837,49.48796],[19.55938,49.48623],[19.5611,49.48424],[19.56202,49.48223],[19.56563,49.48052],[19.56592,49.47951],[19.56604,49.47807],[19.56719,49.47673],[19.5673,49.47613],[19.5676,49.47566],[19.56905,49.47449],[19.56799,49.47396],[19.56785,49.47375],[19.56808,49.47353],[19.5674,49.47295],[19.56712,49.47241],[19.5672,49.47183],[19.5671,49.47129],[19.56691,49.47114],[19.56715,49.47092],[19.5676,49.47089],[19.56745,49.47079],[19.56755,49.47068],[19.56771,49.47065],[19.56771,49.47078],[19.5681,49.47049],[19.56874,49.47038],[19.56867,49.47022],[19.56906,49.47026],[19.56902,49.47007],[19.56932,49.47024],[19.56939,49.46995],[19.57004,49.47005],[19.57,49.46962],[19.57063,49.46929],[19.57028,49.46918],[19.5706,49.46878],[19.57098,49.46881],[19.57083,49.46863],[19.5713,49.46868],[19.57165,49.46846],[19.57169,49.46834],[19.57137,49.46825],[19.57207,49.46774],[19.57196,49.46758],[19.57214,49.46736],[19.57268,49.46749],[19.57284,49.46715],[19.57304,49.46708],[19.57297,49.46687],[19.57316,49.46667],[19.57277,49.46656],[19.5729,49.46624],[19.57321,49.46614],[19.57322,49.46596],[19.57303,49.4659],[19.57348,49.46565],[19.57346,49.46549],[19.57373,49.4656],[19.57368,49.46548],[19.57435,49.46496],[19.57445,49.46459],[19.57466,49.46465],[19.57473,49.46443],[19.57512,49.46438],[19.57485,49.4642],[19.57509,49.46419],[19.57515,49.46388],[19.57534,49.46403],[19.57558,49.46391],[19.57604,49.46344],[19.57655,49.46334],[19.57646,49.46317],[19.57671,49.46315],[19.57697,49.46346],[19.57769,49.46326],[19.57834,49.46273],[19.57822,49.46263],[19.57871,49.46248],[19.57863,49.46239],[19.57943,49.46207],[19.57962,49.46217],[19.57965,49.46186],[19.57992,49.46193],[19.57971,49.46161],[19.57978,49.46149],[19.58011,49.4615],[19.58006,49.4613],[19.58058,49.46122],[19.58073,49.46102],[19.58059,49.46069],[19.58077,49.46053],[19.58054,49.46052],[19.58105,49.45996],[19.58083,49.45981],[19.58101,49.45985],[19.58128,49.45959],[19.58122,49.45944],[19.58094,49.45948],[19.58095,49.45917],[19.58063,49.45923],[19.58063,49.45893],[19.58126,49.45845],[19.58113,49.45826],[19.58173,49.45828],[19.58188,49.45811],[19.58155,49.45799],[19.58204,49.45785],[19.58183,49.45762],[19.58192,49.45747],[19.58145,49.45739],[19.58149,49.45712],[19.58115,49.4569],[19.58147,49.45675],[19.58135,49.45645],[19.58101,49.45649],[19.5811,49.45583],[19.58149,49.45575],[19.58147,49.45541],[19.58639,49.45676],[19.58822,49.45784],[19.58888,49.45807],[19.59263,49.45864],[19.59447,49.45864],[19.59638,49.4583],[19.59744,49.45863],[19.59765,49.45828],[19.59764,49.45794],[19.59835,49.45789],[19.59887,49.45765],[19.59905,49.45735],[19.5996,49.45728],[19.59952,49.45694],[19.5991,49.45709],[19.59905,49.45688],[19.59931,49.45665],[19.59971,49.45651],[19.59971,49.45672],[19.59993,49.45679],[19.60038,49.45646],[19.60061,49.45594],[19.60229,49.4556],[19.60288,49.45507],[19.60311,49.45448],[19.60394,49.45442],[19.60437,49.45406],[19.60447,49.45428],[19.60472,49.45435],[19.60487,49.45418],[19.60473,49.45371],[19.60511,49.45347],[19.60507,49.45333],[19.60561,49.45334],[19.60614,49.45357],[19.60571,49.45279],[19.60593,49.45248],[19.60557,49.45209],[19.60612,49.45183],[19.60594,49.45153],[19.60605,49.45129],[19.6068,49.45084],[19.60753,49.45083],[19.60802,49.4505],[19.60845,49.45043],[19.60837,49.45021],[19.60909,49.45014],[19.60972,49.44938],[19.60996,49.44858],[19.60945,49.44841],[19.60943,49.44828],[19.61042,49.44815],[19.61061,49.4479],[19.61112,49.44769],[19.61145,49.44687],[19.62543,49.44961],[19.62842,49.4513],[19.64112,49.45756],[19.64289,49.45456],[19.64163,49.45326],[19.64181,49.45169],[19.64157,49.44949],[19.63779,49.44813],[19.63788,49.44557],[19.63736,49.44478],[19.63792,49.44417],[19.6386,49.4439],[19.63798,49.44246],[19.63751,49.44202],[19.63774,49.44177],[19.63765,49.44159],[19.63843,49.44125],[19.63796,49.44099],[19.6378,49.44055],[19.63829,49.44022],[19.63842,49.44037],[19.63875,49.44035],[19.63959,49.44008],[19.63988,49.43932],[19.64049,49.4394],[19.64046,49.43974],[19.64085,49.4396],[19.64115,49.4392],[19.64186,49.43879],[19.64186,49.43863],[19.64159,49.4386],[19.64139,49.43836],[19.64194,49.43835],[19.64302,49.43784],[19.64278,49.43731],[19.64384,49.43702],[19.64373,49.43682],[19.64395,49.43661],[19.64413,49.43659],[19.64433,49.43695],[19.64474,49.43706],[19.64518,49.43711],[19.64588,49.43686],[19.64631,49.43701],[19.64659,49.43594],[19.6486,49.43536],[19.64821,49.43499],[19.64823,49.43464],[19.64788,49.43433],[19.64777,49.43395],[19.64793,49.43357],[19.64763,49.43321],[19.64703,49.43302],[19.6458,49.43221],[19.64471,49.43124],[19.64376,49.43073],[19.64259,49.42845],[19.64168,49.42748],[19.64074,49.42606],[19.63835,49.42185],[19.6378,49.41881],[19.63708,49.41759],[19.6358,49.41586],[19.6352,49.41421],[19.63521,49.41359],[19.63473,49.41307],[19.63464,49.41251],[19.63142,49.40954],[19.63173,49.4088],[19.63294,49.40841],[19.63342,49.40847],[19.63381,49.40889],[19.63326,49.40933],[19.63341,49.40959],[19.63428,49.40995],[19.63424,49.40947],[19.63477,49.40943],[19.63547,49.40975],[19.63566,49.41025],[19.63592,49.41039],[19.63626,49.41024],[19.63663,49.40981],[19.63746,49.40958],[19.63771,49.40914],[19.63868,49.40862],[19.63921,49.40946],[19.63898,49.41011],[19.63901,49.411],[19.63912,49.41125],[19.63948,49.41126],[19.64008,49.41101],[19.64033,49.41049],[19.64084,49.41035],[19.64095,49.4099],[19.64117,49.40977],[19.64222,49.40977],[19.64222,49.41012],[19.64179,49.41055],[19.6419,49.41067],[19.64344,49.41038],[19.64475,49.41062],[19.64457,49.41018],[19.64479,49.40963],[19.64412,49.40954],[19.64382,49.40932],[19.64461,49.40874],[19.64403,49.40852],[19.64433,49.40822],[19.64591,49.40823],[19.6463,49.40908],[19.64736,49.40965],[19.64768,49.4096],[19.64795,49.40899],[19.64835,49.40897],[19.65024,49.4095],[19.65037,49.40963],[19.65015,49.40996],[19.65058,49.41],[19.6509,49.40986],[19.65138,49.40904],[19.65134,49.40847],[19.65278,49.40801],[19.65317,49.40806],[19.65391,49.40854],[19.65417,49.40841],[19.65376,49.40807],[19.65389,49.40786],[19.65646,49.40829],[19.65764,49.40775],[19.65859,49.40759],[19.65935,49.40828],[19.66028,49.40846],[19.66057,49.40802],[19.66041,49.40736],[19.66122,49.40646],[19.66226,49.40673],[19.66235,49.40692],[19.66213,49.40717],[19.66253,49.40747],[19.66255,49.40765],[19.66276,49.40768],[19.66401,49.40727],[19.66391,49.40692],[19.66338,49.40689],[19.66391,49.4065],[19.66482,49.40623],[19.66524,49.40668],[19.66578,49.4068],[19.66609,49.40671],[19.66638,49.4064],[19.66678,49.40644],[19.66692,49.40612],[19.66661,49.40577],[19.66716,49.40558],[19.66768,49.40566],[19.66814,49.40615],[19.66862,49.40626],[19.66927,49.40591],[19.66932,49.40558],[19.66973,49.40536],[19.67165,49.40606],[19.67244,49.40561],[19.67199,49.40501],[19.67207,49.40447],[19.67288,49.40407],[19.67302,49.40419],[19.67279,49.40446],[19.67309,49.40462],[19.6739,49.40458],[19.67443,49.40479],[19.6751,49.40479],[19.67586,49.40434],[19.67599,49.40379],[19.67579,49.40357],[19.67585,49.40344],[19.67649,49.40312],[19.67662,49.40319],[19.67657,49.40341],[19.67712,49.40341],[19.67749,49.40324],[19.67731,49.40305],[19.67739,49.40295],[19.67808,49.40296],[19.67844,49.40365],[19.67838,49.40399],[19.67806,49.40413],[19.6783,49.40433],[19.67884,49.40429],[19.67949,49.40316],[19.67967,49.40309],[19.67943,49.40252],[19.68009,49.40215],[19.6808,49.40205],[19.68151,49.4023],[19.68182,49.40266],[19.68177,49.4036],[19.68218,49.40398],[19.68281,49.40372],[19.6829,49.40328],[19.68275,49.403],[19.68371,49.40262],[19.68421,49.40268],[19.68394,49.40288],[19.68428,49.40333],[19.6849,49.40328],[19.68537,49.40358],[19.68548,49.40332],[19.68535,49.40266],[19.68577,49.40227],[19.68599,49.40226],[19.68708,49.4031],[19.6873,49.4029],[19.68722,49.40221],[19.68846,49.40155],[19.68868,49.40111],[19.68919,49.40118],[19.6906,49.40101],[19.69124,49.40125],[19.69164,49.40103],[19.69155,49.40081],[19.69096,49.40054],[19.69077,49.40029],[19.68955,49.40046],[19.68955,49.40003],[19.6901,49.39986],[19.69172,49.39972],[19.69203,49.4003],[19.69279,49.40087],[19.69376,49.40045],[19.69351,49.40027],[19.693,49.40051],[19.6928,49.40038],[19.69346,49.39964],[19.69313,49.39953],[19.69321,49.39935],[19.69345,49.39927],[19.69414,49.39965],[19.69517,49.39982],[19.69546,49.3996],[19.69487,49.39925],[19.69545,49.39895],[19.69628,49.39922],[19.69631,49.39943],[19.69693,49.39945],[19.69768,49.39908],[19.69788,49.39866],[19.69761,49.39844],[19.69841,49.39798],[19.699,49.39846],[19.69858,49.39906],[19.69901,49.3991],[19.69911,49.39936],[19.69977,49.39968],[19.70066,49.39876],[19.70058,49.39845],[19.70021,49.39824],[19.7002,49.3976],[19.70177,49.39786],[19.70203,49.39748],[19.70251,49.39726],[19.7018,49.39641],[19.70279,49.39592],[19.70366,49.39686],[19.70455,49.39654],[19.70329,49.39536],[19.70344,49.39516],[19.70441,49.39512],[19.70492,49.39493],[19.70529,49.39529],[19.70523,49.39615],[19.70566,49.39633],[19.70629,49.39615],[19.70652,49.39594],[19.70681,49.39493],[19.7067,49.39391],[19.70695,49.39384],[19.70744,49.39421],[19.70745,49.39475],[19.70783,49.39493],[19.70854,49.39407],[19.70983,49.39329],[19.71002,49.39297],[19.71057,49.39288],[19.71055,49.39256],[19.70933,49.3922],[19.70926,49.39203],[19.70886,49.39196],[19.70867,49.39164],[19.70877,49.39136],[19.70959,49.39087],[19.71057,49.39088],[19.71102,49.39137],[19.7117,49.3912],[19.71256,49.39139],[19.71295,49.39107],[19.71338,49.39139],[19.71327,49.39178],[19.71343,49.39199],[19.71392,49.39205],[19.71433,49.392],[19.71562,49.39124],[19.7165,49.39096],[19.71652,49.39078],[19.71584,49.39072],[19.71564,49.39049],[19.7159,49.39029],[19.71713,49.39004],[19.71793,49.38953],[19.71817,49.38882],[19.71783,49.38866],[19.71749,49.38898],[19.71703,49.38894],[19.71647,49.38856],[19.71648,49.38834],[19.71673,49.38817],[19.71737,49.38802],[19.71791,49.3881],[19.71806,49.38797],[19.71685,49.38742],[19.71621,49.3873],[19.71704,49.38651],[19.71764,49.38642],[19.71836,49.38672],[19.71924,49.38678],[19.71923,49.387],[19.71895,49.3871],[19.71905,49.3875],[19.71957,49.3875],[19.72019,49.38729],[19.72142,49.38814],[19.72358,49.38925],[19.72442,49.38959],[19.72657,49.39001],[19.72964,49.39174],[19.73313,49.39479],[19.73846,49.39995],[19.73899,49.40058],[19.73923,49.40123],[19.73994,49.40195],[19.74014,49.40284],[19.74134,49.40476],[19.74207,49.40546],[19.74562,49.40715],[19.74628,49.40794],[19.75042,49.40876],[19.76758,49.41299],[19.77892,49.41201],[19.79059,49.41069],[19.78894,49.40109],[19.79039,49.39876],[19.79114,49.39669],[19.79077,49.39469],[19.79073,49.39217],[19.79113,49.38351],[19.79197,49.38242],[19.79256,49.3786],[19.79492,49.37671],[19.79588,49.3755],[19.79806,49.37333],[19.8,49.37207],[19.80184,49.37058],[19.80218,49.37011],[19.80353,49.36658],[19.80382,49.36482],[19.80357,49.36378],[19.80293,49.36227],[19.80164,49.36041],[19.80144,49.35901],[19.80182,49.35795],[19.80194,49.35614],[19.80247,49.35421],[19.80245,49.35314],[19.79932,49.35227],[19.79879,49.35193],[19.79774,49.35057],[19.79683,49.34986],[19.79554,49.3481],[19.79518,49.34659],[19.79484,49.346],[19.79472,49.34453],[19.79703,49.34301],[19.79798,49.34078],[19.79805,49.3379],[19.79844,49.33693],[19.79911,49.33364],[19.80229,49.33031],[19.80249,49.32789],[19.80381,49.32581],[19.80496,49.32277],[19.80451,49.32006],[19.8038,49.3193],[19.80316,49.319],[19.80277,49.31824],[19.80206,49.31762],[19.8011,49.31584],[19.8001,49.31478],[19.79924,49.313],[19.79621,49.30802],[19.79393,49.30541],[19.79331,49.30439],[19.79264,49.30257],[19.79244,49.30085],[19.79247,49.29974],[19.79273,49.29891],[19.7945,49.29604],[19.79705,49.29605],[19.80332,49.29558],[19.80707,49.29562],[19.80988,49.2954],[19.81054,49.29382],[19.81136,49.29271],[19.81399,49.28983],[19.81537,49.28781],[19.81577,49.28686],[19.8172,49.28564],[19.8173,49.28533],[19.81969,49.28358],[19.82087,49.28124],[19.82201,49.27986],[19.82265,49.27864],[19.8228,49.27679],[19.82079,49.27647],[19.81952,49.27668],[19.81854,49.2764],[19.81777,49.2764],[19.81722,49.27594],[19.81639,49.27569],[19.81554,49.27509],[19.81089,49.27526],[19.80955,49.27455],[19.80862,49.27437],[19.80735,49.27464],[19.80634,49.27449],[19.8057,49.27363],[19.80495,49.27333],[19.80397,49.27265],[19.80374,49.27221],[19.80297,49.27184],[19.80223,49.27062],[19.80026,49.27044],[19.79563,49.26919],[19.79485,49.26915],[19.79247,49.26797],[19.7923,49.26672],[19.79178,49.265],[19.7918,49.26384],[19.79218,49.26342],[19.79115,49.26275],[19.78879,49.26162],[19.78963,49.2609],[19.78912,49.25842],[19.79034,49.25682],[19.7905,49.25526],[19.78957,49.25391],[19.78873,49.25358],[19.78817,49.25204],[19.78759,49.25143],[19.7862,49.24928],[19.78502,49.24666],[19.78469,49.24623],[19.78337,49.24648],[19.78272,49.2464],[19.78153,49.24586],[19.77843,49.2454],[19.77609,49.24202],[19.77331,49.23903],[19.77138,49.23809],[19.76946,49.23646],[19.76677,49.2366],[19.76626,49.23457],[19.76796,49.23176],[19.76919,49.23071],[19.76826,49.22808],[19.76767,49.2272],[19.76714,49.22507],[19.76734,49.22372],[19.76694,49.22261],[19.76538,49.22139],[19.76464,49.22037],[19.76273,49.21896],[19.76091,49.21796],[19.75839,49.21598],[19.75943,49.21291],[19.75946,49.21216],[19.75978,49.21129],[19.76085,49.20987],[19.7628,49.20855],[19.76311,49.20758],[19.76515,49.207],[19.7673,49.20601],[19.76861,49.20611],[19.76949,49.20587],[19.77285,49.20566],[19.77422,49.20517],[19.77554,49.20529],[19.77629,49.20503],[19.77859,49.20495],[19.7808,49.20203],[19.7809,49.20158],[19.78158,49.20036],[19.78243,49.19985],[19.78383,49.19936],[19.78647,49.19948],[19.78707,49.19909],[19.78758,49.19906],[19.78999,49.19924],[19.79503,49.19837],[19.79524,49.19876],[19.79607,49.19956],[19.79734,49.20049],[19.79834,49.20094],[19.79927,49.20162],[19.80073,49.20214],[19.80374,49.20462],[19.80575,49.20503],[19.80752,49.20565],[19.81066,49.20429],[19.81424,49.20326],[19.81571,49.20246],[19.81913,49.19986],[19.81983,49.19953],[19.82137,49.20081],[19.82266,49.20144],[19.8241,49.20127],[19.82523,49.20153],[19.82663,49.20132],[19.82769,49.20174],[19.82946,49.20169],[19.82992,49.20112],[19.83081,49.20071],[19.83111,49.20031],[19.83117,49.19964],[19.83144,49.1995],[19.83145,49.19923],[19.83231,49.19846],[19.83252,49.1979],[19.83329,49.19743],[19.8339,49.19678],[19.83484,49.19649],[19.836,49.19658],[19.83687,49.19631],[19.8382,49.19638],[19.84003,49.19589],[19.84005,49.19521],[19.84055,49.19445],[19.84058,49.19367],[19.841,49.19262],[19.84138,49.19317],[19.84273,49.19421],[19.84468,49.19507],[19.84821,49.19555],[19.85115,49.19625],[19.85282,49.19617],[19.85541,49.19642],[19.85606,49.19628],[19.85866,49.19632],[19.86411,49.19671],[19.86944,49.1958],[19.8701,49.19672],[19.86986,49.19726],[19.86987,49.19776],[19.86958,49.19781],[19.86998,49.19804],[19.8703,49.19849],[19.87186,49.19921],[19.87354,49.2005],[19.8747,49.20091],[19.87609,49.20187],[19.8811,49.20437],[19.88212,49.20406],[19.88393,49.20418],[19.88533,49.20537],[19.88699,49.20817],[19.88838,49.20919],[19.89004,49.20986],[19.89159,49.20997],[19.89491,49.21113],[19.89658,49.21199],[19.90094,49.2128],[19.90233,49.21331],[19.90212,49.2141],[19.90169,49.2145],[19.90178,49.21499],[19.90155,49.21523],[19.90181,49.21577],[19.90179,49.21637],[19.90522,49.21949],[19.90473,49.21965],[19.90511,49.2236],[19.90513,49.22427],[19.90498,49.22435],[19.90525,49.2247],[19.90391,49.22558],[19.90366,49.22691],[19.90375,49.22751],[19.90351,49.22784],[19.90394,49.22818],[19.90408,49.2286],[19.90323,49.23018],[19.90363,49.23076],[19.90445,49.2309],[19.90444,49.23107],[19.90469,49.23124],[19.90587,49.23094],[19.90758,49.2314],[19.91139,49.23203],[19.9177,49.23466],[19.91927,49.23578],[19.92375,49.23559],[19.9245,49.23528],[19.92542,49.23515],[19.92818,49.23534],[19.93222,49.23649],[19.93386,49.23544],[19.93616,49.23465],[19.94034,49.23366],[19.94238,49.23405],[19.94344,49.23445],[19.94395,49.23412],[19.94519,49.23399],[19.94631,49.23333],[19.94845,49.23303],[19.94916,49.23253],[19.95043,49.23271],[19.95111,49.23234],[19.95313,49.23219],[19.95578,49.23243],[19.95675,49.23231],[19.95704,49.2324],[19.95921,49.23181],[19.96242,49.23137],[19.96485,49.2312],[19.96617,49.23129],[19.96783,49.23066],[19.97117,49.22995],[19.97222,49.2301],[19.97403,49.23008],[19.9771,49.23072],[19.97932,49.23096],[19.9801,49.23115],[19.98156,49.2318],[19.98439,49.23018],[19.98705,49.2291],[19.98912,49.22725],[19.98975,49.22626],[19.99439,49.22446],[19.99701,49.22367],[19.99819,49.2231],[19.99922,49.2223],[20.00122,49.22227],[20.005,49.22039],[20.00768,49.21998],[20.00863,49.22005],[20.00931,49.21942],[20.00922,49.21909],[20.00941,49.21892],[20.00902,49.21855],[20.00874,49.21787],[20.00902,49.21722],[20.00888,49.21685],[20.00908,49.21618],[20.00885,49.21561],[20.00838,49.21503],[20.00736,49.2143],[20.00727,49.21417],[20.00746,49.21403],[20.00722,49.21379],[20.00732,49.2136],[20.00662,49.21337],[20.00647,49.21316],[20.00676,49.21304],[20.00708,49.21237],[20.0076,49.21211],[20.00805,49.21162],[20.00967,49.211],[20.01199,49.20951],[20.01225,49.20891],[20.01216,49.20858],[20.01289,49.20716],[20.01339,49.20676],[20.01417,49.20655],[20.0144,49.2064],[20.01434,49.20624],[20.01529,49.20588],[20.01595,49.20543],[20.01698,49.20432],[20.01879,49.20313],[20.01873,49.20296],[20.01899,49.20271],[20.01934,49.20257],[20.01994,49.20187],[20.02053,49.2015],[20.0209,49.20159],[20.02253,49.20123],[20.02299,49.20106],[20.02332,49.20074],[20.02548,49.20066],[20.02725,49.20016],[20.02965,49.19976],[20.03129,49.19975],[20.03226,49.19996],[20.03285,49.19931],[20.03379,49.19905],[20.0343,49.19862],[20.03492,49.19863],[20.03732,49.19781],[20.03881,49.19766],[20.0401,49.19729],[20.0405,49.19702],[20.04029,49.19694],[20.03995,49.19624],[20.04005,49.19595],[20.04054,49.19553],[20.04073,49.19497],[20.04188,49.19414],[20.04262,49.19318],[20.04383,49.19286],[20.04445,49.19243],[20.04496,49.19177],[20.04656,49.19117],[20.04719,49.19037],[20.0489,49.18953],[20.05048,49.1895],[20.05098,49.18912],[20.05097,49.18883],[20.05185,49.18834],[20.05325,49.18786],[20.05462,49.18787],[20.05523,49.1877],[20.05601,49.1878],[20.05675,49.18758],[20.0577,49.1876],[20.05865,49.1874],[20.0593,49.18703],[20.06018,49.18704],[20.06091,49.18568],[20.06202,49.1848],[20.06307,49.1846],[20.06329,49.18441],[20.06384,49.18439],[20.06412,49.18428],[20.06406,49.18413],[20.06472,49.18402],[20.06529,49.18362],[20.06621,49.18353],[20.06718,49.18318],[20.06781,49.18198],[20.06866,49.18137],[20.06868,49.18111],[20.06933,49.1807],[20.07108,49.18041],[20.07142,49.18018],[20.07234,49.18021],[20.07509,49.1789],[20.07676,49.17855],[20.07836,49.17866],[20.07902,49.17848],[20.08219,49.17934],[20.08408,49.17946],[20.08432,49.17963],[20.08662,49.17969],[20.08699,49.17949],[20.08811,49.17957],[20.08821,49.18001],[20.08805,49.18026],[20.08827,49.18053],[20.08826,49.18087],[20.08847,49.18104],[20.08794,49.18152],[20.08812,49.18221],[20.08798,49.18257],[20.0882,49.18318],[20.08679,49.18437],[20.08696,49.18457],[20.08677,49.18477],[20.08723,49.18544],[20.08708,49.18561],[20.08721,49.18569],[20.08717,49.18635],[20.08804,49.18673],[20.08842,49.18734],[20.08925,49.18785],[20.08858,49.18774],[20.08747,49.18784],[20.08714,49.18799],[20.08699,49.18841],[20.08671,49.18865],[20.08682,49.18891],[20.08658,49.18896],[20.08654,49.18913],[20.08587,49.18919],[20.08615,49.18956],[20.08587,49.19044],[20.08601,49.19141],[20.08571,49.19152],[20.08569,49.19179],[20.08495,49.19215],[20.08479,49.19281],[20.08455,49.19293],[20.08472,49.19452],[20.0846,49.19478],[20.08435,49.19488],[20.0845,49.19543],[20.08434,49.19557],[20.08438,49.19618],[20.08477,49.19653],[20.08508,49.19643],[20.08618,49.19728],[20.08614,49.19777],[20.08637,49.1984],[20.08684,49.1988],[20.08679,49.19896],[20.08719,49.19939],[20.08712,49.20072],[20.08678,49.20123],[20.08686,49.20271],[20.08647,49.20332],[20.08626,49.20402],[20.08697,49.20585],[20.08718,49.20761],[20.0885,49.20928],[20.09063,49.21144],[20.0918,49.21349],[20.09559,49.21919],[20.09624,49.21992],[20.09616,49.22003],[20.09731,49.22043],[20.09825,49.22019],[20.0986,49.22047],[20.09864,49.22092],[20.09962,49.22124],[20.10007,49.22169],[20.1004,49.22238],[20.10162,49.22266],[20.10144,49.22343],[20.1016,49.22411],[20.10219,49.22514],[20.10218,49.22566],[20.10182,49.22635],[20.1012,49.22699],[20.09992,49.22763],[20.09977,49.22843],[20.09983,49.22913],[20.09948,49.22962],[20.09933,49.23023],[20.09971,49.2313],[20.09969,49.23181],[20.09871,49.23331],[20.09798,49.23411],[20.09783,49.23455],[20.09842,49.2355],[20.0984,49.23581],[20.09797,49.23654],[20.09843,49.23741],[20.09814,49.23807],[20.09875,49.23871],[20.09873,49.23928],[20.09901,49.23964],[20.10037,49.24066],[20.10096,49.24147],[20.1008,49.24371],[20.10103,49.24459],[20.10089,49.2456],[20.10173,49.24651],[20.10181,49.24687],[20.10149,49.24783],[20.10096,49.24867],[20.10077,49.25009],[20.10148,49.25129],[20.10196,49.25256],[20.10242,49.25312],[20.10532,49.25443],[20.10603,49.25496],[20.10679,49.25585],[20.10931,49.25707],[20.11134,49.25857],[20.11178,49.25919],[20.11191,49.2597],[20.11244,49.26026],[20.11254,49.26097],[20.11275,49.26126],[20.1127,49.26179],[20.11296,49.26208],[20.11387,49.26254],[20.11393,49.26332],[20.11652,49.26395],[20.11712,49.26467],[20.11716,49.26577],[20.11805,49.26636],[20.12027,49.26704],[20.122,49.26792],[20.12267,49.26869],[20.12303,49.26998],[20.12333,49.27019],[20.1241,49.27029],[20.12514,49.27093],[20.12515,49.27228],[20.12582,49.27347],[20.127,49.2749],[20.12686,49.27558],[20.12694,49.27598],[20.12747,49.27632],[20.12842,49.27641],[20.12867,49.27707],[20.12767,49.2791],[20.12836,49.28011],[20.12825,49.28114],[20.12893,49.28211],[20.12906,49.28294],[20.12846,49.28465],[20.12795,49.28558],[20.12788,49.28661],[20.12855,49.28757],[20.12936,49.28943],[20.12986,49.28982],[20.1303,49.28979],[20.13094,49.29001],[20.13118,49.2907],[20.13052,49.29147],[20.13145,49.29215],[20.13212,49.29344],[20.13198,49.29461],[20.13118,49.29522],[20.13064,49.29506],[20.13085,49.29536],[20.13005,49.29561],[20.12998,49.296],[20.13034,49.29637],[20.13066,49.29733],[20.1312,49.29802],[20.13335,49.29924],[20.1335,49.29959],[20.13288,49.30058],[20.13373,49.3019],[20.13511,49.30248],[20.13593,49.30364],[20.13578,49.30424],[20.13477,49.30471],[20.13429,49.3052],[20.13421,49.30592],[20.13465,49.30637],[20.13592,49.30594],[20.13748,49.30608],[20.13767,49.30639],[20.13886,49.30711],[20.13858,49.30778],[20.1388,49.30849],[20.13931,49.30919],[20.14055,49.31024],[20.14179,49.31228],[20.14222,49.31242],[20.14285,49.31209],[20.14361,49.31193],[20.1445,49.3122],[20.14515,49.31262],[20.14527,49.31295],[20.14514,49.31334],[20.14456,49.31388],[20.14438,49.31443],[20.14452,49.31482],[20.14573,49.31614],[20.14587,49.31661],[20.1455,49.31751],[20.14605,49.31798],[20.14841,49.31897],[20.1495,49.31924],[20.15148,49.31878],[20.15186,49.31845],[20.1527,49.3168],[20.15233,49.31602],[20.15186,49.31546],[20.15187,49.31513],[20.1539,49.31386],[20.15398,49.31246],[20.15414,49.31216],[20.15473,49.31193],[20.15575,49.31192],[20.15625,49.31165],[20.15667,49.31097],[20.15748,49.30861],[20.15892,49.30682],[20.15896,49.30655],[20.15873,49.30625],[20.15764,49.30577],[20.15744,49.30534],[20.15732,49.30439],[20.15772,49.30282],[20.16069,49.30469],[20.16213,49.3054],[20.1758,49.31408],[20.17523,49.31501],[20.17485,49.31528],[20.17412,49.31542],[20.17332,49.31645],[20.17298,49.31661],[20.17294,49.31685],[20.17261,49.31702],[20.17267,49.31718],[20.17218,49.31786],[20.17236,49.31811],[20.17219,49.31835],[20.17076,49.31906],[20.17004,49.31952],[20.17012,49.3196],[20.16988,49.31962],[20.16949,49.32043],[20.1686,49.32099],[20.16858,49.32136],[20.16885,49.32148],[20.16873,49.32169],[20.16886,49.32195],[20.1686,49.32197],[20.16875,49.32226],[20.16824,49.32252],[20.16831,49.3228],[20.16794,49.32294],[20.16803,49.32313],[20.16745,49.32318],[20.16778,49.32357],[20.16953,49.32416],[20.17027,49.3246],[20.1704,49.32417],[20.17197,49.32474],[20.17209,49.32465],[20.17358,49.32498],[20.17081,49.32697],[20.17055,49.32735],[20.17058,49.32773],[20.1784,49.32802],[20.18251,49.32801],[20.18416,49.32781],[20.18466,49.32841],[20.18513,49.32935],[20.18657,49.33067],[20.18921,49.33226],[20.18961,49.33294],[20.18975,49.33461],[20.19019,49.33591],[20.19028,49.3371],[20.1901,49.33835],[20.19027,49.3387],[20.19117,49.33917],[20.19321,49.34098],[20.19419,49.34141],[20.19523,49.34227],[20.19555,49.34231],[20.19821,49.34203],[20.20336,49.34181],[20.2039,49.34253],[20.20456,49.34277],[20.20504,49.3429],[20.20559,49.34275],[20.21021,49.34435],[20.21232,49.34467],[20.21342,49.34519],[20.2135,49.34537],[20.21319,49.34608],[20.21323,49.34675],[20.2135,49.3474],[20.214,49.3477],[20.21399,49.34843],[20.21598,49.3489],[20.21823,49.34981],[20.21925,49.35042],[20.21944,49.3511],[20.22082,49.35179],[20.22188,49.35181],[20.22616,49.34974],[20.22727,49.34939],[20.2282,49.34869],[20.22908,49.34769],[20.23027,49.3468],[20.23126,49.3466],[20.23182,49.34632],[20.23286,49.34636],[20.2353,49.34758],[20.23742,49.3476],[20.23925,49.34843],[20.23998,49.3485],[20.24072,49.34834],[20.24103,49.3485],[20.24201,49.35052],[20.24251,49.35087],[20.24304,49.35097],[20.24349,49.35075],[20.24397,49.35096],[20.24537,49.35067],[20.24776,49.34972],[20.24835,49.34972],[20.24954,49.34998],[20.2509,49.35054],[20.25319,49.35176],[20.25345,49.35069],[20.25346,49.3494],[20.25397,49.34891],[20.255,49.34906],[20.25782,49.34869],[20.25958,49.34767],[20.26166,49.34762],[20.26211,49.34748],[20.26253,49.34776],[20.2664,49.34707],[20.26625,49.34664],[20.26866,49.34569],[20.2691,49.34607],[20.26879,49.34647],[20.26966,49.3474],[20.2694,49.34775],[20.26969,49.34822],[20.27129,49.34993],[20.27268,49.3512],[20.27305,49.35137],[20.27556,49.35117],[20.27669,49.35122],[20.27695,49.35109],[20.27751,49.35117],[20.27751,49.35137],[20.27795,49.35149],[20.27929,49.35125],[20.27946,49.35158],[20.27974,49.35168],[20.28211,49.35134],[20.28211,49.35116],[20.28485,49.35087],[20.28543,49.35109],[20.28599,49.35088],[20.28647,49.35109],[20.29282,49.35156],[20.29439,49.35083],[20.29399,49.35049],[20.29398,49.35026],[20.29448,49.35018],[20.29444,49.34999],[20.29515,49.34952],[20.29706,49.34949],[20.29744,49.34924],[20.29818,49.34919],[20.29855,49.34888],[20.30067,49.34877],[20.30151,49.34838],[20.30252,49.34758],[20.30274,49.34721],[20.30392,49.34672],[20.30843,49.34394],[20.31105,49.34371],[20.31131,49.34332],[20.31286,49.34329],[20.31418,49.34351],[20.3159,49.34431],[20.31619,49.34462],[20.31649,49.34453],[20.31686,49.34472],[20.31719,49.3455],[20.31903,49.34678],[20.31956,49.34697],[20.32039,49.34767],[20.32102,49.34833],[20.32131,49.34885],[20.32144,49.34952],[20.3231,49.35108],[20.32365,49.35181],[20.32372,49.3522],[20.32303,49.35261],[20.32308,49.35302],[20.32288,49.35304],[20.32344,49.35506],[20.32338,49.35575],[20.32306,49.35587],[20.32404,49.35814],[20.32415,49.35891],[20.32397,49.35918],[20.32473,49.36073],[20.32525,49.36139],[20.32491,49.36346],[20.32533,49.36471],[20.32622,49.36586],[20.32544,49.36782],[20.3253,49.36952],[20.32558,49.37128],[20.32483,49.37139],[20.32491,49.3721],[20.32435,49.37216],[20.32324,49.37351],[20.32267,49.37511],[20.32135,49.37587],[20.32151,49.37621],[20.32102,49.37658],[20.32129,49.37676],[20.32136,49.3772],[20.32108,49.3774],[20.32151,49.37815],[20.32138,49.37838],[20.32291,49.37948],[20.323,49.37995],[20.3234,49.38035],[20.32307,49.38033],[20.32336,49.3809],[20.3239,49.38096],[20.32355,49.38116],[20.32372,49.38146],[20.32412,49.38124],[20.32416,49.38204],[20.3247,49.38238],[20.32492,49.38311],[20.32578,49.38354],[20.32615,49.38432],[20.32642,49.3842],[20.32642,49.38444],[20.32677,49.38479],[20.3269,49.38557],[20.32723,49.38628],[20.32777,49.38643],[20.32788,49.38625],[20.32758,49.38697],[20.32819,49.3871],[20.32824,49.3876],[20.32885,49.38815],[20.32894,49.38845],[20.32879,49.38863],[20.32946,49.38911],[20.33011,49.38989],[20.33075,49.39031],[20.33077,49.3906],[20.3306,49.39058],[20.33051,49.39078],[20.33099,49.3908],[20.33081,49.39098],[20.33121,49.39117],[20.33128,49.39143],[20.33012,49.3914],[20.32951,49.39108],[20.32629,49.3909],[20.32487,49.39051],[20.32373,49.3906],[20.32254,49.39034],[20.32232,49.3905],[20.32185,49.39046],[20.32153,49.39027],[20.3211,49.39027],[20.3184,49.38897],[20.31751,49.38873],[20.3173,49.39025],[20.31784,49.39217],[20.31788,49.39314],[20.31961,49.39609],[20.32066,49.39959],[20.32162,49.40079],[20.32216,49.40176],[20.32412,49.40227],[20.32508,49.40303],[20.3267,49.40281],[20.32818,49.4029],[20.33027,49.40259],[20.33506,49.40147],[20.33747,49.40248],[20.33788,49.40189],[20.33901,49.40136],[20.34433,49.40064],[20.34701,49.40074],[20.34933,49.40145],[20.35075,49.40153],[20.35149,49.40143],[20.35244,49.40105],[20.35464,49.39963],[20.3572,49.39852],[20.36227,49.39826],[20.36669,49.3996],[20.36827,49.40037],[20.36899,49.40099],[20.36923,49.40133],[20.36991,49.40371],[20.36977,49.40494],[20.37003,49.40611],[20.37047,49.40679],[20.37113,49.40738],[20.37212,49.40779],[20.37313,49.40798],[20.37568,49.40786],[20.37926,49.40558],[20.37931,49.40518],[20.38091,49.40326],[20.38131,49.40144],[20.38139,49.39914],[20.38115,49.39668],[20.3806,49.39607],[20.38047,49.39563],[20.3807,49.39425],[20.38108,49.3938],[20.38134,49.39266],[20.38231,49.39123],[20.38288,49.39099],[20.38801,49.39084],[20.39043,49.39042],[20.39304,49.39058],[20.39907,49.39189],[20.4022,49.39204],[20.40575,49.39254],[20.40864,49.39337],[20.41229,49.3952],[20.41366,49.39627],[20.41469,49.39771],[20.41467,49.39921],[20.41406,49.40258],[20.41436,49.40385],[20.41537,49.40499],[20.41668,49.40573],[20.41829,49.40586],[20.42036,49.4054],[20.42193,49.40449],[20.42509,49.40309],[20.42679,49.40279],[20.42737,49.40248],[20.42796,49.40199],[20.43047,49.39659],[20.43113,49.39595],[20.4314,49.39588],[20.43238,49.39615],[20.43327,49.39661],[20.43424,49.3976],[20.43481,49.39887],[20.43462,49.39979],[20.4341,49.40086],[20.43408,49.40174],[20.43653,49.40523],[20.43699,49.40628],[20.43687,49.40687],[20.43657,49.40716],[20.43548,49.40775],[20.43434,49.40808],[20.43208,49.40821],[20.42972,49.40776],[20.42913,49.40786],[20.42873,49.40827],[20.42943,49.41001],[20.42948,49.41092],[20.42921,49.41229],[20.4293,49.41474],[20.42959,49.41572],[20.43051,49.41683],[20.43229,49.41758],[20.43357,49.41792],[20.43534,49.41794],[20.43672,49.41752],[20.43695,49.4173],[20.43739,49.41593],[20.43825,49.41478],[20.439,49.4145],[20.441,49.4144],[20.4421,49.41417],[20.44366,49.41333],[20.44492,49.41235],[20.44635,49.41192],[20.44842,49.41196],[20.44985,49.41219],[20.45093,49.41277],[20.45088,49.41305],[20.44973,49.41357],[20.44885,49.41375],[20.44577,49.41544],[20.44557,49.41559],[20.44555,49.41586],[20.44598,49.41633],[20.44685,49.41629],[20.4487,49.41582],[20.44992,49.41502],[20.45225,49.41526],[20.4536,49.41505],[20.45467,49.41512],[20.45536,49.41558],[20.45575,49.41542],[20.45845,49.4152],[20.45986,49.4147],[20.46122,49.41455],[20.46125,49.41479],[20.4636,49.41584],[20.46466,49.41601],[20.46651,49.41599],[20.46985,49.41545],[20.47196,49.41544],[20.47626,49.41407],[20.47729,49.41251],[20.47893,49.41128],[20.47932,49.41128],[20.4807,49.41029],[20.48314,49.40958],[20.48436,49.40952],[20.48665,49.4087],[20.4886,49.40841],[20.48876,49.40751],[20.48996,49.4071],[20.49014,49.40643],[20.49298,49.40599],[20.49455,49.40536],[20.4973,49.40532],[20.50049,49.40431],[20.50337,49.40396],[20.50489,49.40329],[20.50663,49.40201],[20.5066,49.40009],[20.50646,49.39966],[20.50654,49.3994],[20.50733,49.39906],[20.50643,49.39783],[20.50616,49.39694],[20.50826,49.39566],[20.50866,49.39562],[20.50994,49.39345],[20.51361,49.39331],[20.51595,49.39273],[20.51809,49.39242],[20.51996,49.3925],[20.5212,49.39215],[20.52417,49.3905],[20.52637,49.38975],[20.52631,49.38967],[20.52684,49.38941],[20.52937,49.38839],[20.53165,49.38765],[20.53434,49.38703],[20.53594,49.38684],[20.53737,49.38707],[20.53821,49.38697],[20.54257,49.38592],[20.54442,49.38564],[20.54651,49.38554],[20.54767,49.38452],[20.54922,49.38399],[20.5512,49.38284],[20.55133,49.38244],[20.55269,49.38146],[20.55397,49.38094],[20.55459,49.38103],[20.5555,49.38026],[20.55617,49.37918],[20.55746,49.37864],[20.55768,49.3781],[20.55906,49.37795],[20.55996,49.37812],[20.56108,49.37849],[20.56204,49.37922],[20.56318,49.37947],[20.56731,49.37899],[20.56903,49.37841],[20.57046,49.37751],[20.57228,49.37707],[20.57397,49.37639],[20.57552,49.37611],[20.57624,49.37625],[20.57648,49.37691],[20.57645,49.37767],[20.57703,49.37902],[20.57902,49.38122],[20.58027,49.38183],[20.58002,49.3829],[20.58169,49.38388],[20.58526,49.38539],[20.58689,49.38549],[20.59201,49.3839],[20.59213,49.38303],[20.59739,49.38627],[20.59789,49.38667],[20.59807,49.38716],[20.60055,49.38864],[20.60053,49.38885],[20.60172,49.3907],[20.60158,49.39082],[20.60182,49.39157],[20.60095,49.39442],[20.60179,49.3953],[20.60292,49.39719],[20.605,49.39849],[20.60589,49.4],[20.60598,49.40052],[20.60577,49.4013],[20.60625,49.40157],[20.60911,49.40238],[20.60982,49.40243],[20.61222,49.40184],[20.6136,49.40182],[20.61349,49.40322],[20.61259,49.4057],[20.6118,49.40732],[20.61183,49.40918],[20.61226,49.41],[20.61212,49.41081],[20.61127,49.41245],[20.61141,49.41358],[20.61281,49.416],[20.6139,49.41667],[20.61493,49.41784],[20.61965,49.41803],[20.62196,49.41682],[20.62236,49.41623],[20.62183,49.41453],[20.62221,49.41342],[20.62467,49.41046],[20.62564,49.41026],[20.62657,49.40983],[20.63165,49.40882],[20.63406,49.40882],[20.63597,49.40846],[20.63835,49.40751],[20.64001,49.40635],[20.64043,49.40557],[20.64208,49.40433],[20.64238,49.40308],[20.64221,49.40199],[20.6426,49.40099],[20.64449,49.401],[20.64699,49.40067],[20.64793,49.40091],[20.65083,49.40098],[20.65241,49.4014],[20.65634,49.40206],[20.65971,49.40349],[20.66272,49.40369],[20.66409,49.40349],[20.6657,49.40355],[20.66533,49.40438],[20.6654,49.40516],[20.66577,49.40631],[20.66738,49.40671],[20.66742,49.40689],[20.66809,49.40734],[20.66959,49.40778],[20.6703,49.40816],[20.67085,49.40898],[20.67172,49.40986],[20.67285,49.41057],[20.67644,49.41227],[20.67832,49.41271],[20.67861,49.41254],[20.68155,49.41406],[20.68286,49.4143],[20.68459,49.41505],[20.68573,49.41576],[20.68626,49.41649],[20.68759,49.41744],[20.68783,49.41798],[20.68883,49.4185],[20.68997,49.41877],[20.69172,49.41978],[20.69269,49.41997],[20.69506,49.42],[20.69886,49.42052],[20.69991,49.42029],[20.7012,49.41976],[20.70417,49.4197],[20.70493,49.41922],[20.70633,49.41922],[20.70743,49.41877],[20.70818,49.41869],[20.70971,49.41904],[20.71042,49.419],[20.71048,49.41916],[20.71096,49.41907],[20.71111,49.41945],[20.71153,49.41944],[20.71833,49.41837],[20.72292,49.41966],[20.72514,49.41676],[20.72762,49.41502],[20.72857,49.41477],[20.73201,49.41492],[20.73255,49.41514],[20.73357,49.41598],[20.7363,49.41665],[20.7383,49.41662],[20.7401,49.4163],[20.74235,49.41553],[20.74466,49.41418],[20.74558,49.41307],[20.74611,49.4118],[20.74552,49.4106],[20.7441,49.4092],[20.7431,49.40795],[20.7424,49.40603],[20.74227,49.40383],[20.74582,49.40305],[20.74753,49.4024],[20.74933,49.40196],[20.75085,49.40187],[20.75481,49.40219],[20.7572,49.40115],[20.75816,49.40016],[20.75831,49.39905],[20.75806,49.3985],[20.75773,49.39822],[20.75606,49.39725],[20.75093,49.39558],[20.74836,49.39391],[20.74759,49.39254],[20.74753,49.391],[20.7478,49.39021],[20.74849,49.38934],[20.74914,49.38888],[20.75392,49.38678],[20.75545,49.38585],[20.75868,49.38516],[20.76012,49.385],[20.7609,49.38466],[20.76145,49.38413],[20.76175,49.38342],[20.76163,49.38283],[20.76062,49.38105],[20.76,49.38031],[20.75816,49.37702],[20.7576,49.37548],[20.75775,49.37466],[20.75899,49.37339],[20.76193,49.37132],[20.76303,49.37097],[20.76385,49.37089],[20.76713,49.3716],[20.77159,49.3732],[20.77401,49.37388],[20.77962,49.37514],[20.78188,49.37516],[20.78541,49.3744],[20.78642,49.37389],[20.78788,49.37279],[20.7883,49.37222],[20.78835,49.3716],[20.78818,49.37133],[20.78695,49.37065],[20.78344,49.36763],[20.78207,49.36671],[20.78173,49.36628],[20.78107,49.36445],[20.78096,49.36323],[20.78151,49.3618],[20.78248,49.36103],[20.78322,49.36063],[20.78396,49.36046],[20.78604,49.36077],[20.7887,49.3608],[20.78991,49.3611],[20.79167,49.36218],[20.79393,49.36305],[20.79668,49.36332],[20.79889,49.3632],[20.80024,49.363],[20.80244,49.36238],[20.80342,49.36199],[20.80439,49.36138],[20.80661,49.36099],[20.80895,49.35969],[20.80963,49.35899],[20.81004,49.35828],[20.81047,49.35669],[20.8106,49.35507],[20.81031,49.35467],[20.80898,49.35375],[20.80688,49.35315],[20.80598,49.35334],[20.8057,49.35379],[20.80541,49.35638],[20.80567,49.35815],[20.80541,49.35883],[20.80474,49.35951],[20.80373,49.35988],[20.8015,49.36024],[20.80071,49.36021],[20.80005,49.36004],[20.79787,49.3587],[20.79779,49.35822],[20.79809,49.35789],[20.79955,49.35725],[20.8001,49.35682],[20.80156,49.35624],[20.80207,49.35574],[20.80222,49.35528],[20.80175,49.3538],[20.80181,49.3527],[20.80129,49.35137],[20.80143,49.35066],[20.8012,49.34958],[20.80069,49.34893],[20.79951,49.34799],[20.79899,49.34713],[20.79743,49.3463],[20.79624,49.34496],[20.79618,49.34444],[20.79632,49.34407],[20.79683,49.34353],[20.7984,49.34267],[20.79941,49.34272],[20.80032,49.34298],[20.80294,49.34418],[20.80876,49.34764],[20.80998,49.34791],[20.81184,49.34769],[20.81364,49.34691],[20.81476,49.34571],[20.81548,49.34397],[20.81575,49.34377],[20.81777,49.34333],[20.81855,49.3428],[20.81896,49.34216],[20.81887,49.34134],[20.81901,49.34011],[20.8194,49.33939],[20.82011,49.33875],[20.8218,49.33795],[20.82293,49.33716],[20.82475,49.33562],[20.82531,49.33476],[20.8259,49.3344],[20.82775,49.33448],[20.83129,49.33513],[20.8344,49.33533],[20.83482,49.33515],[20.83575,49.33423],[20.83733,49.33402],[20.83824,49.33419],[20.83992,49.3351],[20.84287,49.3394],[20.84331,49.33974],[20.84451,49.34018],[20.84785,49.34074],[20.84991,49.34176],[20.85203,49.34368],[20.85242,49.34429],[20.85257,49.3451],[20.853,49.34602],[20.85439,49.34728],[20.85729,49.34803],[20.85973,49.3484],[20.86176,49.34832],[20.86555,49.34748],[20.86848,49.34562],[20.869,49.34503],[20.87033,49.34261],[20.87031,49.34195],[20.87084,49.34159],[20.8714,49.34146],[20.87124,49.3413],[20.87147,49.34096],[20.8732,49.33981],[20.87402,49.33947],[20.8748,49.33831],[20.87586,49.33777],[20.87706,49.33606],[20.87836,49.33516],[20.88126,49.33441],[20.88239,49.3331],[20.88224,49.33193],[20.88165,49.33134],[20.88118,49.33056],[20.88138,49.33014],[20.88114,49.32964],[20.88152,49.32946],[20.88199,49.32841],[20.88175,49.32773],[20.88083,49.32716],[20.88081,49.32656],[20.88108,49.32557],[20.87964,49.32261],[20.87823,49.32214],[20.87602,49.32204],[20.87425,49.32145],[20.87312,49.32051],[20.87274,49.31979],[20.87608,49.31949],[20.87788,49.32026],[20.87891,49.32012],[20.87981,49.32019],[20.88145,49.31984],[20.88176,49.31956],[20.88329,49.31913],[20.88419,49.31909],[20.88587,49.31962],[20.88716,49.32027],[20.88701,49.32102],[20.88717,49.32167],[20.88785,49.32237],[20.88794,49.32265],[20.88971,49.32373],[20.89103,49.3241],[20.89325,49.32403],[20.89558,49.32472],[20.89675,49.32481],[20.89717,49.32536],[20.90011,49.32412],[20.90214,49.32401],[20.90358,49.32353],[20.9054,49.32267],[20.90654,49.32182],[20.9071,49.32114],[20.90762,49.31958],[20.90745,49.31925],[20.90719,49.31916],[20.90601,49.31925],[20.90412,49.31882],[20.90356,49.31831],[20.90324,49.31755],[20.90307,49.31654],[20.90326,49.31592],[20.90392,49.3151],[20.90468,49.31459],[20.90918,49.31232],[20.91024,49.31147],[20.91031,49.31048],[20.90999,49.30906],[20.91038,49.30738],[20.91134,49.30627],[20.91232,49.30573],[20.9155,49.30494],[20.91735,49.30428],[20.91885,49.30315],[20.92117,49.30173],[20.92127,49.30115],[20.92177,49.30047],[20.92387,49.29947],[20.92428,49.29901],[20.92407,49.29795],[20.92418,49.29695],[20.92346,49.29645],[20.92408,49.29597],[20.92453,49.29632],[20.92564,49.29605],[20.92581,49.29635],[20.92612,49.29623],[20.92673,49.29638],[20.9281,49.29635],[20.92908,49.29679],[20.9294,49.2966],[20.93048,49.29662],[20.9311,49.29705],[20.93188,49.29719],[20.93223,49.29768],[20.93325,49.29819],[20.93379,49.29812],[20.93418,49.29788],[20.93513,49.29819],[20.93742,49.29826],[20.93837,49.29896],[20.94021,49.29919],[20.94058,49.29976],[20.94233,49.30044],[20.94262,49.30097],[20.94342,49.30153],[20.94419,49.30173],[20.94474,49.30168],[20.94518,49.30185],[20.94511,49.302],[20.94526,49.30206],[20.94806,49.30215],[20.949,49.30192],[20.94958,49.30214],[20.94995,49.30211],[20.95147,49.3027],[20.95265,49.30293],[20.95344,49.30334],[20.95451,49.30359],[20.95623,49.30427],[20.95685,49.30464],[20.9571,49.30517],[20.95813,49.30588],[20.95858,49.30601],[20.96039,49.30582],[20.96187,49.30622],[20.96256,49.30719],[20.96249,49.30774],[20.96274,49.30848],[20.96333,49.30875],[20.96586,49.30873],[20.96687,49.30896],[20.9678,49.30953],[20.96944,49.30947],[20.96942,49.30985],[20.96961,49.30989],[20.9701,49.30985],[20.97006,49.30971],[20.97052,49.30948],[20.97116,49.30951],[20.97214,49.30907],[20.97274,49.30898],[20.97461,49.30946],[20.97573,49.30948],[20.97596,49.30929],[20.97698,49.30927],[20.97752,49.30897],[20.98,49.30849],[20.98026,49.30811],[20.98092,49.30805],[20.9822,49.30758],[20.98311,49.30757],[20.98442,49.30797],[20.98481,49.30718],[20.98509,49.30694],[20.98583,49.30659],[20.98654,49.30662],[20.98691,49.30785],[20.98736,49.30825],[20.98993,49.30915],[20.99017,49.30951],[20.99068,49.30969],[20.99102,49.31021],[20.99247,49.31147],[20.99373,49.31195],[20.99414,49.31268],[20.99411,49.31396],[20.99378,49.31482],[20.994,49.31555],[20.99322,49.31639],[20.99241,49.31692],[20.99197,49.31753],[20.99131,49.318],[20.9899,49.3195],[20.98947,49.32145],[20.98869,49.32224],[20.98818,49.32323],[20.98903,49.32367],[20.98922,49.32397],[20.98889,49.32481],[20.98924,49.32538],[20.98919,49.32555],[20.98827,49.32635],[20.98809,49.32684],[20.98875,49.32738],[20.989,49.3278],[20.98907,49.32845],[20.99078,49.32953],[20.99307,49.33015],[20.9949,49.3319],[20.9967,49.3329],[20.99881,49.33328],[21.00075,49.33304],[21.00407,49.33314],[21.00809,49.33485],[21.00842,49.33537],[21.00892,49.33575],[21.00912,49.33623],[21.00911,49.33707],[21.00697,49.33955],[21.00695,49.34017],[21.00848,49.34334],[21.0095,49.34449],[21.00919,49.34544],[21.01056,49.34637],[21.01131,49.34756],[21.01335,49.34789],[21.01625,49.3469],[21.0173,49.34763],[21.01818,49.34917],[21.01973,49.35064],[21.02184,49.35198],[21.02322,49.35211],[21.02507,49.3535],[21.0255,49.35526],[21.02587,49.35587],[21.02659,49.35649],[21.02727,49.3569],[21.02872,49.35738],[21.03114,49.35796],[21.03291,49.35812],[21.03371,49.35843],[21.03477,49.35918],[21.03493,49.35965],[21.03492,49.36051],[21.03555,49.36103],[21.03642,49.36148],[21.03769,49.36159],[21.03821,49.36192],[21.03937,49.3622],[21.03989,49.36295],[21.04104,49.36338],[21.04255,49.36488],[21.04388,49.36536],[21.04711,49.36554],[21.04765,49.3659],[21.04893,49.36565],[21.05062,49.3641],[21.05445,49.36183],[21.05662,49.36263],[21.05811,49.36286],[21.06046,49.36386],[21.06161,49.36405],[21.0625,49.36453],[21.06416,49.36458],[21.06621,49.36553],[21.06665,49.36517],[21.06825,49.36441],[21.06904,49.36369],[21.07259,49.36149],[21.07303,49.36099],[21.07315,49.36055],[21.07361,49.36016],[21.07436,49.35966],[21.07533,49.35932],[21.07704,49.36007],[21.07774,49.36062],[21.07808,49.3613],[21.07765,49.36199],[21.07763,49.36258],[21.07896,49.36392],[21.08167,49.36407],[21.08284,49.36378],[21.08478,49.36422],[21.08595,49.36515],[21.08748,49.36569],[21.08886,49.36553],[21.09094,49.36475],[21.09142,49.36501],[21.09342,49.36524],[21.09411,49.36506],[21.09663,49.368],[21.09678,49.3691],[21.09909,49.3704],[21.09963,49.37098],[21.10012,49.37249],[21.10085,49.37382],[21.10116,49.37408],[21.10238,49.37447],[21.1041,49.3764],[21.10296,49.37734],[21.1022,49.37772],[21.10036,49.37927],[21.09679,49.38122],[21.0942,49.38307],[21.09193,49.38401],[21.09065,49.38367],[21.09,49.38362],[21.0894,49.38378],[21.0885,49.38455],[21.08834,49.38504],[21.08761,49.38568],[21.08507,49.38737],[21.08427,49.38839],[21.08338,49.38888],[21.08142,49.38972],[21.0801,49.38994],[21.07925,49.39029],[21.07602,49.39233],[21.07533,49.39286],[21.07506,49.39327],[21.06796,49.39552],[21.06721,49.39622],[21.0675,49.39714],[21.06723,49.39734],[21.06787,49.39862],[21.06817,49.39896],[21.06872,49.39923],[21.06901,49.39986],[21.06824,49.40147],[21.06723,49.40208],[21.06589,49.40243],[21.06328,49.40199],[21.0602,49.40228],[21.05814,49.40266],[21.05431,49.40422],[21.0542,49.40474],[21.05361,49.40558],[21.05194,49.40739],[21.05154,49.40913],[21.05123,49.40975],[21.05056,49.41012],[21.05004,49.41086],[21.05014,49.41145],[21.04989,49.41214],[21.05024,49.41262],[21.0504,49.41331],[21.04967,49.41412],[21.04785,49.41484],[21.04759,49.41517],[21.04722,49.41643],[21.04754,49.41834],[21.04822,49.41867],[21.04873,49.41939],[21.05647,49.42168],[21.05992,49.42166],[21.061,49.42178],[21.06242,49.42117],[21.06262,49.42086],[21.06316,49.42055],[21.06373,49.42048],[21.06408,49.42086],[21.0653,49.42143],[21.06566,49.42182],[21.06744,49.42282],[21.06894,49.4232],[21.07262,49.42496],[21.07598,49.42556],[21.07703,49.4253],[21.07854,49.42555],[21.08178,49.42502],[21.08364,49.42612],[21.08565,49.42659],[21.08715,49.42732],[21.09017,49.42795],[21.09095,49.42838],[21.0935,49.42902],[21.09639,49.42949],[21.09835,49.42889],[21.10247,49.42648],[21.1059,49.42546],[21.10721,49.42529],[21.10777,49.42496],[21.11014,49.42445],[21.11373,49.42394],[21.1149,49.4261],[21.11502,49.42734],[21.11524,49.42779],[21.11733,49.43004],[21.11738,49.43045],[21.11805,49.43137],[21.11851,49.43267],[21.11894,49.43332],[21.12049,49.43507],[21.12402,49.43658],[21.12485,49.43602],[21.12672,49.43526],[21.12916,49.43499],[21.13184,49.43428],[21.13302,49.43363],[21.13473,49.43344],[21.13612,49.43277],[21.13651,49.43243],[21.13904,49.4314],[21.1404,49.43065],[21.14257,49.43032],[21.14454,49.42962],[21.14669,49.42917],[21.14891,49.42795],[21.15096,49.42754],[21.15225,49.42696],[21.15347,49.42597],[21.15367,49.42551],[21.1544,49.42522],[21.1554,49.42435],[21.15486,49.42322],[21.15464,49.4223],[21.15477,49.42158],[21.15523,49.42099],[21.15764,49.41994],[21.15832,49.42001],[21.16007,49.41966],[21.16089,49.41924],[21.16471,49.41834],[21.1659,49.41725],[21.16614,49.41682],[21.16815,49.41554],[21.16949,49.41401],[21.17001,49.41363],[21.1699,49.41332],[21.1701,49.41316],[21.1723,49.41212],[21.17404,49.41187],[21.17396,49.41173],[21.17549,49.41088],[21.17616,49.41028],[21.17723,49.4098],[21.17874,49.40949],[21.17942,49.40903],[21.18036,49.40765],[21.18102,49.40713],[21.18141,49.40515],[21.18143,49.40397],[21.18058,49.40319],[21.18003,49.40217],[21.18167,49.40213],[21.18193,49.402],[21.18355,49.40284],[21.18746,49.40169],[21.19213,49.40099],[21.19419,49.40258],[21.19507,49.40257],[21.19828,49.40395],[21.19894,49.40384],[21.19969,49.40396],[21.20184,49.40464],[21.20346,49.40392],[21.20819,49.40248],[21.20852,49.40342],[21.20909,49.40393],[21.20948,49.40475],[21.2123,49.40796],[21.21881,49.41209],[21.22012,49.41239],[21.22172,49.4138],[21.22279,49.41425],[21.22358,49.41478],[21.22436,49.41561],[21.22618,49.4166],[21.22725,49.41695],[21.22705,49.41717],[21.22703,49.41788],[21.22627,49.41896],[21.22643,49.41945],[21.22684,49.41959],[21.22706,49.41991],[21.22676,49.42042],[21.22687,49.42048],[21.22666,49.42143],[21.22639,49.42184],[21.2252,49.42254],[21.22443,49.42325],[21.22431,49.42356],[21.22451,49.42367],[21.22431,49.42406],[21.22361,49.42468],[21.22373,49.425],[21.22346,49.42552],[21.22382,49.42604],[21.2237,49.4262],[21.22413,49.4265],[21.22406,49.42673],[21.22673,49.42814],[21.22709,49.42802],[21.22878,49.42924],[21.22948,49.43046],[21.23209,49.43303],[21.23239,49.43346],[21.2325,49.43408],[21.2319,49.43546],[21.23275,49.43655],[21.23348,49.43676],[21.2341,49.43751],[21.2356,49.43655],[21.23611,49.43594],[21.237,49.43541],[21.23739,49.4353],[21.23772,49.4355],[21.2392,49.43498],[21.24067,49.43418],[21.24208,49.43526],[21.2455,49.43732],[21.24679,49.43921],[21.24876,49.43994],[21.25226,49.44157],[21.25383,49.44272],[21.2551,49.44341],[21.25665,49.44488],[21.25857,49.44635],[21.25928,49.44669],[21.26313,49.44723],[21.26592,49.44698],[21.26554,49.44742],[21.26631,49.44911],[21.26619,49.44955],[21.26628,49.45048],[21.26596,49.45107],[21.26604,49.45144],[21.26581,49.45201],[21.267,49.45434],[21.26711,49.45542],[21.26738,49.45606],[21.26734,49.45719],[21.26935,49.45841],[21.27203,49.45977],[21.27444,49.46041],[21.27752,49.46094],[21.27946,49.46011],[21.28028,49.45905],[21.28267,49.45874],[21.28476,49.45812],[21.28846,49.45636],[21.29059,49.45489],[21.29275,49.45435],[21.29264,49.45423],[21.2948,49.45318],[21.29495,49.45292],[21.29802,49.45191],[21.29889,49.45187],[21.29982,49.45145],[21.30092,49.45122],[21.30147,49.45079],[21.30138,49.45073],[21.30275,49.45007],[21.30379,49.4493],[21.30649,49.44854],[21.30684,49.4484],[21.30718,49.448],[21.30874,49.44865],[21.31114,49.44909],[21.31186,49.44938],[21.3129,49.4491],[21.31313,49.44925],[21.31366,49.44884],[21.3143,49.4487],[21.31512,49.44825],[21.31651,49.44791],[21.3184,49.4491],[21.31944,49.44933],[21.32141,49.44915],[21.32313,49.44993],[21.32393,49.44988],[21.32578,49.4501],[21.3294,49.44953],[21.33256,49.45094],[21.3349,49.45085],[21.33709,49.45142],[21.33956,49.45092],[21.34252,49.451],[21.34468,49.45042],[21.34558,49.44951],[21.34657,49.44936],[21.34695,49.44874],[21.34738,49.44862],[21.34789,49.44818],[21.34817,49.44765],[21.34884,49.44699],[21.35197,49.44489],[21.3538,49.4443],[21.35448,49.44383],[21.35565,49.4435],[21.35671,49.44287],[21.35744,49.44306],[21.35806,49.44299],[21.36071,49.44252],[21.36118,49.44231],[21.36162,49.44244],[21.36291,49.44217],[21.36421,49.44166],[21.36687,49.44006],[21.36711,49.43978],[21.3685,49.43912],[21.37012,49.43709],[21.37153,49.4338],[21.37275,49.43264],[21.37393,49.43252],[21.37633,49.43307],[21.37911,49.43345],[21.38013,49.4342],[21.38225,49.43464],[21.38647,49.43452],[21.38808,49.43434],[21.38976,49.43317],[21.39149,49.43271],[21.39228,49.43287],[21.39254,49.43307],[21.39321,49.43443],[21.39339,49.43451],[21.39846,49.43373],[21.40006,49.43393],[21.4008,49.43379],[21.40167,49.43336],[21.40202,49.43342],[21.40477,49.43178],[21.40493,49.4311],[21.40543,49.43023],[21.40553,49.42956],[21.40622,49.42842],[21.4062,49.42705],[21.40653,49.42662],[21.41078,49.42449],[21.41212,49.42403],[21.41269,49.42361],[21.41548,49.4228],[21.41594,49.42212],[21.41695,49.42155],[21.41674,49.42086],[21.4176,49.41997],[21.41998,49.41913],[21.42188,49.41798],[21.4232,49.41759],[21.42388,49.41709],[21.42396,49.41676],[21.42513,49.41661],[21.42562,49.4163],[21.42763,49.41577],[21.42968,49.41478],[21.43054,49.41379],[21.43296,49.41261],[21.43408,49.41228],[21.43568,49.41277],[21.43636,49.41267],[21.4397,49.4129],[21.44484,49.41225],[21.44733,49.41259],[21.45002,49.41355],[21.45097,49.4142],[21.45119,49.41466],[21.4517,49.41496],[21.45447,49.41574],[21.4555,49.41585],[21.45623,49.4163],[21.45885,49.41562],[21.46194,49.41422],[21.46468,49.41383],[21.467,49.4132],[21.46745,49.4132],[21.46819,49.41364],[21.46917,49.41365],[21.47015,49.4141],[21.47186,49.41372],[21.4737,49.41359],[21.47645,49.41522],[21.47905,49.41578],[21.4796,49.41638],[21.47976,49.41686],[21.48025,49.41729],[21.48084,49.41823],[21.48053,49.41861],[21.48062,49.41899],[21.48103,49.41933],[21.48126,49.4198],[21.48347,49.42189],[21.48421,49.42364],[21.48512,49.42523],[21.4854,49.4263],[21.48606,49.42737],[21.48727,49.42846],[21.48885,49.42908],[21.49266,49.4295],[21.4957,49.42961],[21.49889,49.42747],[21.49911,49.42701],[21.49972,49.42641],[21.50229,49.42515],[21.50424,49.42446],[21.5096,49.42102],[21.51116,49.41975],[21.51208,49.41952],[21.51407,49.41859],[21.51705,49.4178],[21.51875,49.41861],[21.51965,49.41885],[21.52202,49.41904],[21.52354,49.41994],[21.5219,49.42118],[21.52058,49.42182],[21.51991,49.42239],[21.51852,49.42427],[21.51872,49.4254],[21.51928,49.42598],[21.51991,49.42634],[21.5199,49.42648],[21.5218,49.42713],[21.52293,49.42854],[21.52303,49.42926],[21.52408,49.43167],[21.52576,49.43213],[21.52697,49.43284],[21.5273,49.43342],[21.52831,49.43377],[21.52829,49.43413],[21.52976,49.43472],[21.53027,49.43508],[21.53202,49.43523],[21.53278,49.43563],[21.53312,49.43544],[21.53423,49.43545],[21.53547,49.43485],[21.53613,49.43502],[21.53729,49.4349],[21.53932,49.43437],[21.54084,49.43438],[21.54206,49.4341],[21.54342,49.43416],[21.55138,49.433],[21.55208,49.43311],[21.55348,49.43391],[21.55437,49.43539],[21.5552,49.43605],[21.55566,49.43704],[21.55555,49.43722],[21.55659,49.43812],[21.56067,49.44034],[21.56398,49.44126],[21.56651,49.44094],[21.56748,49.44039],[21.56797,49.4403],[21.56965,49.43939],[21.57041,49.43859],[21.57048,49.43816],[21.57259,49.43668],[21.5756,49.43541],[21.57607,49.4354],[21.57665,49.43563],[21.57786,49.43564],[21.58033,49.43534],[21.5831,49.43399],[21.58371,49.43383],[21.58803,49.43365],[21.59056,49.43382],[21.59218,49.43436],[21.59362,49.43545],[21.59407,49.43597],[21.59639,49.43696],[21.59708,49.43701],[21.60158,49.4353],[21.60185,49.43535],[21.60557,49.43766],[21.60641,49.4378],[21.60709,49.43816],[21.60723,49.43865],[21.60716,49.43969],[21.60736,49.44036],[21.60814,49.44105],[21.61185,49.44287],[21.61478,49.44482],[21.6163,49.4453],[21.6182,49.44563],[21.61863,49.44545],[21.61872,49.44513],[21.62008,49.44524],[21.62578,49.44652],[21.62864,49.44677],[21.63094,49.44731],[21.63209,49.4463],[21.63329,49.44406],[21.63445,49.44299],[21.63603,49.4408],[21.63787,49.43914],[21.63802,49.43812],[21.63819,49.43785],[21.63939,49.43707],[21.64027,49.43604],[21.64101,49.43572],[21.64169,49.43478],[21.64197,49.43385],[21.64238,49.43353],[21.64373,49.43183],[21.6443,49.43065],[21.64584,49.43083],[21.64942,49.43015],[21.65406,49.42661],[21.65439,49.42605],[21.6553,49.42547],[21.65589,49.42488],[21.65647,49.42464],[21.65662,49.42441],[21.65599,49.42331],[21.65622,49.42219],[21.65663,49.42117],[21.65643,49.42051],[21.65705,49.41898],[21.65891,49.4168],[21.66201,49.41627],[21.66389,49.41514],[21.6647,49.41548],[21.66645,49.41577],[21.66771,49.41558],[21.67068,49.41427],[21.67126,49.41438],[21.67321,49.41409],[21.67446,49.4143],[21.67483,49.41398],[21.67686,49.41319],[21.67797,49.41221],[21.67925,49.41149],[21.68123,49.41081],[21.68465,49.4114],[21.68576,49.41228],[21.68952,49.41447],[21.69748,49.41828],[21.69936,49.41851],[21.70054,49.41837],[21.70816,49.41512],[21.70897,49.41401],[21.71019,49.41338],[21.71133,49.41338],[21.71454,49.41407],[21.71517,49.41407],[21.71772,49.41314],[21.72049,49.41276],[21.72177,49.41228],[21.72351,49.41078],[21.72377,49.41008],[21.72362,49.40939],[21.72368,49.40808],[21.72395,49.40736],[21.72504,49.40556],[21.72512,49.40479],[21.72434,49.40413],[21.7243,49.40311],[21.72584,49.39916],[21.7269,49.39811],[21.72817,49.39764],[21.72942,49.39766],[21.72994,49.3978],[21.73041,49.39818],[21.73049,49.39844],[21.73289,49.39928],[21.73466,49.39896],[21.7354,49.3984],[21.73553,49.39793],[21.7364,49.39679],[21.73661,49.39621],[21.7382,49.39522],[21.7386,49.39484],[21.73941,49.39314],[21.7405,49.39253],[21.7421,49.39184],[21.74335,49.39149],[21.74415,49.39077],[21.7452,49.39016],[21.74797,49.39],[21.74899,49.38939],[21.75037,49.38913],[21.75073,49.38861],[21.75211,49.38736],[21.75314,49.38722],[21.75426,49.38729],[21.75548,49.38674],[21.75645,49.3866],[21.75973,49.38502],[21.76138,49.3845],[21.76338,49.38347],[21.76407,49.38228],[21.76477,49.38154],[21.76513,49.37947],[21.76476,49.37924],[21.76515,49.37811],[21.76401,49.37732],[21.76296,49.37699],[21.76332,49.37586],[21.76303,49.37499],[21.76347,49.37393],[21.76407,49.3734],[21.7647,49.37217],[21.76628,49.37009],[21.76607,49.3684],[21.76624,49.3672],[21.76674,49.36725],[21.76704,49.367],[21.76789,49.36537],[21.76855,49.3646],[21.76996,49.36365],[21.77102,49.36346],[21.77195,49.36269],[21.77261,49.36069],[21.77359,49.35908],[21.77481,49.35828],[21.77549,49.35759],[21.77799,49.35605],[21.78063,49.35578],[21.78431,49.35622],[21.78533,49.35606],[21.78752,49.35514],[21.78922,49.35549],[21.78851,49.35824],[21.78988,49.3589],[21.79055,49.35947],[21.79037,49.36015],[21.79084,49.36055],[21.79051,49.36083],[21.78984,49.36324],[21.78768,49.36602],[21.78784,49.36772],[21.78861,49.36863],[21.78879,49.36918],[21.78933,49.36987],[21.79159,49.37222],[21.79176,49.37273],[21.79236,49.37295],[21.79296,49.37345],[21.79384,49.37344],[21.79511,49.37399],[21.7956,49.37565],[21.79604,49.37646],[21.79619,49.37756],[21.79695,49.37846],[21.79981,49.37984],[21.80206,49.38042],[21.80299,49.38218],[21.80423,49.38222],[21.80634,49.38149],[21.80852,49.38151],[21.81004,49.38176],[21.81117,49.38231],[21.81255,49.38253],[21.8151,49.38393],[21.81738,49.38434],[21.81889,49.38589],[21.8202,49.38685],[21.822,49.38868],[21.82208,49.38911],[21.82325,49.38974],[21.82454,49.3901],[21.82584,49.39078],[21.82779,49.39073],[21.83108,49.39128],[21.83398,49.39126],[21.83556,49.39159],[21.83832,49.39167],[21.84024,49.39151],[21.84073,49.39125],[21.84065,49.39109],[21.84269,49.38931],[21.84295,49.38842],[21.84352,49.38762],[21.84465,49.38715],[21.84604,49.38704],[21.84732,49.38666],[21.84928,49.3841],[21.84915,49.38247],[21.84878,49.38161],[21.84832,49.38131],[21.84832,49.38116],[21.84778,49.38066],[21.84785,49.37973],[21.84763,49.37859],[21.84792,49.37811],[21.84824,49.37806],[21.84893,49.37757],[21.85027,49.37631],[21.85162,49.3754],[21.85285,49.3739],[21.85566,49.37101],[21.859,49.36856],[21.86196,49.36899],[21.86343,49.36948],[21.86618,49.37091],[21.86992,49.37237],[21.87076,49.37328],[21.87547,49.37363],[21.87929,49.37183],[21.88169,49.37121],[21.88733,49.36898],[21.88867,49.36803],[21.88911,49.36623],[21.89099,49.36436],[21.88965,49.36283],[21.88932,49.36226],[21.89139,49.36047],[21.89121,49.35964],[21.89183,49.35862],[21.89335,49.35719],[21.89522,49.35617],[21.89646,49.3556],[21.89879,49.35492],[21.90037,49.35409],[21.90148,49.35206],[21.90377,49.34996],[21.90467,49.35014],[21.90537,49.35123],[21.90523,49.35166],[21.90573,49.35243],[21.90789,49.35328],[21.90963,49.35379],[21.9118,49.35326],[21.91414,49.35348],[21.91562,49.35388],[21.91803,49.35419],[21.91806,49.35403],[21.91931,49.35379],[21.92197,49.35274],[21.92379,49.35176],[21.92613,49.34994],[21.92739,49.34866],[21.93034,49.34693],[21.93132,49.34658],[21.93403,49.34611],[21.93507,49.3461],[21.93721,49.34641],[21.93886,49.34698],[21.93989,49.34762],[21.94266,49.34798],[21.94388,49.34851],[21.94482,49.34867],[21.94542,49.34862],[21.94829,49.34764],[21.94937,49.34776],[21.94987,49.34788],[21.95011,49.34844],[21.95089,49.34924],[21.95175,49.34959],[21.95239,49.35007],[21.95749,49.34939],[21.95988,49.34938],[21.96101,49.34905],[21.96278,49.34791],[21.9643,49.34607],[21.96609,49.34512],[21.96527,49.34169],[21.96599,49.34077],[21.96876,49.33891],[21.97101,49.33645],[21.97277,49.33414],[21.97283,49.33346],[21.97438,49.33163],[21.97476,49.33077],[21.97538,49.33003],[21.97607,49.32827],[21.97785,49.32555],[21.97818,49.32392],[21.97846,49.32332],[21.97852,49.32118],[21.97773,49.32013],[21.97798,49.31983],[21.97824,49.31895],[21.97854,49.31692],[21.9804,49.31525],[21.98158,49.31463],[21.98258,49.3131],[21.98279,49.31193],[21.98266,49.31134],[21.98318,49.31037],[21.9837,49.30995],[21.98602,49.30902],[21.98887,49.30851],[21.98941,49.30761],[21.98997,49.30616],[21.99149,49.30431],[21.99559,49.30158],[21.99773,49.3009],[22.00073,49.29932],[22.00132,49.29884],[22.00155,49.29756],[22.00145,49.29717],[22.00239,49.29658],[22.00298,49.29643],[22.0057,49.29357],[22.00684,49.29255],[22.00852,49.2915],[22.01069,49.28953],[22.01285,49.28858],[22.01538,49.28832],[22.01664,49.28776],[22.01777,49.28784],[22.01992,49.28677],[22.02338,49.28614],[22.02392,49.28581],[22.02484,49.28476],[22.02611,49.28399],[22.02757,49.28348],[22.03001,49.28218],[22.0316,49.28093],[22.03402,49.27855],[22.0348,49.27662],[22.035,49.27564],[22.03453,49.27428],[22.03463,49.27305],[22.03418,49.27201],[22.03387,49.27031],[22.03339,49.26971],[22.03327,49.26925],[22.03352,49.26835],[22.03351,49.26738],[22.03327,49.2665],[22.03333,49.26527],[22.03306,49.26472],[22.03125,49.26322],[22.03032,49.26267],[22.03117,49.26202],[22.03225,49.26149],[22.03532,49.26067],[22.03583,49.26012],[22.03682,49.26],[22.03751,49.25969],[22.03782,49.25926],[22.04077,49.2584],[22.04189,49.25716],[22.04178,49.25588],[22.04135,49.2553],[22.04135,49.25445],[22.03926,49.2517],[22.03842,49.25082],[22.03849,49.25071],[22.03814,49.25016],[22.03821,49.24925],[22.03792,49.2479],[22.03752,49.24735],[22.03769,49.24664],[22.03887,49.24564],[22.03897,49.24502],[22.03847,49.24436],[22.03795,49.24404],[22.03676,49.24272],[22.03419,49.24178],[22.03337,49.24175],[22.0344,49.23872],[22.03442,49.23602],[22.03506,49.23382],[22.03475,49.23216],[22.03378,49.23048],[22.03249,49.22933],[22.03215,49.2288],[22.03111,49.22795],[22.03086,49.22755],[22.03025,49.22591],[22.03023,49.22554],[22.03042,49.22517],[22.0325,49.22433],[22.03368,49.22358],[22.03488,49.22248],[22.03658,49.22223],[22.03866,49.221],[22.04116,49.22066],[22.0459,49.21848],[22.04754,49.21804],[22.04992,49.21691],[22.05068,49.21629],[22.05185,49.21602],[22.05301,49.216],[22.05488,49.21551],[22.05707,49.21527],[22.06001,49.21446],[22.06032,49.21327],[22.06215,49.21161],[22.06433,49.21215],[22.06764,49.21222],[22.07043,49.21117],[22.07509,49.20995],[22.07795,49.20884],[22.07989,49.20861],[22.08222,49.2081],[22.08413,49.20819],[22.08519,49.20787],[22.08727,49.20802],[22.08818,49.20791],[22.09022,49.20688],[22.09363,49.20585],[22.09436,49.20579],[22.09598,49.20631],[22.09813,49.20645],[22.09979,49.20584],[22.10344,49.20527],[22.10489,49.20519],[22.10636,49.20444],[22.10674,49.20409],[22.10871,49.20377],[22.11066,49.20404],[22.11338,49.20335],[22.11466,49.20256],[22.11712,49.20196],[22.11757,49.20105],[22.11907,49.20095],[22.12142,49.20144],[22.12256,49.2015],[22.12445,49.20216],[22.12593,49.20116],[22.12707,49.20066],[22.12998,49.20023],[22.13099,49.20015],[22.13544,49.20077],[22.13669,49.20069],[22.13835,49.20017],[22.14121,49.20046],[22.14381,49.20051],[22.14387,49.20016],[22.14347,49.19973],[22.14355,49.19754],[22.1432,49.19584],[22.1432,49.19447],[22.14294,49.19363],[22.1431,49.19274],[22.14495,49.19202],[22.14555,49.19164],[22.15042,49.19037],[22.15194,49.18947],[22.15383,49.18862],[22.15517,49.18831],[22.15793,49.18823],[22.15876,49.18806],[22.16002,49.18819],[22.1609,49.18725],[22.16202,49.18683],[22.16263,49.18629],[22.16268,49.18601],[22.16379,49.18597],[22.16498,49.18552],[22.16569,49.18491],[22.16655,49.18451],[22.17108,49.18392],[22.17186,49.1833],[22.17334,49.18301],[22.17591,49.1831],[22.17742,49.18228],[22.17834,49.18198],[22.18003,49.18087],[22.18155,49.18036],[22.18476,49.17867],[22.18583,49.17832],[22.1867,49.17751],[22.18699,49.17621],[22.1874,49.1755],[22.18734,49.17525],[22.18756,49.17474],[22.18819,49.17432],[22.18882,49.17447],[22.18929,49.1742],[22.19077,49.17388],[22.19305,49.17442],[22.19431,49.17535],[22.19571,49.17578],[22.19746,49.17701],[22.19917,49.17757],[22.1996,49.1782],[22.19989,49.17835],[22.20197,49.17876],[22.20499,49.17976],[22.20582,49.18058],[22.20605,49.18106],[22.20598,49.18147],[22.20629,49.18211],[22.2076,49.18244],[22.20959,49.18248],[22.20995,49.18268],[22.21037,49.18334],[22.21055,49.18484],[22.21103,49.18556],[22.2134,49.18541],[22.21423,49.18511],[22.21454,49.18479],[22.21564,49.18453],[22.2172,49.18385],[22.21981,49.18426],[22.2217,49.18423],[22.22192,49.18443],[22.22246,49.18446],[22.22331,49.1841],[22.22431,49.18325],[22.22533,49.18303],[22.22683,49.18231],[22.22772,49.18116],[22.22886,49.18115],[22.23057,49.18074],[22.23082,49.18047],[22.23081,49.18017],[22.23179,49.17921],[22.23158,49.1786],[22.23175,49.17827],[22.23155,49.17786],[22.23183,49.17758],[22.23228,49.17646],[22.23397,49.17515],[22.23391,49.175],[22.23479,49.17462],[22.23516,49.17373],[22.23472,49.17276],[22.23485,49.17182],[22.23475,49.17136],[22.23562,49.17059],[22.2358,49.17008],[22.23589,49.16854],[22.23554,49.16802],[22.23489,49.1675],[22.23391,49.1671],[22.23377,49.16674],[22.23295,49.16618],[22.23255,49.16611],[22.23032,49.16482],[22.22972,49.16405],[22.22776,49.16395],[22.22782,49.16347],[22.22734,49.16277],[22.22625,49.16185],[22.22585,49.16111],[22.22609,49.1607],[22.22606,49.16046],[22.22662,49.16012],[22.22669,49.15964],[22.22699,49.15922],[22.2269,49.15872],[22.22541,49.15628],[22.2252,49.15409],[22.2246,49.15304],[22.22571,49.15254],[22.22707,49.15266],[22.23083,49.15375],[22.23205,49.15373],[22.23337,49.15415],[22.23606,49.15442],[22.23683,49.15409],[22.23969,49.15189],[22.2445,49.15267],[22.24623,49.15327],[22.24849,49.15304],[22.24951,49.1527],[22.25159,49.15167],[22.25252,49.15086],[22.25628,49.15061],[22.2585,49.14969],[22.25949,49.14944],[22.26188,49.14819],[22.26264,49.14816],[22.26624,49.14737],[22.26785,49.14644],[22.26981,49.1458],[22.27189,49.14558],[22.27415,49.14463],[22.27718,49.14413],[22.28052,49.14288],[22.28177,49.14208],[22.28805,49.14235],[22.2914,49.1419],[22.29284,49.14153],[22.29723,49.14153],[22.29826,49.14104],[22.29962,49.14071],[22.30248,49.13969],[22.30335,49.13899],[22.30426,49.13793],[22.30602,49.13701],[22.30725,49.13685],[22.30926,49.137],[22.30986,49.13722],[22.31121,49.13711],[22.31194,49.13669],[22.31264,49.13661],[22.31363,49.137],[22.31443,49.13697],[22.31582,49.13641],[22.31678,49.13623],[22.31765,49.13555],[22.32053,49.13558],[22.32184,49.13681],[22.32196,49.13773],[22.32247,49.13838],[22.32375,49.13935],[22.32596,49.14066],[22.32717,49.14191],[22.32838,49.14262],[22.32916,49.14336],[22.3292,49.14374],[22.32956,49.14412],[22.3318,49.14491],[22.33266,49.14546],[22.33316,49.14552],[22.3346,49.14647],[22.33514,49.14621],[22.33936,49.14558],[22.34304,49.14576],[22.34536,49.14567],[22.3465,49.14529],[22.34691,49.14565],[22.34793,49.14584],[22.35142,49.14583],[22.35406,49.14519],[22.35528,49.14457],[22.35855,49.14499],[22.36067,49.14458],[22.36224,49.14451],[22.36463,49.1457],[22.3662,49.14692],[22.36728,49.14658],[22.36967,49.14547],[22.37159,49.14322],[22.37305,49.14095],[22.37336,49.14005],[22.37524,49.13843],[22.37647,49.1377],[22.37723,49.1365],[22.37793,49.13609],[22.37803,49.13542],[22.37784,49.13434],[22.37731,49.1337],[22.37851,49.13189],[22.37932,49.13153],[22.37957,49.13109],[22.38023,49.13104],[22.38132,49.1305],[22.38312,49.13019],[22.3836,49.12991],[22.38665,49.12899],[22.39023,49.12739],[22.39014,49.12513],[22.38984,49.1243],[22.38983,49.12336],[22.39046,49.12219],[22.39086,49.11906],[22.39182,49.11805],[22.3938,49.11768],[22.39532,49.11764],[22.39664,49.11711],[22.39717,49.11556],[22.39797,49.11462],[22.4002,49.11381],[22.4013,49.113],[22.40194,49.11285],[22.40231,49.11257],[22.40282,49.11097],[22.4047,49.10986],[22.40602,49.10864],[22.40722,49.10704],[22.40792,49.10675],[22.40873,49.10611],[22.40945,49.10514],[22.41247,49.1029],[22.41388,49.10208],[22.41645,49.10212],[22.42054,49.10057],[22.42265,49.09949],[22.42615,49.09902],[22.42844,49.09847],[22.43136,49.10083],[22.43428,49.10186],[22.43496,49.10186],[22.43566,49.10212],[22.43677,49.10214],[22.43839,49.10156],[22.43917,49.10178],[22.44022,49.10258],[22.44096,49.10293],[22.44707,49.10336],[22.45003,49.10297],[22.45254,49.10303],[22.45404,49.10326],[22.45533,49.10372],[22.45606,49.10375],[22.45703,49.10356],[22.45742,49.10324],[22.46083,49.10192],[22.46206,49.10122],[22.46511,49.10072],[22.46714,49.10061],[22.46835,49.09988],[22.4698,49.09803],[22.47068,49.09738],[22.47317,49.09581],[22.47462,49.09541],[22.477,49.09335],[22.47905,49.0927],[22.48103,49.0925],[22.48236,49.09219],[22.48481,49.09102],[22.48508,49.09084],[22.48529,49.0893],[22.48596,49.08889],[22.48708,49.08844],[22.48801,49.0885],[22.4903,49.08823],[22.49244,49.08708],[22.49399,49.08671],[22.49547,49.0866],[22.49702,49.08589],[22.49979,49.08586],[22.50083,49.08688],[22.50101,49.0876],[22.50213,49.08864],[22.50221,49.08902],[22.50249,49.0893],[22.50498,49.09078],[22.50701,49.09108],[22.50773,49.09139],[22.50967,49.09169],[22.5113,49.09216],[22.5133,49.09216],[22.51633,49.09252],[22.51897,49.09236],[22.52211,49.0929],[22.528,49.09275],[22.52938,49.09302],[22.52984,49.0933],[22.5313,49.09312],[22.5334,49.09318],[22.53603,49.09349],[22.53756,49.09389],[22.53942,49.09469],[22.54047,49.0945],[22.54129,49.09397],[22.54395,49.09294],[22.54558,49.092],[22.54709,49.09155],[22.54718,49.0909],[22.54778,49.09029],[22.5502,49.08986],[22.55294,49.08907],[22.5539,49.08842],[22.55597,49.08759],[22.55894,49.0875],[22.55976,49.08732],[22.56053,49.08739],[22.56183,49.08789],[22.5623,49.08774],[22.56409,49.08773],[22.56571,49.088],[22.56836,49.08892],[22.56922,49.09045],[22.5701,49.09107],[22.57109,49.09117],[22.57303,49.09188],[22.57756,49.09426],[22.57906,49.09534],[22.57942,49.09614],[22.58248,49.09732],[22.58363,49.097],[22.58448,49.09731],[22.58607,49.09697],[22.58671,49.09644],[22.59065,49.09527],[22.59409,49.09466],[22.59534,49.09462],[22.59664,49.09412],[22.59981,49.0935],[22.60109,49.0921],[22.60142,49.09091],[22.60237,49.08997],[22.60238,49.08946],[22.6031,49.08753],[22.60345,49.08699],[22.60441,49.08611],[22.60503,49.08451],[22.60835,49.08413],[22.61322,49.08414],[22.61525,49.08239],[22.6183,49.08119],[22.61926,49.08096],[22.62053,49.081],[22.6217,49.08072],[22.62567,49.08032],[22.62791,49.07866],[22.62871,49.07723],[22.63116,49.07576],[22.63143,49.0746],[22.6325,49.07292],[22.63169,49.07191],[22.63218,49.07089],[22.63282,49.07036],[22.63397,49.06881],[22.63382,49.06728],[22.634,49.06688],[22.63542,49.0663],[22.63622,49.0653],[22.63667,49.0637],[22.6379,49.0621],[22.63802,49.06145],[22.63972,49.05972],[22.64427,49.05796],[22.64598,49.05777],[22.64664,49.05671],[22.64711,49.05486],[22.64785,49.05419],[22.64955,49.05331],[22.6509,49.05235],[22.65124,49.05196],[22.65157,49.05082],[22.65468,49.0498],[22.65674,49.0486],[22.65989,49.04711],[22.66294,49.04804],[22.6692,49.04764],[22.66965,49.04732],[22.66953,49.04622],[22.67047,49.04467],[22.67134,49.04384],[22.67126,49.04281],[22.67474,49.04131],[22.67564,49.04141],[22.67695,49.04129],[22.67994,49.04042],[22.68016,49.04],[22.68018,49.03938],[22.6818,49.03898],[22.68333,49.03886],[22.68482,49.03941],[22.68649,49.03973],[22.68828,49.04139],[22.68879,49.04208],[22.69028,49.0431],[22.69449,49.04548],[22.69643,49.04712],[22.69713,49.04811],[22.69835,49.04939],[22.69911,49.0497],[22.70781,49.0508],[22.71458,49.05145],[22.71786,49.05278],[22.72004,49.05214],[22.7213,49.052],[22.72259,49.05103],[22.72429,49.05125],[22.72748,49.04825],[22.73377,49.0487],[22.73539,49.04903],[22.73885,49.04815],[22.74158,49.04676],[22.74272,49.04578],[22.74401,49.04539],[22.74587,49.04572],[22.7487,49.04525],[22.75202,49.04279],[22.75497,49.04295],[22.75672,49.04413],[22.75721,49.04496],[22.76009,49.04729],[22.76132,49.05029],[22.76177,49.05211],[22.76427,49.05329],[22.76549,49.05353],[22.76942,49.05219],[22.77174,49.05216],[22.77305,49.05181],[22.77798,49.04946],[22.78622,49.04645],[22.78739,49.04498],[22.79101,49.04313],[22.79302,49.04151],[22.79487,49.0395],[22.80014,49.03664],[22.80314,49.03618],[22.80951,49.03464],[22.80971,49.03108],[22.81138,49.02932],[22.81319,49.02514],[22.81959,49.02464],[22.82263,49.02297],[22.82432,49.02276],[22.82609,49.02359],[22.82706,49.02436],[22.82843,49.02493],[22.8312,49.02531],[22.83375,49.02608],[22.83425,49.02482],[22.83581,49.02247],[22.83665,49.02191],[22.83847,49.02126],[22.83956,49.01984],[22.84064,49.01803],[22.84128,49.0165],[22.84123,49.01589],[22.84216,49.01466],[22.84261,49.01306],[22.84334,49.01276],[22.84445,49.01142],[22.84377,49.01062],[22.84487,49.00912],[22.84406,49.0082],[22.84399,49.00697],[22.84434,49.00553],[22.84398,49.00493],[22.84682,49.00353],[22.84709,49.00239],[22.85232,49.00317],[22.85635,49.0024],[22.85967,49.00205],[22.86379,49.00278],[22.86783,49.00287],[22.86953,49.0041],[22.87451,49.0039],[22.87871,49.00534],[22.87972,49.0055],[22.88122,49.00639],[22.88219,49.00664],[22.8825,49.00694],[22.88422,49.00674],[22.88475,49.00694],[22.88514,49.00674],[22.88527,49.00703],[22.88631,49.00736],[22.8869,49.00713],[22.88714,49.00719],[22.88738,49.00694],[22.88792,49.00711],[22.88801,49.00693],[22.88878,49.00676],[22.88923,49.00707],[22.88941,49.00699],[22.88977,49.00712],[22.88959,49.00726],[22.88968,49.00733],[22.89017,49.00733],[22.89043,49.00759],[22.89159,49.00785],[22.89163,49.00827],[22.89142,49.00838],[22.89168,49.00846],[22.89151,49.00869],[22.8919,49.00895],[22.89157,49.00918],[22.89174,49.0093],[22.89148,49.0096],[22.89162,49.00965],[22.8916,49.00987],[22.89128,49.01027],[22.89138,49.01052],[22.89085,49.01081],[22.89081,49.01119],[22.8905,49.01124],[22.89044,49.01152],[22.88999,49.0118],[22.88966,49.01175],[22.88933,49.01222],[22.88974,49.01256],[22.88968,49.01276],[22.88959,49.01269],[22.88938,49.01291],[22.88971,49.01302],[22.88944,49.01343],[22.88951,49.01382],[22.88932,49.01412],[22.8896,49.01438],[22.88985,49.01508],[22.89034,49.01518],[22.89104,49.01574],[22.89155,49.01583],[22.89225,49.01628],[22.89269,49.01607],[22.89313,49.01612],[22.89399,49.01673],[22.89339,49.01764],[22.89381,49.01781],[22.89382,49.01809],[22.89366,49.01832],[22.8933,49.01829],[22.89325,49.0185],[22.89294,49.01862],[22.89313,49.01873],[22.89298,49.01893],[22.89167,49.01896],[22.8915,49.01913],[22.89173,49.01929],[22.89044,49.01934],[22.89006,49.01966],[22.88919,49.02002],[22.88621,49.01955],[22.88609,49.01971],[22.88626,49.0201],[22.88601,49.02036],[22.88639,49.02066],[22.88565,49.02142],[22.88527,49.02153],[22.88355,49.02144],[22.88332,49.0217],[22.8829,49.02178],[22.88275,49.02206],[22.88299,49.02235],[22.88267,49.02238],[22.88266,49.02271],[22.88233,49.02295],[22.88158,49.02322],[22.88129,49.02315],[22.88145,49.02342],[22.8812,49.02364],[22.87959,49.02395],[22.87955,49.02406],[22.87991,49.02418],[22.87979,49.02433],[22.87989,49.02447],[22.87936,49.02455],[22.87911,49.02485],[22.87872,49.02492],[22.87845,49.02549],[22.87889,49.02599],[22.87885,49.0262],[22.87844,49.02625],[22.87833,49.0265],[22.87808,49.0266],[22.87844,49.02725],[22.87716,49.02843],[22.87708,49.02905],[22.87511,49.02936],[22.87458,49.03046],[22.87401,49.03079],[22.87392,49.03099],[22.87403,49.03123],[22.87487,49.03151],[22.87493,49.03168],[22.87479,49.03213],[22.87424,49.03272],[22.87448,49.03319],[22.87426,49.03396],[22.87481,49.03413],[22.87583,49.03413],[22.87579,49.03475],[22.87617,49.03474],[22.87615,49.03504],[22.87702,49.03517],[22.87891,49.03623],[22.88024,49.03723],[22.88134,49.03822],[22.88134,49.03837],[22.88079,49.03846],[22.88013,49.03831],[22.87993,49.03846],[22.87945,49.03829],[22.87929,49.03844],[22.87948,49.03877],[22.87926,49.03957],[22.87824,49.03955],[22.87791,49.03997],[22.87759,49.03999],[22.87676,49.03977],[22.87627,49.03935],[22.87563,49.03831],[22.8756,49.03766],[22.8754,49.03738],[22.8745,49.03691],[22.87363,49.03676],[22.87344,49.03695],[22.8735,49.0376],[22.87284,49.03791],[22.87307,49.03833],[22.8729,49.03858],[22.87137,49.03887],[22.86875,49.03899],[22.86849,49.03919],[22.8685,49.0395],[22.86835,49.03966],[22.86688,49.03982],[22.86663,49.03999],[22.86683,49.04117],[22.8682,49.0421],[22.86952,49.04441],[22.86991,49.04461],[22.87035,49.04527],[22.87118,49.04586],[22.87112,49.04649],[22.87011,49.04687],[22.87012,49.04718],[22.87208,49.04812],[22.873,49.04839],[22.87349,49.04886],[22.87348,49.04962],[22.87486,49.05002],[22.87462,49.05062],[22.87578,49.05135],[22.87556,49.05148],[22.87482,49.05144],[22.87474,49.05193],[22.87428,49.05223],[22.87461,49.05289],[22.87441,49.05307],[22.87441,49.05355],[22.87418,49.0538],[22.87432,49.05399],[22.87377,49.05429],[22.87477,49.05453],[22.87462,49.05501],[22.87475,49.05535],[22.87447,49.05582],[22.874,49.05602],[22.87312,49.05598],[22.87223,49.05554],[22.87206,49.0552],[22.87173,49.05512],[22.87086,49.05564],[22.87082,49.05585],[22.87136,49.05674],[22.87076,49.05699],[22.87074,49.05742],[22.87009,49.05739],[22.86994,49.05772],[22.87038,49.05817],[22.87097,49.05829],[22.871,49.05849],[22.87028,49.05877],[22.86874,49.05886],[22.86826,49.05871],[22.86823,49.05855],[22.86862,49.05798],[22.86923,49.05768],[22.86854,49.0572],[22.86775,49.05742],[22.86754,49.05864],[22.8673,49.05877],[22.8676,49.0591],[22.86758,49.05932],[22.86719,49.05955],[22.86656,49.05946],[22.8663,49.05965],[22.86622,49.06034],[22.86674,49.06145],[22.86818,49.06192],[22.86868,49.06242],[22.86753,49.0627],[22.8671,49.06304],[22.86763,49.06378],[22.86697,49.06448],[22.86711,49.06481],[22.86751,49.06503],[22.86735,49.06533],[22.86665,49.06574],[22.86557,49.06549],[22.86588,49.06512],[22.86584,49.06497],[22.86535,49.06508],[22.86506,49.06529],[22.86453,49.06679],[22.86597,49.06778],[22.86689,49.06792],[22.86713,49.06811],[22.86695,49.06856],[22.8657,49.0689],[22.86596,49.06943],[22.86657,49.06994],[22.86785,49.07015],[22.86821,49.06993],[22.86852,49.07021],[22.86834,49.07047],[22.86909,49.07057],[22.86924,49.07035],[22.86898,49.06996],[22.86927,49.06988],[22.87001,49.07082],[22.87048,49.07097],[22.87042,49.07134],[22.87161,49.07165],[22.87187,49.07186],[22.87151,49.07259],[22.87104,49.07295],[22.86948,49.0729],[22.86802,49.07383],[22.86804,49.07423],[22.86782,49.0745],[22.86657,49.0747],[22.86646,49.07506],[22.86661,49.07546],[22.86789,49.07587],[22.86801,49.07741],[22.86948,49.07803],[22.87125,49.07844],[22.87228,49.07889],[22.87391,49.07922],[22.87585,49.07994],[22.87946,49.08],[22.88102,49.08018],[22.88278,49.08075],[22.88355,49.08119],[22.88386,49.08155],[22.88398,49.08233],[22.88346,49.08413],[22.88238,49.08448],[22.88202,49.08435],[22.88172,49.08413],[22.88149,49.08296],[22.8812,49.08272],[22.88074,49.08283],[22.88058,49.08377],[22.88177,49.08498],[22.88388,49.08508],[22.88603,49.08595],[22.88627,49.08636],[22.88606,49.087],[22.88611,49.08747],[22.88701,49.0881],[22.88716,49.08859],[22.88795,49.08926],[22.88822,49.09022],[22.88965,49.09168],[22.88996,49.09232],[22.8927,49.09445],[22.89268,49.09464],[22.89095,49.09559],[22.89017,49.09709],[22.88908,49.09745],[22.88768,49.09719],[22.88646,49.09644],[22.8857,49.09655],[22.88513,49.09642],[22.88448,49.09666],[22.88437,49.09711],[22.88531,49.09782],[22.88589,49.09859],[22.88567,49.09881],[22.88202,49.09823],[22.8818,49.09793],[22.88243,49.09745],[22.88244,49.09729],[22.88207,49.09723],[22.88135,49.09745],[22.88073,49.09712],[22.88027,49.09733],[22.8801,49.09781],[22.87967,49.09833],[22.87971,49.09856],[22.87941,49.09861],[22.87799,49.0981],[22.87784,49.0979],[22.87798,49.09744],[22.87766,49.09716],[22.87656,49.09708],[22.87569,49.09656],[22.87409,49.09726],[22.87363,49.0978],[22.87285,49.0979],[22.87136,49.09901],[22.87037,49.09951],[22.8695,49.09953],[22.86837,49.09882],[22.86802,49.09884],[22.86707,49.09936],[22.86712,49.10017],[22.86698,49.10061],[22.86682,49.10067],[22.86521,49.1008],[22.8627,49.10006],[22.86232,49.10089],[22.86031,49.10165],[22.86016,49.10206],[22.86028,49.10238],[22.86015,49.10253],[22.85826,49.10327],[22.85759,49.10342],[22.85628,49.10334],[22.85551,49.10368],[22.85532,49.10386],[22.85522,49.10445],[22.85553,49.10492],[22.85555,49.1053],[22.85483,49.10598],[22.85533,49.10636],[22.85538,49.10678],[22.85655,49.10804],[22.85737,49.10869],[22.85766,49.10923],[22.85822,49.10954],[22.85822,49.11011],[22.8589,49.11101],[22.86,49.11172],[22.86024,49.11214],[22.86016,49.11231],[22.85864,49.11234],[22.85581,49.11092],[22.85512,49.11088],[22.8542,49.11108],[22.85352,49.11134],[22.85249,49.11224],[22.85208,49.11276],[22.85208,49.11331],[22.85177,49.1142],[22.85138,49.11461],[22.85071,49.11487],[22.84969,49.11478],[22.8478,49.11374],[22.84745,49.11326],[22.84582,49.11287],[22.84503,49.11206],[22.8443,49.11083],[22.84239,49.11026],[22.84151,49.11016],[22.83925,49.1104],[22.83794,49.11033],[22.83733,49.11066],[22.8374,49.11091],[22.83716,49.11106],[22.83641,49.11044],[22.83607,49.11083],[22.83648,49.11141],[22.83624,49.11172],[22.837,49.11194],[22.83781,49.11181],[22.83801,49.11199],[22.8377,49.11228],[22.83602,49.11254],[22.83549,49.11245],[22.83504,49.11192],[22.83306,49.11082],[22.83224,49.11068],[22.83127,49.11098],[22.83067,49.11195],[22.82924,49.11248],[22.82899,49.11289],[22.82915,49.11349],[22.82883,49.11484],[22.82954,49.116],[22.82933,49.11643],[22.82885,49.11684],[22.82929,49.11718],[22.82984,49.1171],[22.83019,49.11684],[22.83048,49.11701],[22.83042,49.11746],[22.83059,49.11809],[22.83038,49.11844],[22.82921,49.11883],[22.82898,49.11938],[22.82787,49.11981],[22.82618,49.12006],[22.82481,49.12077],[22.82286,49.1225],[22.82217,49.12288],[22.82108,49.12307],[22.82071,49.123],[22.82038,49.12269],[22.81999,49.12278],[22.81907,49.124],[22.81904,49.12497],[22.81936,49.12573],[22.81889,49.12623],[22.81843,49.12624],[22.81793,49.12604],[22.81596,49.12378],[22.81503,49.12334],[22.81401,49.1235],[22.81213,49.12504],[22.8121,49.1255],[22.81235,49.12611],[22.81587,49.12766],[22.81674,49.12897],[22.8164,49.12977],[22.81544,49.13016],[22.81309,49.13051],[22.81014,49.12965],[22.80807,49.12857],[22.80736,49.12866],[22.80683,49.12927],[22.80738,49.13009],[22.80722,49.13071],[22.80688,49.13114],[22.80691,49.13138],[22.80736,49.13173],[22.80833,49.13187],[22.80809,49.1324],[22.80764,49.13271],[22.80623,49.13314],[22.80561,49.13374],[22.80482,49.13397],[22.80321,49.13392],[22.80207,49.13361],[22.80128,49.13366],[22.8003,49.13443],[22.8004,49.13537],[22.79996,49.13603],[22.79772,49.13656],[22.79605,49.13735],[22.794,49.1375],[22.7931,49.13829],[22.79233,49.13942],[22.79181,49.14073],[22.7918,49.1411],[22.79222,49.14175],[22.79292,49.14215],[22.79354,49.14227],[22.79387,49.14293],[22.79357,49.14372],[22.79269,49.1442],[22.79191,49.14512],[22.79198,49.14537],[22.79277,49.14614],[22.79273,49.1466],[22.79209,49.14689],[22.79085,49.14793],[22.78969,49.14835],[22.78889,49.14915],[22.7888,49.14943],[22.78886,49.14992],[22.78934,49.15065],[22.78936,49.15111],[22.79227,49.15343],[22.79246,49.15372],[22.79231,49.15479],[22.79179,49.15581],[22.79128,49.15607],[22.78992,49.15627],[22.7896,49.15652],[22.78943,49.15685],[22.78943,49.15749],[22.7892,49.15773],[22.78617,49.15749],[22.78471,49.15754],[22.78182,49.15601],[22.77971,49.15557],[22.77782,49.15482],[22.7751,49.15305],[22.77289,49.15239],[22.77267,49.15243],[22.77246,49.15279],[22.77338,49.15405],[22.77408,49.15458],[22.77464,49.15548],[22.77447,49.15579],[22.77342,49.15597],[22.77117,49.15548],[22.76872,49.15424],[22.76647,49.15369],[22.76591,49.15369],[22.76435,49.15415],[22.76328,49.15419],[22.76242,49.15388],[22.76045,49.15253],[22.7554,49.154],[22.75375,49.15372],[22.75231,49.15289],[22.75118,49.15282],[22.75036,49.15312],[22.74968,49.15394],[22.74953,49.15437],[22.74979,49.15495],[22.74942,49.15517],[22.7493,49.15625],[22.74894,49.15642],[22.74606,49.15605],[22.74561,49.15612],[22.74522,49.1563],[22.74509,49.15674],[22.74513,49.15793],[22.74435,49.15814],[22.74069,49.15745],[22.73913,49.15798],[22.73869,49.15844],[22.7384,49.15909],[22.73818,49.16068],[22.73865,49.16116],[22.73987,49.16171],[22.74054,49.16336],[22.74139,49.16464],[22.74188,49.16589],[22.7419,49.16719],[22.74224,49.16879],[22.74312,49.16968],[22.74557,49.17106],[22.74697,49.17234],[22.74755,49.17252],[22.74848,49.17253],[22.74909,49.17278],[22.74942,49.17319],[22.7494,49.1736],[22.74888,49.17417],[22.74873,49.17472],[22.74969,49.17656],[22.75054,49.17774],[22.75094,49.17801],[22.75298,49.17845],[22.7541,49.17887],[22.75438,49.17907],[22.75448,49.17951],[22.75631,49.18069],[22.75688,49.18138],[22.75684,49.1821],[22.75617,49.18263],[22.75558,49.1827],[22.75453,49.18197],[22.75345,49.18147],[22.75252,49.18134],[22.75142,49.18198],[22.75079,49.18255],[22.74997,49.18406],[22.74774,49.18455],[22.7471,49.18455],[22.74606,49.18428],[22.74302,49.18277],[22.74235,49.18284],[22.74082,49.18367],[22.74011,49.18371],[22.73952,49.18353],[22.73812,49.18237],[22.7363,49.18258],[22.73272,49.18227],[22.73231,49.18186],[22.73244,49.18132],[22.73332,49.18052],[22.73358,49.1799],[22.73331,49.17937],[22.73172,49.17796],[22.73141,49.17725],[22.73019,49.17553],[22.72904,49.17476],[22.72785,49.17447],[22.72531,49.17508],[22.7244,49.17475],[22.72403,49.1742],[22.72391,49.17324],[22.72457,49.17016],[22.7251,49.16856],[22.72093,49.16574],[22.719,49.16499],[22.71711,49.16488],[22.7162,49.16529],[22.71508,49.16691],[22.71477,49.16979],[22.71457,49.17031],[22.71351,49.17116],[22.7111,49.17171],[22.70953,49.17237],[22.70817,49.17359],[22.70726,49.17498],[22.70723,49.17561],[22.70753,49.17721],[22.70836,49.17918],[22.70816,49.18091],[22.70885,49.18125],[22.71295,49.18206],[22.71459,49.1827],[22.71617,49.18356],[22.71724,49.18549],[22.71805,49.18749],[22.71888,49.18803],[22.71999,49.18835],[22.72021,49.18872],[22.71946,49.19014],[22.71961,49.19142],[22.72009,49.19225],[22.72096,49.19289],[22.72214,49.19341],[22.72242,49.19373],[22.7225,49.19513],[22.72279,49.19604],[22.72311,49.19625],[22.72464,49.19642],[22.7265,49.19689],[22.72898,49.19703],[22.72954,49.19745],[22.73003,49.19807],[22.73091,49.19858],[22.73083,49.19883],[22.72997,49.19925],[22.72934,49.19988],[22.72891,49.2006],[22.72937,49.2025],[22.72931,49.20387],[22.7296,49.20437],[22.73063,49.20516],[22.73385,49.20638],[22.7348,49.20709],[22.73488,49.20797],[22.73329,49.20937],[22.73312,49.21028],[22.73396,49.21144],[22.73452,49.21183],[22.73541,49.21197],[22.73954,49.21162],[22.74045,49.21173],[22.74202,49.21253],[22.7444,49.21454],[22.74699,49.21488],[22.74755,49.21526],[22.74768,49.21562],[22.74742,49.21668],[22.74655,49.21699],[22.74397,49.21686],[22.74347,49.21701],[22.74306,49.21724],[22.74263,49.21814],[22.7421,49.21868],[22.74163,49.21887],[22.73963,49.21895],[22.73824,49.2186],[22.7366,49.21842],[22.7357,49.21874],[22.73499,49.21878],[22.73287,49.22007],[22.73169,49.22032],[22.73054,49.22086],[22.72925,49.22123],[22.72743,49.22134],[22.72668,49.22114],[22.72587,49.22069],[22.72512,49.22062],[22.72174,49.2214],[22.72071,49.22142],[22.72008,49.22118],[22.71489,49.22649],[22.71669,49.23579],[22.72131,49.24134],[22.73963,49.24735],[22.7405,49.25642],[22.74025,49.26319],[22.7441,49.29883],[22.75095,49.3166],[22.74317,49.33585],[22.74685,49.3599],[22.74415,49.36979],[22.73641,49.38849],[22.73246,49.3986],[22.72554,49.40983],[22.72071,49.42015],[22.71671,49.42995],[22.71286,49.43755],[22.71033,49.44574],[22.70867,49.45328],[22.70773,49.45628],[22.70142,49.48088],[22.70044,49.48842],[22.69669,49.49513],[22.67041,49.49752],[22.66492,49.50043],[22.65988,49.50372],[22.65124,49.50837],[22.64471,49.52384],[22.64082,49.52999],[22.66316,49.53883],[22.67469,49.54916],[22.6761,49.55238],[22.67817,49.5607],[22.68473,49.57171],[22.69484,49.58198],[22.70658,49.59329],[22.71625,49.60033],[22.72455,49.60882],[22.74944,49.63126],[22.75625,49.63524],[22.76276,49.64074],[22.76827,49.64497],[22.78161,49.65565],[22.78331,49.65724],[22.78435,49.66553],[22.78722,49.67646],[22.80556,49.6934],[22.82192,49.69453],[22.83723,49.70392],[22.84779,49.71008],[22.8521,49.72036],[22.85979,49.72829],[22.87343,49.74063],[22.88513,49.74463],[22.89678,49.75176],[22.89794,49.76446],[22.9016,49.76826],[22.91049,49.77437],[22.93282,49.79329],[22.94195,49.79664],[22.95441,49.80331],[22.96193,49.8047],[22.95667,49.81113],[22.9707,49.83865],[22.99547,49.84215],[23.00737,49.85515],[23.03328,49.88135],[23.06523,49.90837],[23.0885,49.92485],[23.10749,49.94196],[23.11492,49.95654],[23.14264,49.97122],[23.17307,49.99714],[23.18882,50.0102],[23.21301,50.0311],[23.21599,50.04747],[23.23932,50.05445],[23.26461,50.07886],[23.27933,50.08629],[23.27918,50.09981],[23.28008,50.10054],[23.28391,50.09904],[23.29685,50.1029],[23.29776,50.10562],[23.29852,50.10706],[23.30848,50.11094],[23.31395,50.11196],[23.34215,50.13361],[23.38032,50.15936],[23.42945,50.1842],[23.47015,50.21789],[23.50632,50.23032],[23.53035,50.24334],[23.55869,50.25702],[23.58101,50.266],[23.61157,50.29925],[23.63104,50.3048],[23.63885,50.32051],[23.68633,50.33164],[23.68954,50.34104],[23.69123,50.34689],[23.69114,50.35333],[23.69665,50.36617],[23.70311,50.37529],[23.70876,50.37926],[23.72703,50.388],[23.76123,50.39651],[23.76962,50.39889],[23.77883,50.4011],[23.80336,50.40476],[23.8457,50.40605],[23.87988,50.4089],[23.88399,50.40827],[23.94077,50.41391],[23.99754,50.41214],[24.00494,50.43231],[24.00583,50.43538],[24.01476,50.4384],[24.02958,50.44304],[24.03453,50.44483],[24.03801,50.45512],[24.04254,50.46071],[24.04854,50.47061],[24.07011,50.50339],[24.07033,50.50466],[24.07564,50.52293],[24.07746,50.52501],[24.08349,50.54214],[24.08631,50.55147],[24.09132,50.56202],[24.09034,50.57793],[24.09676,50.59504],[24.09865,50.59953],[24.09831,50.60587],[24.0974,50.61061],[24.09393,50.61378],[24.09182,50.61645],[24.09123,50.61912],[24.09204,50.62337],[24.09373,50.62705],[24.09562,50.63194],[24.09822,50.63747],[24.09729,50.63755],[24.09628,50.63662],[24.09386,50.63525],[24.09327,50.6353],[24.09174,50.63592],[24.08882,50.63739],[24.08826,50.63719],[24.08802,50.6367],[24.08769,50.6367],[24.08693,50.63913],[24.08693,50.63958],[24.08733,50.64036],[24.08751,50.64122],[24.0874,50.64188],[24.08726,50.64219],[24.08674,50.64257],[24.08568,50.64289],[24.08515,50.64327],[24.08561,50.64376],[24.08703,50.64377],[24.08772,50.644],[24.08795,50.64438],[24.08783,50.64469],[24.08714,50.64513],[24.08622,50.64524],[24.08284,50.64404],[24.08111,50.6444],[24.08007,50.64488],[24.0802,50.64535],[24.08139,50.64615],[24.08303,50.64825],[24.08453,50.64956],[24.08678,50.6505],[24.08848,50.65039],[24.08913,50.65067],[24.08928,50.6511],[24.08912,50.65158],[24.08869,50.65188],[24.08764,50.65213],[24.08724,50.65238],[24.08711,50.65289],[24.08761,50.65333],[24.08852,50.65351],[24.08987,50.6534],[24.09047,50.65356],[24.09045,50.65385],[24.08912,50.65482],[24.08831,50.65494],[24.08705,50.65464],[24.08656,50.65469],[24.08591,50.65495],[24.08569,50.65525],[24.08629,50.65639],[24.08758,50.65689],[24.08826,50.65741],[24.08926,50.66016],[24.08975,50.66206],[24.09112,50.66353],[24.09106,50.66373],[24.09057,50.66395],[24.08973,50.66377],[24.08917,50.66282],[24.0873,50.66153],[24.08596,50.6612],[24.08543,50.66138],[24.0852,50.66193],[24.08538,50.66297],[24.08501,50.66458],[24.08515,50.6651],[24.0859,50.66632],[24.08599,50.66697],[24.08589,50.66736],[24.08511,50.6681],[24.08651,50.66861],[24.08677,50.6689],[24.08671,50.66919],[24.08442,50.67103],[24.08334,50.67138],[24.08237,50.67134],[24.08153,50.67194],[24.08136,50.67268],[24.08254,50.67402],[24.0824,50.67456],[24.08207,50.67484],[24.08107,50.67516],[24.08034,50.67509],[24.07931,50.6747],[24.07893,50.67437],[24.07887,50.67406],[24.07976,50.6732],[24.0792,50.67283],[24.07873,50.67295],[24.07808,50.67339],[24.07777,50.67386],[24.07755,50.67509],[24.07705,50.67566],[24.07584,50.67608],[24.07528,50.67592],[24.07634,50.67476],[24.07648,50.67419],[24.07638,50.67388],[24.07567,50.6736],[24.07467,50.67412],[24.07447,50.67465],[24.07453,50.67552],[24.07439,50.67583],[24.07376,50.67606],[24.07318,50.67589],[24.073,50.67563],[24.07302,50.67522],[24.074,50.67418],[24.07393,50.67391],[24.07345,50.67367],[24.07309,50.67372],[24.07245,50.6741],[24.07123,50.67572],[24.07117,50.67794],[24.07078,50.6787],[24.07032,50.67892],[24.06949,50.67879],[24.0685,50.67765],[24.068,50.67747],[24.06548,50.67779],[24.0634,50.67726],[24.06229,50.67786],[24.06239,50.67817],[24.0646,50.67975],[24.06509,50.6805],[24.06478,50.68081],[24.0638,50.68047],[24.06345,50.68045],[24.06295,50.68071],[24.06349,50.68185],[24.06338,50.6826],[24.06288,50.68394],[24.06317,50.68475],[24.06339,50.68498],[24.06391,50.68515],[24.06439,50.68503],[24.06533,50.68375],[24.06635,50.68326],[24.06712,50.68324],[24.06785,50.6836],[24.06926,50.68367],[24.06951,50.68386],[24.06944,50.68411],[24.06858,50.68462],[24.0659,50.68557],[24.06538,50.68589],[24.06505,50.68651],[24.06521,50.68735],[24.06618,50.68907],[24.06734,50.69002],[24.06747,50.69029],[24.06777,50.69171],[24.06883,50.69358],[24.06912,50.69507],[24.07044,50.69616],[24.071,50.69761],[24.07214,50.69849],[24.07241,50.699],[24.07202,50.70041],[24.07171,50.70065],[24.07023,50.70082],[24.06989,50.70111],[24.06968,50.7016],[24.06995,50.70204],[24.07121,50.70217],[24.07154,50.70227],[24.07161,50.70247],[24.07131,50.70283],[24.0702,50.70315],[24.07008,50.70367],[24.07017,50.70465],[24.06999,50.70521],[24.06878,50.70559],[24.06807,50.70601],[24.06719,50.70681],[24.06711,50.70737],[24.06787,50.70767],[24.06998,50.70747],[24.07351,50.70797],[24.07386,50.70825],[24.0739,50.70873],[24.0737,50.70936],[24.07389,50.70965],[24.07498,50.71035],[24.07524,50.7108],[24.07526,50.71111],[24.07481,50.71157],[24.07287,50.71149],[24.07149,50.71195],[24.07156,50.7122],[24.07188,50.71234],[24.07391,50.71258],[24.07443,50.71277],[24.07536,50.71338],[24.07512,50.71391],[24.07202,50.71487],[24.07122,50.71544],[24.07114,50.71595],[24.07184,50.71675],[24.07179,50.71727],[24.07245,50.71749],[24.07307,50.71749],[24.07317,50.71777],[24.07293,50.71875],[24.0722,50.72034],[24.07145,50.72072],[24.06753,50.72013],[24.0669,50.72014],[24.06577,50.72051],[24.06554,50.72028],[24.06568,50.71975],[24.06525,50.71914],[24.06465,50.71848],[24.06396,50.71829],[24.06291,50.71854],[24.06149,50.72051],[24.06088,50.72065],[24.06002,50.72039],[24.05861,50.7196],[24.05636,50.71909],[24.05428,50.71815],[24.05309,50.71781],[24.05243,50.71783],[24.05182,50.71809],[24.05125,50.71911],[24.04995,50.71904],[24.04819,50.71841],[24.04747,50.7178],[24.04596,50.71713],[24.04526,50.71652],[24.04502,50.71545],[24.04428,50.71516],[24.04354,50.71542],[24.04345,50.71593],[24.04375,50.71671],[24.04304,50.71735],[24.04108,50.71823],[24.03797,50.71866],[24.03545,50.71981],[24.03095,50.72154],[24.02834,50.72224],[24.02747,50.72262],[24.0246,50.72477],[24.02375,50.72514],[24.02249,50.7253],[24.02185,50.72513],[24.02165,50.72489],[24.02182,50.72381],[24.02279,50.72295],[24.02291,50.72248],[24.02287,50.72218],[24.02233,50.72177],[24.02193,50.72178],[24.0206,50.72258],[24.01937,50.72298],[24.01669,50.72296],[24.01643,50.72319],[24.01653,50.72349],[24.01859,50.7255],[24.01932,50.72754],[24.01933,50.72875],[24.01965,50.72955],[24.01975,50.73087],[24.0194,50.73122],[24.01875,50.73136],[24.01811,50.73104],[24.01725,50.72987],[24.01642,50.7295],[24.01592,50.72957],[24.01574,50.72983],[24.01589,50.73023],[24.01675,50.73092],[24.01888,50.73219],[24.01949,50.73276],[24.01977,50.7336],[24.01957,50.73494],[24.01972,50.73573],[24.02061,50.73775],[24.02023,50.73812],[24.0196,50.73819],[24.01874,50.7376],[24.01676,50.73676],[24.01631,50.73682],[24.01615,50.73724],[24.018,50.74012],[24.01824,50.74121],[24.01815,50.74205],[24.01844,50.74274],[24.01959,50.7436],[24.02005,50.74432],[24.02026,50.74557],[24.02078,50.74583],[24.02127,50.74579],[24.02268,50.7451],[24.02314,50.7455],[24.02289,50.74586],[24.02086,50.74669],[24.02049,50.74699],[24.02026,50.74752],[24.02021,50.74839],[24.01993,50.74866],[24.01953,50.74869],[24.01904,50.7485],[24.01885,50.7482],[24.01895,50.74727],[24.01827,50.7467],[24.01768,50.74645],[24.01677,50.74641],[24.01583,50.74662],[24.01535,50.74692],[24.01537,50.74735],[24.01737,50.75082],[24.01794,50.75124],[24.01838,50.7512],[24.01887,50.75092],[24.01945,50.75011],[24.02011,50.74969],[24.02082,50.74956],[24.02232,50.74961],[24.02304,50.74991],[24.02365,50.75049],[24.02366,50.75086],[24.02332,50.75123],[24.02223,50.75162],[24.01725,50.75197],[24.01681,50.75237],[24.01754,50.7538],[24.01751,50.75432],[24.0172,50.75455],[24.01665,50.75458],[24.01589,50.75394],[24.01516,50.75366],[24.01325,50.75347],[24.01179,50.75378],[24.01115,50.75448],[24.01163,50.75513],[24.01559,50.75573],[24.01739,50.75637],[24.01779,50.75673],[24.01779,50.75704],[24.0171,50.75735],[24.01618,50.75724],[24.01465,50.7566],[24.01384,50.75654],[24.01305,50.7567],[24.01239,50.75705],[24.0122,50.75769],[24.0127,50.75813],[24.01522,50.7595],[24.01621,50.76023],[24.01628,50.76077],[24.01593,50.76118],[24.01424,50.76148],[24.01383,50.76175],[24.01406,50.76211],[24.01675,50.7627],[24.01732,50.76264],[24.01798,50.76217],[24.01864,50.76199],[24.02073,50.76162],[24.02132,50.76129],[24.02138,50.76106],[24.02132,50.76085],[24.02032,50.76019],[24.02023,50.75991],[24.02052,50.75945],[24.02094,50.75915],[24.02132,50.75821],[24.02174,50.758],[24.02492,50.75876],[24.02526,50.75925],[24.0254,50.7598],[24.02371,50.76348],[24.02398,50.76557],[24.02392,50.76618],[24.02371,50.76647],[24.02336,50.76675],[24.02093,50.76701],[24.0196,50.76881],[24.01886,50.76934],[24.01715,50.77002],[24.016,50.77083],[24.01395,50.77158],[24.01134,50.7721],[24.00964,50.77204],[24.00531,50.7713],[24.00265,50.77072],[23.99882,50.76938],[23.99748,50.76919],[23.9865,50.76989],[23.98461,50.77026],[23.98253,50.77099],[23.98083,50.77121],[23.98024,50.77106],[23.98002,50.77066],[23.9803,50.77028],[23.98178,50.76943],[23.98211,50.76865],[23.98198,50.76802],[23.98112,50.76789],[23.97816,50.76843],[23.97712,50.76903],[23.97684,50.76946],[23.97717,50.77022],[23.97864,50.7717],[23.97886,50.77228],[23.97876,50.77296],[23.97847,50.77333],[23.97756,50.77379],[23.97483,50.77367],[23.97382,50.77381],[23.9728,50.77408],[23.9719,50.77455],[23.97169,50.77489],[23.97174,50.77525],[23.97238,50.77578],[23.97255,50.77627],[23.9724,50.77669],[23.97208,50.77699],[23.97151,50.77708],[23.97104,50.77693],[23.97078,50.77659],[23.97038,50.77513],[23.97,50.77489],[23.96882,50.77497],[23.96844,50.77532],[23.96825,50.77575],[23.96832,50.77628],[23.96977,50.7774],[23.97048,50.77837],[23.97038,50.7787],[23.96945,50.77876],[23.96789,50.77816],[23.96702,50.77799],[23.96614,50.77805],[23.96565,50.77853],[23.96537,50.77965],[23.96513,50.77999],[23.96335,50.78134],[23.96324,50.78157],[23.96336,50.78183],[23.96375,50.78203],[23.96509,50.78199],[23.96567,50.7822],[23.96667,50.78433],[23.96809,50.78519],[23.96837,50.78547],[23.96826,50.78576],[23.96736,50.78628],[23.96703,50.78668],[23.96699,50.78737],[23.96625,50.78847],[23.96531,50.78917],[23.96533,50.7897],[23.96274,50.79069],[23.96086,50.79091],[23.9605,50.79113],[23.96016,50.79143],[23.95941,50.79278],[23.95793,50.79357],[23.9575,50.79408],[23.95745,50.79453],[23.95772,50.79511],[23.95854,50.79578],[23.96252,50.79784],[23.96346,50.79899],[23.96515,50.80173],[23.96565,50.8043],[23.96563,50.8056],[23.96694,50.80774],[23.96694,50.8084],[23.96665,50.80932],[23.96677,50.80982],[23.96701,50.81023],[23.96881,50.81144],[23.9689,50.81167],[23.96866,50.81188],[23.96757,50.81209],[23.96692,50.81239],[23.96576,50.81337],[23.96528,50.81355],[23.96389,50.81348],[23.96345,50.8137],[23.96352,50.81438],[23.96449,50.81475],[23.96613,50.81578],[23.9678,50.81636],[23.97021,50.81586],[23.97047,50.81598],[23.97066,50.81641],[23.97036,50.81686],[23.96908,50.81737],[23.96871,50.81766],[23.96818,50.81845],[23.96801,50.81875],[23.96809,50.81912],[23.96841,50.81939],[23.97128,50.81908],[23.97189,50.81881],[23.97362,50.81704],[23.97407,50.81693],[23.9745,50.81709],[23.97461,50.81744],[23.97451,50.81789],[23.97358,50.81935],[23.97318,50.81975],[23.97269,50.81992],[23.9725,50.82053],[23.97463,50.82179],[23.97522,50.82238],[23.97538,50.82273],[23.97536,50.82339],[23.97496,50.82419],[23.97492,50.82495],[23.97544,50.826],[23.97648,50.82697],[23.97744,50.82708],[23.97846,50.82503],[23.97889,50.82457],[23.97967,50.8243],[23.97989,50.82442],[23.98016,50.82499],[23.98049,50.82687],[23.98028,50.82761],[23.98037,50.8279],[23.98067,50.82807],[23.98108,50.82801],[23.98152,50.82765],[23.98212,50.82676],[23.98325,50.82657],[23.98358,50.82685],[23.98373,50.82727],[23.98361,50.82773],[23.98298,50.82831],[23.9813,50.82903],[23.98099,50.82931],[23.98097,50.82985],[23.98205,50.83091],[23.98243,50.83227],[23.98298,50.83281],[23.9839,50.83312],[23.98505,50.83321],[23.98533,50.83338],[23.98544,50.83366],[23.98498,50.83431],[23.98512,50.83465],[23.98745,50.83588],[23.98962,50.83744],[23.99012,50.83754],[23.99216,50.83723],[23.993,50.83738],[23.99532,50.83892],[23.9967,50.83948],[24.00113,50.84032],[24.00694,50.84119],[24.00808,50.84095],[24.00832,50.84068],[24.0082,50.83983],[24.00878,50.839],[24.00926,50.83884],[24.01365,50.83932],[24.01475,50.83929],[24.01832,50.83865],[24.01929,50.83872],[24.02002,50.83899],[24.01976,50.83945],[24.01922,50.83977],[24.01893,50.8405],[24.01892,50.84102],[24.01921,50.84135],[24.02013,50.84167],[24.02396,50.84092],[24.02454,50.84063],[24.0252,50.84019],[24.02617,50.8385],[24.02654,50.83818],[24.02697,50.83808],[24.02751,50.8382],[24.02757,50.83867],[24.02679,50.84031],[24.02656,50.84098],[24.02668,50.84125],[24.02794,50.84154],[24.02991,50.84114],[24.03044,50.84083],[24.0306,50.84059],[24.0306,50.84013],[24.03051,50.83991],[24.02909,50.83942],[24.02864,50.83884],[24.02876,50.83842],[24.03024,50.83738],[24.03152,50.83614],[24.03244,50.83577],[24.03327,50.83592],[24.03415,50.83669],[24.03415,50.83726],[24.03477,50.83831],[24.03475,50.83871],[24.03427,50.8393],[24.03449,50.83955],[24.03593,50.83932],[24.04024,50.83955],[24.04192,50.83915],[24.04539,50.83878],[24.04738,50.83808],[24.0475,50.83773],[24.04721,50.83753],[24.04098,50.83716],[24.04041,50.83693],[24.0399,50.83649],[24.03994,50.83574],[24.04149,50.83451],[24.04285,50.83368],[24.04367,50.83348],[24.0451,50.83354],[24.04627,50.83476],[24.04759,50.83575],[24.05085,50.83593],[24.0526,50.83623],[24.05355,50.83611],[24.05392,50.83587],[24.05464,50.83467],[24.05512,50.83435],[24.05594,50.83422],[24.05708,50.83461],[24.05839,50.83532],[24.06089,50.83542],[24.06203,50.83508],[24.06306,50.83423],[24.06359,50.83409],[24.06407,50.83429],[24.06389,50.83585],[24.06411,50.83615],[24.06465,50.83625],[24.06512,50.83616],[24.06746,50.8349],[24.07304,50.83405],[24.07462,50.83402],[24.0757,50.83416],[24.07603,50.83436],[24.07628,50.83521],[24.07699,50.83548],[24.07768,50.83534],[24.07866,50.83445],[24.07954,50.83425],[24.08066,50.83428],[24.08173,50.83473],[24.08193,50.83501],[24.08034,50.83641],[24.08055,50.83668],[24.08312,50.83637],[24.0854,50.83541],[24.08891,50.83574],[24.09432,50.83576],[24.09487,50.83593],[24.09524,50.83633],[24.09689,50.83645],[24.10016,50.83595],[24.1007,50.83613],[24.10076,50.83658],[24.10035,50.8378],[24.10061,50.83817],[24.10365,50.83821],[24.10723,50.83869],[24.10806,50.8392],[24.10831,50.83996],[24.10887,50.84031],[24.11497,50.84136],[24.11568,50.84166],[24.11631,50.84208],[24.11721,50.84425],[24.1177,50.84469],[24.12112,50.84457],[24.12395,50.84505],[24.12424,50.84525],[24.12444,50.84568],[24.12406,50.84674],[24.12437,50.84724],[24.12952,50.84793],[24.13135,50.8485],[24.13206,50.849],[24.13282,50.84983],[24.13342,50.85127],[24.13461,50.85246],[24.1423,50.85733],[24.14328,50.85821],[24.14342,50.85868],[24.14287,50.86001],[24.14286,50.86041],[24.14309,50.86088],[24.14464,50.86263],[24.14511,50.86374],[24.14554,50.86559],[24.14524,50.86682],[24.14578,50.86861],[24.1456,50.86931],[24.14504,50.86964],[24.14337,50.86935],[24.14183,50.86883],[24.14118,50.86884],[24.13925,50.86932],[24.1388,50.86925],[24.13845,50.86915],[24.13816,50.86876],[24.13787,50.86722],[24.13719,50.86682],[24.13614,50.86671],[24.13493,50.86699],[24.13415,50.86768],[24.13296,50.8682],[24.13011,50.8678],[24.12746,50.86794],[24.12585,50.86833],[24.12524,50.86871],[24.1248,50.87],[24.12411,50.87045],[24.12321,50.87154],[24.1224,50.87185],[24.12166,50.87165],[24.12064,50.87065],[24.11934,50.87008],[24.11796,50.86983],[24.11641,50.8699],[24.11572,50.87033],[24.11578,50.87065],[24.11634,50.87119],[24.11651,50.8716],[24.11581,50.87299],[24.11521,50.87357],[24.11373,50.87438],[24.11264,50.87566],[24.11207,50.87579],[24.11056,50.87519],[24.10964,50.87514],[24.10587,50.87615],[24.1042,50.87634],[24.1014,50.87622],[24.09953,50.87676],[24.09881,50.87724],[24.09623,50.88],[24.09572,50.88141],[24.09501,50.88223],[24.09448,50.88257],[24.0925,50.88305],[24.09072,50.88406],[24.08937,50.88533],[24.08864,50.88667],[24.08775,50.88783],[24.0865,50.88907],[24.08613,50.88918],[24.08546,50.88909],[24.08497,50.88885],[24.08471,50.88853],[24.08463,50.88786],[24.08445,50.88769],[24.08396,50.88738],[24.0828,50.88703],[24.08172,50.88726],[24.08101,50.88781],[24.08067,50.88911],[24.08007,50.8896],[24.07271,50.89108],[24.07037,50.89125],[24.06749,50.89123],[24.06364,50.8922],[24.06033,50.89237],[24.05833,50.89216],[24.057,50.89142],[24.05651,50.8909],[24.05544,50.89064],[24.0543,50.89081],[24.05235,50.89141],[24.05167,50.89178],[24.0508,50.89263],[24.04993,50.89406],[24.04998,50.89489],[24.05081,50.89607],[24.05142,50.8966],[24.05131,50.89704],[24.05037,50.89825],[24.04882,50.89907],[24.04783,50.90033],[24.0472,50.90081],[24.04603,50.90142],[24.04143,50.90263],[24.0394,50.90349],[24.03525,50.90693],[24.03478,50.90842],[24.03412,50.90925],[24.0271,50.91359],[24.02517,50.91556],[24.02415,50.91623],[24.02287,50.91677],[24.02203,50.91679],[24.02112,50.9164],[24.02013,50.91647],[24.01704,50.91835],[24.01102,50.91981],[24.00963,50.92077],[24.00934,50.9215],[24.00822,50.92281],[24.00702,50.92468],[24.00612,50.92535],[24.00493,50.92592],[24.0031,50.92618],[24.0001,50.92724],[23.99838,50.92766],[23.99734,50.92832],[23.99609,50.92993],[23.99554,50.9309],[23.99526,50.93249],[23.9958,50.93401],[23.99443,50.9357],[23.99391,50.93742],[23.99153,50.94054],[23.99118,50.94121],[23.99083,50.94301],[23.98936,50.9439],[23.98842,50.94477],[23.98704,50.94538],[23.982,50.94627],[23.98087,50.94707],[23.98021,50.94844],[23.97974,50.94876],[23.97908,50.94883],[23.97824,50.9485],[23.97804,50.94779],[23.97825,50.94718],[23.97797,50.94649],[23.97697,50.94604],[23.97595,50.94617],[23.97479,50.94766],[23.97474,50.949],[23.97456,50.94943],[23.97407,50.9497],[23.97137,50.94982],[23.97038,50.9503],[23.96954,50.95165],[23.96928,50.95253],[23.96901,50.95479],[23.96846,50.95567],[23.96815,50.95654],[23.96827,50.95776],[23.96883,50.9583],[23.97049,50.95907],[23.97069,50.95932],[23.97057,50.95974],[23.97017,50.96022],[23.96924,50.96314],[23.96764,50.9663],[23.9674,50.96752],[23.96701,50.97233],[23.9673,50.97543],[23.96702,50.97833],[23.9667,50.97909],[23.96623,50.97954],[23.96462,50.9805],[23.96227,50.9835],[23.96053,50.9852],[23.95963,50.98635],[23.95852,50.98857],[23.95675,50.99076],[23.95425,50.99289],[23.95111,50.99502],[23.95056,50.99523],[23.94879,50.99473],[23.94771,50.99483],[23.9468,50.99581],[23.94254,50.99909],[23.93978,51.00207],[23.93861,51.00296],[23.93699,51.00337],[23.93463,51.00358],[23.93029,51.00577],[23.9293,51.00608],[23.92797,51.00606],[23.9249,51.0054],[23.92299,51.00548],[23.91654,51.0061],[23.91568,51.00642],[23.91508,51.00705],[23.91503,51.00734],[23.91546,51.00777],[23.91852,51.00938],[23.91844,51.00969],[23.9182,51.00982],[23.91608,51.00973],[23.91504,51.00995],[23.91476,51.01019],[23.91459,51.01069],[23.91463,51.01126],[23.91495,51.01184],[23.91565,51.01237],[23.91671,51.01238],[23.91868,51.01196],[23.91905,51.01176],[23.91996,51.0105],[23.92078,51.00998],[23.92167,51.00963],[23.92226,51.00965],[23.92293,51.00992],[23.92295,51.01028],[23.92196,51.01201],[23.9219,51.0124],[23.92204,51.0128],[23.92252,51.01306],[23.92395,51.01248],[23.92473,51.01235],[23.9256,51.01255],[23.92589,51.01283],[23.92568,51.01466],[23.92588,51.01491],[23.92675,51.0149],[23.92837,51.01381],[23.93178,51.01449],[23.93291,51.01444],[23.93349,51.01392],[23.93411,51.01292],[23.9346,51.0129],[23.93493,51.01309],[23.93547,51.01384],[23.93566,51.0147],[23.93536,51.01531],[23.93323,51.01633],[23.93205,51.01685],[23.93007,51.01728],[23.9287,51.0172],[23.92492,51.01633],[23.92376,51.01629],[23.92333,51.01644],[23.92307,51.01664],[23.92309,51.01694],[23.92348,51.01737],[23.92365,51.01784],[23.92364,51.01887],[23.92434,51.01906],[23.92545,51.0187],[23.92599,51.01864],[23.92654,51.0188],[23.92707,51.01914],[23.92735,51.0196],[23.92729,51.02002],[23.92645,51.02086],[23.92447,51.02138],[23.92221,51.02259],[23.92148,51.02321],[23.92065,51.02426],[23.92012,51.02464],[23.91825,51.02543],[23.91822,51.02563],[23.91865,51.02593],[23.92107,51.02645],[23.92137,51.02681],[23.92121,51.02701],[23.91934,51.02741],[23.91651,51.02774],[23.91608,51.02797],[23.9159,51.0284],[23.91597,51.02901],[23.91674,51.03037],[23.91737,51.03077],[23.91932,51.03084],[23.91984,51.03098],[23.92085,51.03182],[23.92337,51.0346],[23.9267,51.03534],[23.93133,51.03782],[23.93152,51.03808],[23.93135,51.03839],[23.93085,51.03848],[23.9273,51.03852],[23.92406,51.03729],[23.92136,51.03664],[23.92072,51.03694],[23.92066,51.03728],[23.92151,51.03848],[23.92151,51.039],[23.91807,51.03913],[23.91598,51.03968],[23.914,51.04068],[23.91302,51.04176],[23.91302,51.04237],[23.91385,51.04305],[23.91447,51.04331],[23.91715,51.0437],[23.91809,51.04413],[23.91938,51.04543],[23.91981,51.04609],[23.91993,51.04659],[23.91991,51.04697],[23.91924,51.04728],[23.91626,51.04668],[23.91408,51.04666],[23.9137,51.04681],[23.91406,51.04743],[23.91588,51.04842],[23.91603,51.04876],[23.91502,51.04982],[23.91492,51.05027],[23.91513,51.05145],[23.91502,51.05176],[23.91427,51.05236],[23.91418,51.05288],[23.91446,51.05487],[23.91432,51.05587],[23.91298,51.05826],[23.91353,51.05972],[23.9129,51.06325],[23.91277,51.06361],[23.91216,51.06405],[23.9117,51.06411],[23.90953,51.0637],[23.9092,51.06377],[23.90877,51.06421],[23.90882,51.06602],[23.90897,51.06665],[23.91012,51.06797],[23.91169,51.0689],[23.91221,51.06938],[23.91254,51.06998],[23.91256,51.07044],[23.91236,51.07064],[23.91037,51.07187],[23.91017,51.07215],[23.91012,51.07241],[23.9112,51.07371],[23.91138,51.0742],[23.91109,51.0746],[23.909,51.07537],[23.90866,51.07562],[23.90856,51.07598],[23.9087,51.07709],[23.90843,51.07757],[23.90741,51.07808],[23.90569,51.07843],[23.90522,51.07837],[23.9047,51.07783],[23.9039,51.07448],[23.90364,51.07415],[23.9033,51.07401],[23.90093,51.07438],[23.8982,51.0741],[23.89773,51.07445],[23.89697,51.07632],[23.89626,51.07675],[23.8957,51.07653],[23.89502,51.07566],[23.89464,51.07543],[23.89317,51.07469],[23.89235,51.07449],[23.89183,51.07476],[23.8911,51.07709],[23.88997,51.07908],[23.88903,51.07923],[23.88733,51.07862],[23.88643,51.07882],[23.88612,51.07927],[23.88604,51.07974],[23.88594,51.08171],[23.88572,51.08194],[23.88501,51.08218],[23.88028,51.08097],[23.87932,51.08046],[23.87901,51.08008],[23.87892,51.07952],[23.87982,51.07794],[23.87957,51.07745],[23.87733,51.07699],[23.87593,51.07707],[23.87568,51.07736],[23.87652,51.0784],[23.87653,51.07898],[23.87301,51.08224],[23.873,51.08258],[23.87329,51.08317],[23.87322,51.084],[23.87292,51.08451],[23.87192,51.08552],[23.87172,51.08603],[23.87183,51.08745],[23.87059,51.09045],[23.8708,51.09204],[23.87181,51.09379],[23.87171,51.09453],[23.87142,51.09488],[23.87062,51.0952],[23.86953,51.09505],[23.8692,51.0948],[23.86919,51.09389],[23.86903,51.09362],[23.86785,51.09344],[23.86726,51.09379],[23.86704,51.09462],[23.86691,51.09705],[23.86758,51.09801],[23.86744,51.09834],[23.86592,51.09862],[23.86475,51.09926],[23.86426,51.0993],[23.86391,51.09918],[23.86362,51.09877],[23.86349,51.09786],[23.86304,51.09738],[23.86203,51.09692],[23.86146,51.09686],[23.86017,51.09737],[23.85719,51.09953],[23.85686,51.09995],[23.85696,51.10053],[23.8579,51.10114],[23.86069,51.10166],[23.86125,51.10242],[23.8622,51.10326],[23.86191,51.10353],[23.86097,51.10368],[23.86037,51.10405],[23.85976,51.10556],[23.8588,51.10649],[23.85768,51.10699],[23.85763,51.10726],[23.8578,51.10746],[23.85836,51.10753],[23.85966,51.10705],[23.86105,51.10693],[23.86221,51.10734],[23.86257,51.10795],[23.86243,51.10831],[23.86204,51.10846],[23.85996,51.10825],[23.85881,51.10848],[23.85757,51.10924],[23.8571,51.1099],[23.85695,51.1105],[23.85719,51.11103],[23.85805,51.11175],[23.8587,51.11202],[23.86184,51.11242],[23.86221,51.11254],[23.8623,51.11284],[23.8619,51.11312],[23.86094,51.11335],[23.85842,51.11348],[23.85709,51.11401],[23.85531,51.11431],[23.85504,51.11476],[23.85546,51.11567],[23.85569,51.1167],[23.8564,51.11732],[23.85722,51.11778],[23.85729,51.11817],[23.85599,51.11864],[23.85535,51.11862],[23.85364,51.11806],[23.85282,51.11796],[23.85206,51.11823],[23.85183,51.11848],[23.85185,51.11913],[23.85301,51.12063],[23.85297,51.12089],[23.85237,51.12147],[23.85312,51.12199],[23.85314,51.12226],[23.85281,51.12259],[23.85028,51.1233],[23.84973,51.1237],[23.84961,51.12397],[23.85035,51.1249],[23.85269,51.12555],[23.85355,51.12637],[23.8534,51.12677],[23.8525,51.1275],[23.85235,51.12792],[23.85324,51.12994],[23.85381,51.13057],[23.85421,51.13079],[23.85512,51.13076],[23.85554,51.13018],[23.85463,51.12861],[23.85483,51.12811],[23.85528,51.12791],[23.85592,51.12798],[23.85847,51.12983],[23.85954,51.13087],[23.86029,51.1312],[23.86086,51.13123],[23.86139,51.13106],[23.86164,51.13081],[23.86166,51.13038],[23.86078,51.12849],[23.86078,51.128],[23.86109,51.12767],[23.86164,51.12756],[23.86247,51.12762],[23.86573,51.12899],[23.86886,51.1292],[23.86941,51.12942],[23.86984,51.12989],[23.86969,51.1303],[23.86868,51.13096],[23.86886,51.13142],[23.86975,51.13209],[23.87006,51.13347],[23.86971,51.13412],[23.86891,51.13496],[23.86868,51.13561],[23.86906,51.1368],[23.8694,51.13873],[23.87029,51.13986],[23.87028,51.14039],[23.87003,51.14078],[23.86958,51.14107],[23.86846,51.14141],[23.86788,51.14203],[23.86803,51.14237],[23.87068,51.14381],[23.87141,51.14469],[23.87138,51.14508],[23.87044,51.14582],[23.86894,51.14636],[23.86651,51.14652],[23.86567,51.14707],[23.86542,51.14755],[23.86558,51.148],[23.86601,51.14829],[23.86854,51.14907],[23.86909,51.1496],[23.86931,51.15005],[23.86927,51.15031],[23.8689,51.15061],[23.86675,51.15024],[23.86508,51.15044],[23.86369,51.15084],[23.8624,51.15159],[23.86197,51.15201],[23.8618,51.15242],[23.86188,51.15278],[23.86301,51.15399],[23.86324,51.155],[23.86177,51.15722],[23.86145,51.1575],[23.86051,51.15785],[23.8579,51.15806],[23.85711,51.15788],[23.85437,51.15666],[23.85343,51.15595],[23.85175,51.15514],[23.85107,51.15504],[23.84995,51.15521],[23.84901,51.15616],[23.849,51.15724],[23.84924,51.15797],[23.85119,51.15907],[23.85135,51.15955],[23.85105,51.15999],[23.85058,51.16038],[23.84924,51.16078],[23.84324,51.16045],[23.84198,51.16068],[23.84186,51.16104],[23.84213,51.16127],[23.8441,51.16222],[23.84436,51.16253],[23.84431,51.16289],[23.84382,51.16362],[23.843,51.1643],[23.84211,51.16444],[23.84144,51.1642],[23.8412,51.16387],[23.84075,51.16136],[23.84046,51.16102],[23.83816,51.15944],[23.83742,51.15955],[23.8368,51.16001],[23.8364,51.16055],[23.83608,51.1614],[23.83624,51.16322],[23.83564,51.16365],[23.83472,51.16352],[23.83429,51.16311],[23.83402,51.16176],[23.83316,51.16134],[23.83224,51.16143],[23.83048,51.16217],[23.82921,51.16215],[23.82849,51.16161],[23.82839,51.16136],[23.82921,51.16037],[23.82894,51.16005],[23.82812,51.16001],[23.82767,51.16018],[23.82732,51.16064],[23.82714,51.16118],[23.82734,51.16258],[23.82702,51.16297],[23.82625,51.16295],[23.825,51.1618],[23.82423,51.16175],[23.82271,51.16281],[23.8221,51.16351],[23.82158,51.16462],[23.82154,51.1664],[23.82174,51.1668],[23.82218,51.16714],[23.82272,51.16727],[23.82335,51.16715],[23.82431,51.1666],[23.82459,51.16625],[23.82553,51.16611],[23.82601,51.1663],[23.82654,51.16698],[23.82626,51.16729],[23.82357,51.16873],[23.82283,51.16896],[23.82099,51.16916],[23.81951,51.16896],[23.81845,51.16905],[23.81492,51.17025],[23.81422,51.17071],[23.81359,51.17138],[23.8133,51.17222],[23.81344,51.17404],[23.81229,51.17489],[23.81211,51.17525],[23.81214,51.17568],[23.81268,51.17649],[23.81331,51.17689],[23.81403,51.17788],[23.81427,51.17853],[23.8142,51.17901],[23.8139,51.17943],[23.81209,51.18056],[23.81086,51.1823],[23.8082,51.18502],[23.80713,51.18557],[23.80661,51.18564],[23.80264,51.18508],[23.80177,51.18516],[23.7999,51.18577],[23.79889,51.1866],[23.79845,51.18728],[23.79718,51.1877],[23.79437,51.18812],[23.79215,51.18823],[23.78664,51.18912],[23.7848,51.18969],[23.78265,51.19132],[23.78216,51.19199],[23.78231,51.19252],[23.7839,51.19343],[23.78398,51.19366],[23.78344,51.19569],[23.78299,51.19608],[23.78259,51.19619],[23.78105,51.19594],[23.78059,51.19601],[23.78031,51.19651],[23.78056,51.19706],[23.78098,51.19735],[23.78327,51.19784],[23.78341,51.19849],[23.78321,51.19867],[23.78251,51.19909],[23.77822,51.19913],[23.77725,51.19949],[23.77627,51.20029],[23.7759,51.20037],[23.77415,51.20009],[23.77159,51.20047],[23.76919,51.19989],[23.76856,51.19996],[23.76756,51.20084],[23.767,51.20203],[23.76667,51.20235],[23.76614,51.20255],[23.76319,51.2024],[23.76276,51.20251],[23.76251,51.20278],[23.7626,51.203],[23.76388,51.20383],[23.76424,51.20418],[23.76437,51.20457],[23.76424,51.20492],[23.76313,51.20557],[23.76186,51.2054],[23.76143,51.20496],[23.76126,51.20436],[23.76168,51.20318],[23.76092,51.20271],[23.76049,51.20286],[23.7602,51.20339],[23.7602,51.20451],[23.75942,51.20611],[23.75944,51.20653],[23.75999,51.20742],[23.76001,51.20769],[23.75949,51.20811],[23.75813,51.20837],[23.75678,51.20886],[23.75629,51.20918],[23.75608,51.20957],[23.7564,51.21006],[23.75787,51.21083],[23.75789,51.21135],[23.75763,51.21175],[23.7566,51.21234],[23.75534,51.21235],[23.75385,51.21131],[23.75343,51.21121],[23.75206,51.2112],[23.75026,51.21082],[23.74986,51.21096],[23.74922,51.21195],[23.74688,51.21286],[23.74649,51.21285],[23.74582,51.21237],[23.74637,51.21169],[23.7463,51.21151],[23.74601,51.21147],[23.74505,51.21186],[23.74382,51.21273],[23.74353,51.2131],[23.74329,51.2142],[23.74281,51.21469],[23.74228,51.21489],[23.74128,51.21452],[23.74098,51.21409],[23.74099,51.21366],[23.74124,51.21329],[23.74225,51.21287],[23.74243,51.2126],[23.74235,51.21215],[23.74194,51.21184],[23.74064,51.21158],[23.73955,51.21172],[23.73919,51.21197],[23.7388,51.21246],[23.73939,51.21459],[23.73931,51.21519],[23.7388,51.21571],[23.73741,51.21659],[23.73587,51.21913],[23.73594,51.21965],[23.73637,51.22015],[23.7375,51.22059],[23.74163,51.22052],[23.74275,51.22084],[23.74304,51.22133],[23.74259,51.22257],[23.74297,51.22348],[23.74297,51.22443],[23.74173,51.22569],[23.74178,51.22689],[23.74148,51.2273],[23.74088,51.22738],[23.73994,51.22721],[23.73917,51.22747],[23.73913,51.22768],[23.74025,51.22862],[23.74032,51.22886],[23.73962,51.2306],[23.73886,51.2316],[23.73777,51.23208],[23.73383,51.23262],[23.73295,51.2331],[23.73279,51.23341],[23.73318,51.23404],[23.73318,51.23429],[23.73278,51.23462],[23.7316,51.23497],[23.7282,51.23547],[23.72755,51.23569],[23.72652,51.23646],[23.72624,51.23771],[23.72639,51.23844],[23.72665,51.23864],[23.72741,51.23874],[23.73015,51.23833],[23.73081,51.23837],[23.73129,51.23866],[23.73125,51.23906],[23.73061,51.23954],[23.72994,51.23976],[23.72843,51.2395],[23.72736,51.23965],[23.72695,51.23994],[23.72603,51.24172],[23.72603,51.2425],[23.72629,51.24281],[23.72704,51.24302],[23.72741,51.2429],[23.72859,51.24163],[23.729,51.24152],[23.72971,51.24165],[23.72987,51.24192],[23.72979,51.24227],[23.72926,51.24287],[23.72912,51.24342],[23.72934,51.24393],[23.72983,51.24438],[23.72998,51.24473],[23.72989,51.24494],[23.72926,51.24508],[23.72809,51.24446],[23.72729,51.24444],[23.72679,51.24468],[23.72668,51.24526],[23.7249,51.246],[23.72415,51.24653],[23.72426,51.2468],[23.72508,51.2475],[23.7248,51.24849],[23.72509,51.24977],[23.72566,51.25049],[23.72564,51.2509],[23.72497,51.25223],[23.72499,51.25388],[23.72451,51.25472],[23.72516,51.25565],[23.72516,51.25595],[23.72356,51.25711],[23.72315,51.25792],[23.72321,51.25831],[23.72359,51.25866],[23.72428,51.25888],[23.72564,51.25906],[23.726,51.25921],[23.72611,51.25946],[23.72601,51.25979],[23.72562,51.26013],[23.7237,51.25995],[23.72335,51.26024],[23.72339,51.2605],[23.72386,51.26076],[23.7263,51.26091],[23.72658,51.26108],[23.72663,51.26135],[23.72613,51.26176],[23.72563,51.26183],[23.72297,51.26116],[23.72251,51.26136],[23.72246,51.26176],[23.72284,51.2625],[23.72271,51.26285],[23.72193,51.26321],[23.72083,51.26317],[23.71991,51.26343],[23.71987,51.26406],[23.72033,51.26452],[23.7202,51.26479],[23.71981,51.26491],[23.71908,51.26475],[23.71811,51.26409],[23.7174,51.2642],[23.71751,51.26483],[23.71835,51.26582],[23.71868,51.26652],[23.71959,51.26704],[23.71954,51.26764],[23.71929,51.26783],[23.71776,51.26807],[23.71774,51.26824],[23.7205,51.269],[23.72062,51.26924],[23.7205,51.26946],[23.71985,51.26962],[23.71793,51.26953],[23.71726,51.26973],[23.71677,51.27013],[23.71671,51.27041],[23.71693,51.2711],[23.71674,51.27141],[23.71651,51.27147],[23.71564,51.27125],[23.71524,51.27088],[23.71497,51.27044],[23.7148,51.2695],[23.71447,51.2693],[23.71376,51.26929],[23.71335,51.26957],[23.7131,51.27061],[23.71241,51.27157],[23.7112,51.27247],[23.70951,51.27335],[23.70941,51.27385],[23.70952,51.27407],[23.71102,51.27427],[23.71137,51.27446],[23.71141,51.27459],[23.71054,51.27563],[23.70928,51.27565],[23.70713,51.27461],[23.70624,51.2745],[23.70551,51.27476],[23.7052,51.27519],[23.70518,51.27561],[23.70545,51.27598],[23.70598,51.27622],[23.7078,51.27609],[23.70837,51.2762],[23.70908,51.27665],[23.70931,51.2771],[23.70931,51.2775],[23.7091,51.27784],[23.70846,51.27818],[23.70587,51.27894],[23.70528,51.27966],[23.70449,51.28142],[23.70365,51.28199],[23.70317,51.2822],[23.70216,51.28225],[23.70149,51.28204],[23.70099,51.28155],[23.70062,51.28149],[23.69977,51.28227],[23.6973,51.2832],[23.69688,51.28366],[23.69645,51.28519],[23.69552,51.2863],[23.69517,51.28708],[23.69525,51.28751],[23.69559,51.28798],[23.69684,51.28872],[23.69689,51.28894],[23.69559,51.28977],[23.69532,51.29141],[23.69501,51.29164],[23.69456,51.29167],[23.69421,51.29145],[23.69398,51.29104],[23.69404,51.29052],[23.69505,51.28912],[23.69516,51.28877],[23.69495,51.28845],[23.69388,51.28788],[23.69276,51.28677],[23.69152,51.28656],[23.68992,51.2869],[23.68846,51.28636],[23.68795,51.28644],[23.68747,51.28672],[23.68607,51.28844],[23.68555,51.28851],[23.68466,51.28829],[23.68435,51.28841],[23.68417,51.28885],[23.68434,51.2891],[23.68567,51.29036],[23.68569,51.29064],[23.68533,51.29101],[23.68476,51.29119],[23.68428,51.29116],[23.68264,51.29037],[23.68163,51.29036],[23.68118,51.29072],[23.68116,51.29168],[23.68081,51.29184],[23.6793,51.29142],[23.67877,51.29118],[23.67806,51.29051],[23.67738,51.29039],[23.67715,51.29056],[23.67713,51.29092],[23.67826,51.29209],[23.67815,51.29236],[23.67784,51.29247],[23.6774,51.29244],[23.6765,51.29194],[23.67601,51.29093],[23.67462,51.2911],[23.67329,51.2903],[23.67069,51.28997],[23.66981,51.29],[23.66894,51.29024],[23.6684,51.29067],[23.66835,51.29112],[23.66898,51.29212],[23.66877,51.29236],[23.66776,51.29238],[23.66539,51.29187],[23.66344,51.2924],[23.66246,51.29225],[23.66154,51.29172],[23.66143,51.29102],[23.66087,51.29048],[23.65913,51.29008],[23.6581,51.28948],[23.65762,51.2888],[23.65759,51.28836],[23.6579,51.28761],[23.65773,51.28736],[23.65676,51.28702],[23.65618,51.28704],[23.65546,51.28748],[23.65485,51.28851],[23.65445,51.28878],[23.65313,51.28906],[23.65081,51.28871],[23.65007,51.28767],[23.64952,51.2873],[23.64896,51.2872],[23.64841,51.28742],[23.64837,51.28809],[23.64944,51.28958],[23.64934,51.29026],[23.64858,51.29068],[23.64667,51.29129],[23.64596,51.29182],[23.64597,51.29266],[23.64635,51.2931],[23.64679,51.29331],[23.64895,51.29348],[23.65017,51.29403],[23.65008,51.29452],[23.64856,51.2955],[23.64836,51.29587],[23.64836,51.29612],[23.64886,51.297],[23.64881,51.29721],[23.64825,51.29744],[23.64748,51.29734],[23.64712,51.29748],[23.64683,51.29807],[23.64703,51.2985],[23.6478,51.29862],[23.65137,51.29859],[23.65224,51.29902],[23.6524,51.29925],[23.65234,51.29959],[23.65194,51.3003],[23.64962,51.30136],[23.64849,51.30211],[23.64676,51.3036],[23.64595,51.30404],[23.64541,51.30422],[23.64338,51.30432],[23.64302,51.30468],[23.643,51.30498],[23.64359,51.30579],[23.64364,51.30614],[23.64336,51.30642],[23.64142,51.30653],[23.64097,51.30675],[23.64077,51.30713],[23.64088,51.30838],[23.63953,51.30992],[23.63962,51.31082],[23.64001,51.31119],[23.64153,51.31145],[23.64223,51.3112],[23.64295,51.31047],[23.64342,51.31051],[23.64368,51.31071],[23.64395,51.31186],[23.64387,51.31338],[23.64364,51.31384],[23.64292,51.31441],[23.64193,51.31468],[23.64018,51.31484],[23.63988,51.31521],[23.63988,51.31657],[23.63971,51.31689],[23.63673,51.31826],[23.63599,51.31881],[23.63557,51.31936],[23.6358,51.31991],[23.63723,51.32113],[23.63699,51.32256],[23.63737,51.3233],[23.63907,51.32428],[23.64163,51.32533],[23.6422,51.32597],[23.64218,51.32639],[23.64183,51.32678],[23.64042,51.32722],[23.63769,51.32665],[23.63681,51.32671],[23.63569,51.32729],[23.63553,51.32767],[23.63577,51.32852],[23.6363,51.32933],[23.637,51.32994],[23.6392,51.33109],[23.63986,51.33198],[23.64041,51.33229],[23.64178,51.33258],[23.64219,51.33328],[23.64274,51.33363],[23.64536,51.33445],[23.64602,51.33513],[23.64646,51.33607],[23.64722,51.33664],[23.64746,51.33704],[23.64747,51.33761],[23.64682,51.33859],[23.64695,51.33929],[23.64749,51.33979],[23.64875,51.33998],[23.65043,51.33986],[23.65238,51.34022],[23.65438,51.33986],[23.6551,51.33925],[23.65566,51.3391],[23.6562,51.33912],[23.65653,51.33941],[23.65685,51.34033],[23.65772,51.34159],[23.65778,51.34197],[23.65759,51.34221],[23.65343,51.34209],[23.65069,51.34286],[23.65003,51.34317],[23.64976,51.34358],[23.64981,51.34397],[23.65013,51.34432],[23.651,51.34451],[23.65487,51.34443],[23.6554,51.34453],[23.65587,51.34483],[23.65599,51.3453],[23.65567,51.34583],[23.65392,51.34629],[23.65359,51.34655],[23.65359,51.34684],[23.65448,51.34789],[23.65473,51.34859],[23.65407,51.34982],[23.6542,51.35027],[23.65517,51.35059],[23.65782,51.35078],[23.65822,51.351],[23.65831,51.35133],[23.65808,51.35178],[23.65768,51.35203],[23.65559,51.35197],[23.65499,51.35227],[23.65487,51.35259],[23.65504,51.35323],[23.65627,51.35396],[23.65649,51.35427],[23.65643,51.35531],[23.65662,51.35657],[23.65625,51.35811],[23.65633,51.35859],[23.65669,51.35909],[23.65722,51.35948],[23.65771,51.35961],[23.65878,51.35955],[23.65942,51.35933],[23.66068,51.35819],[23.6614,51.35786],[23.66236,51.35778],[23.66318,51.35808],[23.66353,51.35866],[23.66351,51.35923],[23.66327,51.35977],[23.66286,51.36022],[23.66088,51.36133],[23.66091,51.36212],[23.6611,51.36233],[23.66199,51.36258],[23.66283,51.36251],[23.66583,51.36057],[23.66675,51.36028],[23.668,51.36026],[23.66882,51.36042],[23.66997,51.36101],[23.67009,51.36192],[23.6693,51.36244],[23.66822,51.36283],[23.66551,51.36454],[23.66513,51.36505],[23.66497,51.36564],[23.66501,51.36627],[23.66532,51.36682],[23.66678,51.36775],[23.66814,51.3678],[23.67161,51.36715],[23.67346,51.36657],[23.67455,51.3664],[23.67564,51.36647],[23.67653,51.36682],[23.67712,51.36745],[23.6773,51.36809],[23.67786,51.36878],[23.67818,51.36894],[23.67929,51.36894],[23.68181,51.36799],[23.68339,51.36773],[23.68548,51.36801],[23.68658,51.36862],[23.68676,51.36899],[23.68668,51.36935],[23.68614,51.3696],[23.68544,51.36951],[23.68528,51.36968],[23.68549,51.37054],[23.68529,51.37108],[23.68474,51.37146],[23.68313,51.37196],[23.68271,51.37242],[23.68268,51.37268],[23.68323,51.37349],[23.68336,51.37463],[23.68435,51.37609],[23.68461,51.37693],[23.6846,51.37769],[23.68437,51.37811],[23.68381,51.37848],[23.68298,51.37855],[23.68149,51.3782],[23.681,51.37787],[23.68072,51.3766],[23.68013,51.37597],[23.67906,51.37596],[23.67795,51.37703],[23.67791,51.37732],[23.67815,51.37775],[23.6806,51.38014],[23.68116,51.38142],[23.68093,51.38206],[23.68058,51.38247],[23.67895,51.38335],[23.67862,51.38383],[23.67871,51.38423],[23.67936,51.38479],[23.68032,51.38493],[23.68086,51.38483],[23.68285,51.38388],[23.68351,51.38367],[23.68437,51.38366],[23.685,51.38408],[23.68499,51.38475],[23.68452,51.38607],[23.68461,51.38669],[23.68482,51.38702],[23.68553,51.38732],[23.68826,51.38738],[23.68887,51.38756],[23.68918,51.38784],[23.68916,51.3882],[23.68859,51.38879],[23.68802,51.38905],[23.68638,51.38923],[23.68363,51.3899],[23.68066,51.39021],[23.68,51.39044],[23.67767,51.39172],[23.67707,51.39244],[23.67687,51.393],[23.6769,51.39405],[23.67731,51.39454],[23.67802,51.39503],[23.67894,51.39537],[23.68042,51.39554],[23.6813,51.39546],[23.68195,51.39522],[23.68363,51.39406],[23.68443,51.39379],[23.6859,51.39363],[23.68667,51.39383],[23.6873,51.3943],[23.6873,51.39511],[23.6869,51.39572],[23.68588,51.39635],[23.6847,51.3968],[23.68249,51.39705],[23.6818,51.3975],[23.6819,51.39811],[23.68247,51.39852],[23.68607,51.39972],[23.68804,51.39974],[23.69029,51.39862],[23.69097,51.3987],[23.69231,51.39988],[23.69499,51.40132],[23.6962,51.40254],[23.69693,51.40296],[23.69751,51.4031],[23.70094,51.40308],[23.70192,51.40319],[23.70275,51.40355],[23.70253,51.40422],[23.70196,51.40493],[23.70114,51.40541],[23.7001,51.4056],[23.69895,51.4054],[23.69745,51.40573],[23.69704,51.40596],[23.69661,51.40653],[23.69633,51.40788],[23.69662,51.40847],[23.69754,51.40906],[23.70151,51.41029],[23.70224,51.41116],[23.70216,51.4116],[23.70183,51.41191],[23.7008,51.41217],[23.69996,51.41215],[23.69804,51.41167],[23.69499,51.41215],[23.69365,51.41283],[23.6931,51.41328],[23.69278,51.41452],[23.69317,51.41508],[23.69407,51.41561],[23.69748,51.41613],[23.69902,51.41694],[23.70109,51.41776],[23.70282,51.41922],[23.70293,51.41955],[23.70239,51.42025],[23.70138,51.42081],[23.70085,51.42089],[23.69951,51.42061],[23.69802,51.41983],[23.69596,51.41912],[23.69407,51.41875],[23.68961,51.41895],[23.68873,51.41912],[23.68803,51.41968],[23.68788,51.42074],[23.68738,51.42187],[23.68621,51.42351],[23.6853,51.42558],[23.68454,51.42647],[23.68399,51.42697],[23.68246,51.42757],[23.68175,51.42775],[23.67912,51.42788],[23.67758,51.42898],[23.67699,51.42967],[23.67675,51.43055],[23.67724,51.43225],[23.67773,51.43301],[23.67852,51.43344],[23.67991,51.43352],[23.68243,51.4329],[23.68368,51.43288],[23.68496,51.43314],[23.68574,51.4338],[23.68577,51.43417],[23.6851,51.43494],[23.6817,51.43668],[23.68126,51.43739],[23.68189,51.4387],[23.68214,51.43961],[23.68251,51.44009],[23.68587,51.44229],[23.68641,51.44357],[23.68633,51.44402],[23.68586,51.44457],[23.68463,51.44523],[23.68311,51.44526],[23.68242,51.44495],[23.68042,51.44318],[23.67893,51.44209],[23.67807,51.4416],[23.67592,51.44121],[23.67514,51.4413],[23.67417,51.44168],[23.6727,51.44268],[23.67209,51.44342],[23.67145,51.44387],[23.67013,51.44431],[23.66855,51.44519],[23.66775,51.44544],[23.66452,51.44491],[23.66177,51.44415],[23.66078,51.44408],[23.6587,51.4445],[23.65531,51.44554],[23.65127,51.44552],[23.64996,51.44585],[23.64944,51.44626],[23.64924,51.44679],[23.64933,51.44755],[23.65071,51.44857],[23.65108,51.44904],[23.65106,51.44972],[23.65052,51.45008],[23.64902,51.45044],[23.64872,51.45095],[23.64911,51.45166],[23.65059,51.45242],[23.65089,51.45281],[23.65085,51.45374],[23.65062,51.45411],[23.65005,51.45451],[23.64908,51.45486],[23.64669,51.45696],[23.64628,51.45767],[23.64636,51.45847],[23.64671,51.4591],[23.64773,51.45962],[23.64836,51.45962],[23.65066,51.4589],[23.6515,51.4589],[23.65439,51.45968],[23.6587,51.4624],[23.65908,51.46303],[23.65943,51.46417],[23.66006,51.46477],[23.66504,51.46667],[23.66567,51.46753],[23.66567,51.46975],[23.66583,51.47021],[23.66683,51.47088],[23.66781,51.4713],[23.66934,51.47144],[23.67014,51.47119],[23.67161,51.47036],[23.67291,51.46999],[23.67414,51.46987],[23.67566,51.47041],[23.67631,51.471],[23.67633,51.47144],[23.67609,51.47208],[23.67507,51.4734],[23.67433,51.47383],[23.67214,51.47432],[23.67144,51.47478],[23.6712,51.47592],[23.67095,51.47639],[23.67162,51.47874],[23.6715,51.47949],[23.67027,51.48254],[23.66982,51.48303],[23.66865,51.48375],[23.66503,51.48468],[23.66391,51.48521],[23.66327,51.48579],[23.66326,51.48617],[23.66357,51.48688],[23.66343,51.48762],[23.66312,51.48812],[23.66029,51.49025],[23.65956,51.4906],[23.65901,51.49067],[23.65718,51.49045],[23.65523,51.48976],[23.65433,51.48912],[23.65406,51.48872],[23.65396,51.48751],[23.65371,51.48708],[23.65296,51.48646],[23.65178,51.48597],[23.65093,51.48577],[23.64638,51.48585],[23.64559,51.48569],[23.64412,51.48504],[23.6433,51.48489],[23.64251,51.48488],[23.64044,51.48556],[23.6391,51.48548],[23.63824,51.48559],[23.63761,51.48586],[23.63667,51.48675],[23.6365,51.48714],[23.63665,51.48841],[23.63652,51.48943],[23.63609,51.49028],[23.63408,51.49119],[23.6315,51.49102],[23.63024,51.49137],[23.62928,51.49218],[23.62841,51.49344],[23.62684,51.49468],[23.62622,51.49492],[23.62206,51.49557],[23.62013,51.49637],[23.61959,51.49696],[23.6195,51.49739],[23.61961,51.49774],[23.6201,51.49818],[23.62084,51.49847],[23.62264,51.49866],[23.62401,51.49907],[23.62456,51.49957],[23.62484,51.50016],[23.62483,51.50064],[23.6242,51.50138],[23.62361,51.50161],[23.61987,51.50166],[23.61841,51.50188],[23.61732,51.50233],[23.61647,51.50309],[23.61636,51.5041],[23.61783,51.50818],[23.61782,51.50878],[23.6172,51.51038],[23.61733,51.51094],[23.61776,51.51161],[23.61906,51.51234],[23.62037,51.51259],[23.62343,51.51251],[23.62445,51.51271],[23.62464,51.5134],[23.62457,51.5142],[23.6245,51.51444],[23.62413,51.51469],[23.62342,51.5149],[23.62288,51.51529],[23.61983,51.51919],[23.61838,51.52021],[23.61401,51.5225],[23.61351,51.52367],[23.61304,51.52654],[23.61329,51.52725],[23.61338,51.52839],[23.61302,51.5288],[23.61229,51.52893],[23.60747,51.52871],[23.60506,51.52842],[23.60266,51.52874],[23.60027,51.5303],[23.59841,51.53129],[23.59705,51.53267],[23.59675,51.53341],[23.59498,51.53518],[23.59362,51.53562],[23.59195,51.53541],[23.59072,51.53493],[23.58888,51.53363],[23.58834,51.53284],[23.58818,51.53212],[23.5881,51.53117],[23.58834,51.53028],[23.58738,51.52921],[23.58688,51.5289],[23.58628,51.5288],[23.58531,51.52882],[23.58248,51.52945],[23.58074,51.53025],[23.58002,51.53117],[23.57883,51.53191],[23.57717,51.53248],[23.57607,51.53254],[23.57235,51.532],[23.56853,51.5327],[23.56542,51.53407],[23.56468,51.53476],[23.56438,51.53556],[23.56437,51.53673],[23.56494,51.53882],[23.56495,51.54075],[23.56439,51.54144],[23.56302,51.54237],[23.56267,51.5428],[23.56247,51.54355],[23.56282,51.5444],[23.56426,51.54629],[23.56489,51.54758],[23.56552,51.55037],[23.5658,51.55076],[23.56862,51.55311],[23.57019,51.55418],[23.57283,51.55533],[23.57607,51.55613],[23.57772,51.55695],[23.5781,51.55765],[23.57681,51.55883],[23.57526,51.55983],[23.57368,51.56034],[23.57196,51.56044],[23.5702,51.56023],[23.56866,51.56109],[23.56801,51.5619],[23.56768,51.56364],[23.56891,51.56625],[23.56889,51.56757],[23.56848,51.56829],[23.56724,51.56876],[23.56523,51.56856],[23.56421,51.56905],[23.56377,51.57022],[23.56405,51.57094],[23.5675,51.57467],[23.56821,51.5762],[23.5682,51.57716],[23.56756,51.5785],[23.56575,51.58046],[23.56417,51.5814],[23.56306,51.58169],[23.56077,51.58134],[23.55945,51.58136],[23.55579,51.58198],[23.55446,51.58259],[23.55381,51.5832],[23.55335,51.58399],[23.5533,51.58483],[23.55367,51.58624],[23.5549,51.5883],[23.55495,51.58887],[23.55461,51.58929],[23.55409,51.58957],[23.55255,51.58975],[23.55125,51.59047],[23.55054,51.59122],[23.54964,51.59425],[23.54927,51.59619],[23.54922,51.59739],[23.54889,51.59809],[23.54822,51.59882],[23.54723,51.59929],[23.54439,51.59978],[23.5417,51.60066],[23.5408,51.60107],[23.54024,51.60161],[23.54016,51.60212],[23.54112,51.60338],[23.54362,51.60448],[23.54424,51.60496],[23.54453,51.60545],[23.54426,51.6062],[23.54258,51.60701],[23.54222,51.6075],[23.54214,51.60822],[23.54227,51.60895],[23.54348,51.61088],[23.54355,51.61152],[23.54336,51.61187],[23.54281,51.61213],[23.54208,51.61218],[23.5415,51.61187],[23.54051,51.61172],[23.54013,51.61188],[23.54004,51.61213],[23.54019,51.61243],[23.54417,51.61556],[23.54477,51.61632],[23.54483,51.61669],[23.54433,51.61783],[23.54447,51.61819],[23.54604,51.61977],[23.54672,51.62122],[23.54687,51.62227],[23.5466,51.62276],[23.54546,51.62325],[23.54416,51.62422],[23.54314,51.62532],[23.54275,51.62598],[23.54261,51.62701],[23.54275,51.62782],[23.54381,51.6292],[23.54404,51.63014],[23.54396,51.63099],[23.54354,51.63166],[23.5427,51.63235],[23.54212,51.63255],[23.53999,51.6327],[23.53953,51.63288],[23.53922,51.63347],[23.53922,51.63401],[23.53931,51.63439],[23.53976,51.63489],[23.5409,51.63556],[23.54197,51.63578],[23.54562,51.63599],[23.54652,51.6362],[23.54786,51.63689],[23.54832,51.63735],[23.54848,51.63796],[23.54847,51.63993],[23.54864,51.64134],[23.54829,51.64188],[23.54736,51.6425],[23.54439,51.64282],[23.54382,51.64317],[23.54349,51.6436],[23.54315,51.64504],[23.54264,51.64546],[23.54196,51.64571],[23.54075,51.64561],[23.54021,51.64529],[23.53984,51.64471],[23.5397,51.64409],[23.53926,51.64373],[23.53859,51.6436],[23.53753,51.64389],[23.53716,51.64433],[23.53702,51.6448],[23.53725,51.64532],[23.53783,51.64602],[23.53904,51.64685],[23.53983,51.64914],[23.54028,51.64955],[23.54127,51.65],[23.54317,51.65059],[23.54378,51.65108],[23.544,51.65158],[23.54397,51.65218],[23.54371,51.65252],[23.53963,51.65506],[23.53914,51.65578],[23.53908,51.65638],[23.53925,51.6569],[23.53977,51.65733],[23.54298,51.65816],[23.5435,51.65847],[23.54383,51.65892],[23.54407,51.66076],[23.54437,51.6615],[23.54567,51.6627],[23.5473,51.66349],[23.54843,51.66375],[23.54922,51.66374],[23.55059,51.66368],[23.55228,51.6632],[23.55403,51.66309],[23.55522,51.66323],[23.55755,51.66447],[23.55849,51.66577],[23.5584,51.66644],[23.55785,51.66686],[23.55598,51.66732],[23.55549,51.66792],[23.55547,51.6696],[23.55376,51.67266],[23.55229,51.67493],[23.55242,51.67633],[23.55451,51.67967],[23.55584,51.68081],[23.55596,51.68148],[23.55545,51.68212],[23.55439,51.68217],[23.55339,51.682],[23.55207,51.68212],[23.55138,51.68236],[23.54925,51.68377],[23.5488,51.68549],[23.54937,51.68628],[23.55009,51.68797],[23.55082,51.68871],[23.55362,51.69025],[23.55514,51.69134],[23.5557,51.69202],[23.55593,51.69257],[23.55592,51.69329],[23.55546,51.69418],[23.5554,51.6949],[23.55554,51.69559],[23.55605,51.6967],[23.55739,51.69757],[23.56082,51.69824],[23.56157,51.69864],[23.56188,51.69974],[23.56117,51.70027],[23.56019,51.70023],[23.55983,51.70049],[23.55938,51.70119],[23.55849,51.70171],[23.55606,51.70224],[23.54985,51.70294],[23.54894,51.70347],[23.5485,51.70417],[23.5485,51.70483],[23.54964,51.70563],[23.5507,51.70593],[23.55446,51.70594],[23.55529,51.70615],[23.55611,51.70654],[23.55648,51.70693],[23.55664,51.70762],[23.55638,51.70803],[23.55553,51.70858],[23.55514,51.70936],[23.55434,51.70996],[23.55333,51.71032],[23.55214,51.71031],[23.55105,51.71007],[23.54993,51.70939],[23.54857,51.70935],[23.54766,51.70972],[23.54718,51.71043],[23.5472,51.71097],[23.54746,51.71127],[23.54807,51.71164],[23.54944,51.71207],[23.55023,51.71263],[23.551,51.71359],[23.55264,51.71475],[23.55327,51.71563],[23.55331,51.71605],[23.55315,51.71636],[23.55272,51.71662],[23.54905,51.71809],[23.5482,51.71878],[23.54789,51.71942],[23.54792,51.72008],[23.5485,51.72115],[23.54831,51.72221],[23.54729,51.72343],[23.54725,51.7241],[23.54723,51.72508],[23.54771,51.72589],[23.5478,51.72665],[23.54711,51.72728],[23.54598,51.72756],[23.54482,51.72756],[23.54395,51.72732],[23.54331,51.72692],[23.54285,51.72628],[23.54272,51.72581],[23.5428,51.72541],[23.54389,51.72411],[23.5438,51.72359],[23.54325,51.72293],[23.54217,51.72279],[23.54128,51.72289],[23.54031,51.72336],[23.53946,51.72349],[23.53876,51.72331],[23.5383,51.72288],[23.53795,51.7222],[23.53746,51.722],[23.53685,51.72202],[23.53495,51.72264],[23.53435,51.72338],[23.53413,51.72489],[23.53441,51.7258],[23.53508,51.72672],[23.53518,51.7277],[23.53475,51.72829],[23.53414,51.72861],[23.53317,51.72866],[23.52872,51.7285],[23.52782,51.7287],[23.52732,51.72916],[23.52719,51.72968],[23.52894,51.73118],[23.53065,51.73333],[23.53178,51.73504],[23.53265,51.73711],[23.53262,51.73795],[23.53075,51.74096],[23.53039,51.74223],[23.53039,51.74266],[23.53077,51.74342],[23.53183,51.74401],[23.53359,51.74451],[23.53862,51.74488],[23.54067,51.7454],[23.54309,51.74664],[23.54568,51.74821],[23.54811,51.75019],[23.549,51.75136],[23.54914,51.75164],[23.54907,51.75316],[23.54965,51.75411],[23.55042,51.75495],[23.5567,51.75752],[23.55855,51.75885],[23.55876,51.75929],[23.55832,51.76057],[23.55836,51.76087],[23.55895,51.76158],[23.55985,51.76183],[23.56048,51.76183],[23.56178,51.76143],[23.56234,51.7611],[23.56297,51.76022],[23.56321,51.75926],[23.56351,51.75885],[23.56528,51.75749],[23.56615,51.75729],[23.56663,51.75734],[23.5676,51.75779],[23.56836,51.75782],[23.57096,51.75758],[23.5729,51.75714],[23.57469,51.75693],[23.57594,51.75696],[23.57644,51.75715],[23.57689,51.75757],[23.57686,51.75842],[23.57714,51.75879],[23.57876,51.75921],[23.58078,51.76025],[23.58141,51.76034],[23.58265,51.76026],[23.58496,51.7593],[23.58733,51.75912],[23.58796,51.75937],[23.58846,51.76002],[23.58854,51.76067],[23.5882,51.76217],[23.58832,51.7633],[23.58931,51.76412],[23.59324,51.7657],[23.59494,51.76717],[23.59541,51.76799],[23.59543,51.76845],[23.59486,51.76964],[23.59481,51.77008],[23.59499,51.77066],[23.59532,51.77114],[23.59614,51.77173],[23.59773,51.77254],[23.59994,51.77303],[23.60299,51.77336],[23.60621,51.77331],[23.60828,51.77303],[23.61133,51.77207],[23.61296,51.77207],[23.61453,51.77242],[23.61607,51.77307],[23.61675,51.7739],[23.61681,51.77482],[23.61635,51.77558],[23.61497,51.77641],[23.61496,51.77691],[23.61517,51.77739],[23.61565,51.77774],[23.61882,51.77801],[23.62294,51.77784],[23.62352,51.77799],[23.6243,51.77853],[23.62446,51.7789],[23.62444,51.77985],[23.62476,51.78022],[23.62561,51.78053],[23.62663,51.78047],[23.6276,51.78012],[23.63046,51.77956],[23.63095,51.77964],[23.63137,51.77996],[23.63136,51.78041],[23.63124,51.78313],[23.63074,51.78473],[23.63133,51.78679],[23.63106,51.78747],[23.62927,51.78846],[23.62851,51.78914],[23.62795,51.78999],[23.62806,51.79058],[23.62876,51.7915],[23.62952,51.79214],[23.63091,51.79254],[23.63205,51.79252],[23.63367,51.79198],[23.6354,51.79104],[23.6367,51.79114],[23.63759,51.79155],[23.63799,51.79201],[23.63802,51.79237],[23.6375,51.79364],[23.63624,51.79462],[23.63494,51.79489],[23.63428,51.79531],[23.63406,51.79563],[23.63421,51.79603],[23.63484,51.79638],[23.63632,51.7967],[23.63965,51.79869],[23.64135,51.80009],[23.64175,51.80088],[23.64128,51.8016],[23.6406,51.80207],[23.64012,51.80274],[23.63998,51.80336],[23.64012,51.8046],[23.63996,51.80564],[23.63874,51.80649],[23.63738,51.80833],[23.63611,51.80888],[23.63493,51.80976],[23.63293,51.81159],[23.63072,51.81435],[23.62869,51.81805],[23.62847,51.81898],[23.62652,51.81987],[23.62561,51.82003],[23.6228,51.82008],[23.62152,51.82089],[23.62143,51.82135],[23.62162,51.82199],[23.62228,51.82336],[23.62273,51.82407],[23.62411,51.82541],[23.62446,51.82613],[23.62442,51.82653],[23.62318,51.82748],[23.62213,51.8301],[23.62033,51.83146],[23.61824,51.83166],[23.61658,51.83153],[23.61285,51.8306],[23.61093,51.83044],[23.60743,51.8298],[23.60384,51.82995],[23.60288,51.83035],[23.60192,51.83125],[23.60162,51.83199],[23.6015,51.83314],[23.60209,51.83422],[23.60362,51.8351],[23.60757,51.83604],[23.60871,51.83658],[23.60905,51.83686],[23.60923,51.8373],[23.60932,51.8387],[23.6085,51.8394],[23.60788,51.83964],[23.60645,51.83984],[23.60499,51.83934],[23.60305,51.83896],[23.60249,51.83928],[23.60098,51.83955],[23.60023,51.83986],[23.60015,51.84048],[23.60071,51.84177],[23.60137,51.84211],[23.60199,51.84228],[23.60366,51.84219],[23.60461,51.8423],[23.60686,51.84288],[23.6075,51.84285],[23.60831,51.8431],[23.60927,51.84378],[23.61154,51.84492],[23.61203,51.84535],[23.61258,51.84789],[23.61242,51.84969],[23.61204,51.8511],[23.61226,51.85166],[23.6133,51.8531],[23.61416,51.85387],[23.61682,51.85509],[23.61749,51.85611],[23.61738,51.85699],[23.61659,51.85776],[23.61203,51.85952],[23.61033,51.86069],[23.60933,51.86319],[23.60913,51.86487],[23.6086,51.86688],[23.6076,51.87285],[23.60741,51.87343],[23.60656,51.87462],[23.60641,51.8751],[23.60649,51.87546],[23.60708,51.87632],[23.60935,51.8774],[23.61223,51.87827],[23.61311,51.87841],[23.61797,51.87824],[23.61966,51.87792],[23.62036,51.87756],[23.62495,51.87419],[23.62761,51.87316],[23.62874,51.87306],[23.62963,51.87316],[23.63034,51.87344],[23.63128,51.87435],[23.63166,51.87527],[23.63166,51.87584],[23.63142,51.87663],[23.63067,51.87796],[23.62895,51.87981],[23.62498,51.88162],[23.62334,51.88289],[23.6224,51.88391],[23.62223,51.88438],[23.62228,51.88486],[23.62352,51.88691],[23.62438,51.88739],[23.62842,51.88913],[23.63695,51.89181],[23.63752,51.89221],[23.63797,51.89299],[23.6381,51.89376],[23.63802,51.8945],[23.63751,51.89504],[23.63641,51.89563],[23.63456,51.89699],[23.63311,51.89866],[23.63176,51.89972],[23.6279,51.9009],[23.62179,51.90202],[23.61941,51.90289],[23.61836,51.90348],[23.61778,51.90414],[23.61751,51.90484],[23.61753,51.90537],[23.61784,51.90586],[23.61986,51.90733],[23.62025,51.90865],[23.62048,51.91028],[23.62037,51.91097],[23.61728,51.9133],[23.61557,51.91534],[23.61352,51.91612],[23.61204,51.91738],[23.61206,51.91877],[23.61225,51.91933],[23.61278,51.92001],[23.61377,51.92054],[23.61502,51.92163],[23.61634,51.92343],[23.6172,51.92414],[23.61775,51.92454],[23.61885,51.92497],[23.61986,51.9252],[23.6208,51.92508],[23.62145,51.92475],[23.62221,51.92393],[23.62337,51.92343],[23.62743,51.92222],[23.62951,51.92187],[23.63042,51.92196],[23.63104,51.92225],[23.63134,51.92406],[23.63109,51.92622],[23.63048,51.92766],[23.63045,51.92833],[23.63073,51.9295],[23.63225,51.93132],[23.63459,51.93201],[23.63576,51.93214],[23.64123,51.93174],[23.64369,51.93181],[23.64467,51.93237],[23.64514,51.93324],[23.64569,51.93379],[23.64593,51.93454],[23.64601,51.93573],[23.64571,51.9381],[23.64543,51.93883],[23.6445,51.93993],[23.64199,51.94147],[23.64046,51.94259],[23.6402,51.94295],[23.64013,51.94465],[23.64042,51.94555],[23.64143,51.94708],[23.64157,51.94769],[23.64151,51.94836],[23.64035,51.94966],[23.6395,51.95012],[23.63787,51.95022],[23.63708,51.95007],[23.63612,51.94955],[23.6321,51.94816],[23.62892,51.94753],[23.62815,51.94756],[23.62721,51.94791],[23.62665,51.94859],[23.62673,51.94993],[23.62717,51.95094],[23.6277,51.9516],[23.62903,51.95252],[23.63122,51.95324],[23.63363,51.95347],[23.6398,51.95345],[23.64148,51.95409],[23.64337,51.95546],[23.6446,51.95657],[23.64805,51.96039],[23.64941,51.96161],[23.65083,51.9634],[23.65132,51.96375],[23.65339,51.96451],[23.65485,51.96477],[23.6621,51.96394],[23.66451,51.96388],[23.66785,51.9642],[23.66959,51.96482],[23.67003,51.96524],[23.67038,51.96588],[23.67049,51.96689],[23.67037,51.96745],[23.66985,51.96842],[23.66766,51.97039],[23.66711,51.97117],[23.66662,51.97271],[23.66554,51.97464],[23.66497,51.9773],[23.66523,51.97854],[23.66567,51.97903],[23.66652,51.97961],[23.66868,51.98069],[23.67018,51.98109],[23.67433,51.98171],[23.67511,51.98198],[23.67617,51.98279],[23.67687,51.98375],[23.6777,51.98426],[23.68069,51.9851],[23.68454,51.98589],[23.68588,51.98646],[23.68689,51.98725],[23.68802,51.98911],[23.689,51.99285],[23.68893,51.99359],[23.6884,51.99433],[23.68477,51.9969],[23.68346,51.99824],[23.68345,51.99871],[23.68405,52.0002],[23.68374,52.0011],[23.68349,52.00136],[23.68264,52.00162],[23.68093,52.00141],[23.68006,52.00153],[23.67764,52.00236],[23.6762,52.0031],[23.67409,52.00514],[23.67221,52.00741],[23.67044,52.00993],[23.66823,52.01121],[23.66724,52.0121],[23.66646,52.01321],[23.66591,52.01458],[23.66564,52.0149],[23.664,52.01577],[23.65908,52.01707],[23.65755,52.01802],[23.65703,52.0188],[23.65696,52.01962],[23.65741,52.02032],[23.65808,52.02074],[23.65972,52.02131],[23.66154,52.02242],[23.66318,52.02433],[23.66323,52.02495],[23.66293,52.02642],[23.66225,52.02748],[23.66088,52.02895],[23.66048,52.02982],[23.66079,52.03113],[23.66068,52.03257],[23.66147,52.03522],[23.66233,52.03738],[23.66283,52.03925],[23.6628,52.03994],[23.66069,52.04137],[23.65853,52.04203],[23.65809,52.04245],[23.65771,52.04314],[23.65694,52.0455],[23.65563,52.04816],[23.65609,52.05007],[23.65566,52.05191],[23.65459,52.05376],[23.6539,52.05464],[23.65231,52.05565],[23.64921,52.0568],[23.64742,52.05719],[23.64361,52.05747],[23.64241,52.05778],[23.64157,52.05823],[23.64116,52.05896],[23.64128,52.05976],[23.64182,52.06038],[23.64308,52.06096],[23.64427,52.06117],[23.64841,52.06057],[23.65019,52.06016],[23.65119,52.05967],[23.65251,52.0587],[23.65366,52.05824],[23.65529,52.05826],[23.65619,52.05874],[23.65633,52.05945],[23.65527,52.06185],[23.65487,52.06232],[23.65358,52.06321],[23.65259,52.06351],[23.65173,52.06352],[23.64885,52.06285],[23.64684,52.06295],[23.64565,52.06331],[23.64502,52.0637],[23.64424,52.06452],[23.64389,52.06535],[23.644,52.06618],[23.64491,52.06685],[23.64596,52.06715],[23.64883,52.06744],[23.65017,52.06815],[23.65108,52.06929],[23.65301,52.07065],[23.6537,52.07136],[23.65388,52.07217],[23.65348,52.0734],[23.65116,52.07552],[23.64922,52.07493],[23.64803,52.07486],[23.64628,52.07631],[23.64325,52.07715],[23.64258,52.07915],[23.64037,52.08053],[23.64098,52.08277],[23.63978,52.08375],[23.63948,52.08446],[23.64024,52.08557],[23.63496,52.08653],[23.63184,52.08753],[23.6272,52.08807],[23.62248,52.08958],[23.61872,52.09125],[23.61748,52.09197],[23.61429,52.09533],[23.61254,52.09683],[23.61127,52.09839],[23.61049,52.10023],[23.61061,52.10158],[23.61149,52.10318],[23.61269,52.10403],[23.61443,52.10461],[23.61591,52.10489],[23.61945,52.10488],[23.62024,52.10518],[23.62059,52.10557],[23.62064,52.1066],[23.62013,52.10778],[23.61944,52.10842],[23.61794,52.10934],[23.6159,52.10959],[23.61516,52.10946],[23.61347,52.10853],[23.61212,52.10813],[23.61031,52.10795],[23.60899,52.10816],[23.60831,52.10846],[23.60785,52.10887],[23.60582,52.11231],[23.60415,52.11395],[23.60148,52.11561],[23.59701,52.1178],[23.59564,52.11792],[23.59384,52.11749],[23.59041,52.11714],[23.58701,52.11716],[23.58469,52.11769],[23.58232,52.11917],[23.58099,52.11981],[23.57905,52.12015],[23.57747,52.11978],[23.57695,52.11943],[23.57611,52.1184],[23.57376,52.11758],[23.5711,52.11637],[23.56954,52.11588],[23.56805,52.1157],[23.56656,52.11591],[23.56427,52.11678],[23.56315,52.11762],[23.5622,52.119],[23.56138,52.1196],[23.55989,52.11993],[23.55849,52.11973],[23.55612,52.11855],[23.55565,52.11765],[23.55578,52.1163],[23.55695,52.11212],[23.55687,52.1113],[23.55641,52.11054],[23.55544,52.10984],[23.55352,52.10927],[23.55147,52.10921],[23.5494,52.10962],[23.54788,52.11049],[23.54739,52.11109],[23.54708,52.11192],[23.54728,52.11293],[23.54837,52.11499],[23.54818,52.11589],[23.54725,52.11673],[23.54538,52.11736],[23.54438,52.11798],[23.54336,52.11891],[23.54271,52.12007],[23.5425,52.12082],[23.54258,52.12272],[23.5429,52.12322],[23.54336,52.12491],[23.54197,52.12791],[23.54126,52.12857],[23.5399,52.12912],[23.53722,52.12944],[23.53651,52.12978],[23.53586,52.13029],[23.53542,52.13096],[23.53506,52.13194],[23.53419,52.13258],[23.53311,52.13291],[23.53215,52.13295],[23.52983,52.13252],[23.52717,52.13124],[23.52633,52.13141],[23.52609,52.13178],[23.52421,52.13274],[23.52196,52.13296],[23.52101,52.13325],[23.52032,52.13449],[23.51993,52.13583],[23.51981,52.13787],[23.51906,52.13861],[23.51795,52.13916],[23.51704,52.13919],[23.51645,52.13863],[23.51574,52.13751],[23.5151,52.13731],[23.5141,52.13739],[23.51353,52.13774],[23.51361,52.13828],[23.51429,52.13903],[23.51517,52.14042],[23.51533,52.14164],[23.51499,52.14362],[23.51408,52.14612],[23.51233,52.1484],[23.51032,52.14982],[23.50816,52.15067],[23.50713,52.15089],[23.50595,52.15091],[23.5046,52.15027],[23.50172,52.14716],[23.5008,52.14696],[23.49665,52.14773],[23.49254,52.14925],[23.48934,52.15074],[23.48817,52.15157],[23.48758,52.15234],[23.48679,52.15288],[23.48639,52.1538],[23.48633,52.15472],[23.48702,52.15618],[23.48858,52.15801],[23.48934,52.15989],[23.48906,52.16108],[23.48799,52.16222],[23.48616,52.16318],[23.48555,52.16395],[23.4854,52.16503],[23.48596,52.16593],[23.48834,52.16699],[23.49011,52.16844],[23.49449,52.16952],[23.4956,52.17035],[23.49564,52.17088],[23.49521,52.17155],[23.49402,52.17212],[23.49334,52.17265],[23.49275,52.17376],[23.49253,52.17482],[23.4931,52.17541],[23.49418,52.17551],[23.49596,52.17455],[23.49813,52.17415],[23.49865,52.17383],[23.49898,52.17325],[23.49794,52.17213],[23.49761,52.17156],[23.49797,52.17093],[23.49888,52.17072],[23.50172,52.17168],[23.50517,52.17217],[23.50637,52.17259],[23.50717,52.17328],[23.50754,52.17435],[23.50675,52.17551],[23.50584,52.17632],[23.50372,52.17785],[23.50072,52.17905],[23.49806,52.17966],[23.4968,52.18015],[23.49422,52.18058],[23.48839,52.1813],[23.48557,52.18135],[23.48242,52.18068],[23.48105,52.18013],[23.48008,52.17957],[23.47831,52.17808],[23.4724,52.17473],[23.47136,52.17432],[23.46873,52.17409],[23.46702,52.17416],[23.46529,52.17465],[23.464,52.17522],[23.46272,52.17597],[23.46192,52.17682],[23.46131,52.17805],[23.46124,52.17905],[23.46155,52.18025],[23.46242,52.18186],[23.46253,52.18305],[23.46186,52.18407],[23.45986,52.18479],[23.45811,52.18479],[23.4564,52.18458],[23.45472,52.1841],[23.45011,52.18219],[23.44829,52.18214],[23.44601,52.18308],[23.44502,52.18306],[23.44145,52.17961],[23.44104,52.17885],[23.43996,52.17789],[23.43911,52.17732],[23.43447,52.1754],[23.43371,52.17491],[23.43282,52.1739],[23.43112,52.17277],[23.43011,52.17235],[23.42857,52.17209],[23.42573,52.1721],[23.42428,52.17229],[23.42221,52.17309],[23.42121,52.17418],[23.41885,52.17912],[23.41775,52.18044],[23.41528,52.18204],[23.41454,52.18235],[23.41359,52.18255],[23.41211,52.18245],[23.41029,52.18194],[23.40892,52.18103],[23.40769,52.17939],[23.40705,52.17883],[23.40641,52.17838],[23.40481,52.17772],[23.40299,52.1774],[23.40135,52.17737],[23.39993,52.17778],[23.39854,52.17843],[23.39759,52.17969],[23.39731,52.18113],[23.39743,52.18291],[23.39796,52.18411],[23.39756,52.18525],[23.39691,52.18638],[23.39705,52.18744],[23.39762,52.18836],[23.39994,52.19013],[23.40084,52.19108],[23.4013,52.19163],[23.40158,52.19262],[23.40145,52.19313],[23.40104,52.19363],[23.40011,52.19435],[23.39915,52.19469],[23.39384,52.1954],[23.39284,52.19617],[23.39275,52.19665],[23.3932,52.19729],[23.39367,52.19752],[23.39556,52.19788],[23.39695,52.19882],[23.39712,52.19944],[23.39695,52.20004],[23.3964,52.20064],[23.39547,52.20107],[23.39465,52.20122],[23.39389,52.2011],[23.39318,52.20049],[23.39263,52.20023],[23.39201,52.20019],[23.39087,52.20043],[23.3902,52.20035],[23.38954,52.20007],[23.38924,52.1996],[23.38907,52.19834],[23.38766,52.19701],[23.38634,52.19681],[23.38535,52.19629],[23.38324,52.19557],[23.38033,52.1949],[23.37678,52.19491],[23.37509,52.19521],[23.37317,52.1957],[23.37123,52.1965],[23.37017,52.19791],[23.37152,52.20071],[23.37166,52.20199],[23.37201,52.20302],[23.37198,52.20393],[23.37018,52.20604],[23.36823,52.20729],[23.36543,52.20847],[23.36354,52.20845],[23.36176,52.20822],[23.36049,52.20775],[23.35984,52.20684],[23.35851,52.20608],[23.35548,52.20484],[23.35406,52.20445],[23.35307,52.20436],[23.35242,52.20455],[23.35195,52.20506],[23.35169,52.2057],[23.35203,52.2065],[23.35438,52.20822],[23.35479,52.20915],[23.3545,52.20971],[23.3537,52.21031],[23.35255,52.21067],[23.3491,52.21076],[23.34473,52.20994],[23.34308,52.20904],[23.34079,52.20721],[23.33935,52.20634],[23.33739,52.20596],[23.3349,52.20634],[23.33371,52.20677],[23.33257,52.20731],[23.33055,52.20893],[23.3294,52.2096],[23.32712,52.21055],[23.32638,52.2107],[23.32476,52.2106],[23.32123,52.20965],[23.31679,52.20801],[23.31473,52.208],[23.31175,52.20834],[23.30928,52.20883],[23.3057,52.21044],[23.30486,52.21113],[23.30193,52.21188],[23.2984,52.21227],[23.29799,52.21256],[23.29806,52.21306],[23.29967,52.21396],[23.30309,52.2145],[23.30516,52.21499],[23.30581,52.21531],[23.30657,52.21612],[23.30705,52.21759],[23.30773,52.21838],[23.30774,52.21909],[23.30734,52.22033],[23.30617,52.22119],[23.30544,52.22146],[23.30033,52.22153],[23.29482,52.22105],[23.28549,52.21855],[23.27338,52.21493],[23.26751,52.21486],[23.2599,52.21585],[23.25871,52.21627],[23.25708,52.21725],[23.2551,52.21817],[23.24981,52.21915],[23.24488,52.21952],[23.2401,52.21952],[23.23624,52.22019],[23.2322,52.22144],[23.22965,52.22189],[23.22815,52.22241],[23.22458,52.22403],[23.21901,52.22516],[23.20732,52.22575],[23.20367,52.22655],[23.20305,52.22686],[23.20167,52.2281],[23.20095,52.22848],[23.20046,52.22903],[23.19898,52.23183],[23.19896,52.23234],[23.19872,52.23282],[23.19829,52.23321],[23.19689,52.23599],[23.19554,52.23741],[23.19434,52.239],[23.19411,52.23954],[23.19428,52.24069],[23.19452,52.24123],[23.19525,52.24229],[23.1963,52.24471],[23.1979,52.2472],[23.20159,52.24978],[23.20319,52.25196],[23.20458,52.25523],[23.2053,52.25616],[23.20563,52.25723],[23.20531,52.25841],[23.20254,52.26176],[23.20077,52.26445],[23.20007,52.26614],[23.19973,52.26783],[23.19982,52.26985],[23.20071,52.27107],[23.20373,52.27306],[23.20419,52.27356],[23.20452,52.27497],[23.20443,52.27567],[23.20406,52.2765],[23.20274,52.27755],[23.19779,52.27915],[23.19148,52.28046],[23.18565,52.28235],[23.18282,52.2831],[23.18034,52.28349],[23.17869,52.28356],[23.1946,52.30381],[23.21558,52.32966],[23.24129,52.35742],[23.24864,52.36416],[23.27797,52.39283],[23.29988,52.40381],[23.31025,52.41398],[23.31224,52.42502],[23.35195,52.46402],[23.35669,52.46895],[23.40815,52.51152],[23.43579,52.53002],[23.45788,52.54037],[23.46663,52.54945],[23.50412,52.56617],[23.54017,52.58024],[23.58769,52.59411],[23.60456,52.59779],[23.64141,52.60746],[23.65052,52.60824],[23.69386,52.61253],[23.70266,52.61356],[23.71008,52.61382],[23.71885,52.61466],[23.71904,52.6145],[23.72088,52.61407],[23.7213,52.61371],[23.72203,52.61368],[23.7221,52.61313],[23.72266,52.61281],[23.72379,52.61266],[23.72456,52.61231],[23.72609,52.61196],[23.72631,52.61147],[23.72757,52.61063],[23.72792,52.61004],[23.72985,52.60938],[23.73038,52.60871],[23.73175,52.60845],[23.73254,52.60901],[23.73326,52.60885],[23.73344,52.60851],[23.7334,52.60803],[23.73393,52.60767],[23.73404,52.60671],[23.73474,52.60692],[23.73515,52.60787],[23.73553,52.6082],[23.7357,52.6088],[23.73653,52.60931],[23.73731,52.60937],[23.73767,52.60957],[23.73767,52.61007],[23.73697,52.61021],[23.73694,52.61043],[23.73729,52.61065],[23.73812,52.6107],[23.73843,52.61102],[23.73827,52.61136],[23.73888,52.61147],[23.73928,52.61194],[23.73966,52.61177],[23.73989,52.6121],[23.74034,52.61199],[23.74137,52.61217],[23.74196,52.61201],[23.74237,52.61218],[23.74262,52.61208],[23.74252,52.61194],[23.74313,52.61176],[23.74362,52.61195],[23.74378,52.61175],[23.74448,52.61197],[23.74505,52.61178],[23.7454,52.61193],[23.74584,52.61248],[23.74667,52.61303],[23.74714,52.61283],[23.74815,52.61305],[23.7485,52.61275],[23.74914,52.61287],[23.74924,52.6133],[23.74989,52.61354],[23.74971,52.614],[23.75033,52.61432],[23.75089,52.614],[23.75162,52.61408],[23.75268,52.61352],[23.75303,52.61367],[23.75343,52.61361],[23.75364,52.61405],[23.75394,52.61383],[23.75489,52.61423],[23.75493,52.61438],[23.75603,52.61438],[23.75655,52.61485],[23.75715,52.61489],[23.75721,52.61501],[23.75681,52.6154],[23.75686,52.61565],[23.75722,52.61547],[23.75739,52.61563],[23.75777,52.61561],[23.75791,52.61596],[23.75853,52.61609],[23.75902,52.61588],[23.7595,52.61608],[23.7599,52.61597],[23.76023,52.61611],[23.76058,52.61598],[23.76127,52.61606],[23.76146,52.61619],[23.76138,52.61653],[23.76214,52.61697],[23.76217,52.61734],[23.76343,52.61715],[23.76364,52.61738],[23.76439,52.61766],[23.76598,52.61784],[23.76659,52.61811],[23.76663,52.61875],[23.76761,52.61908],[23.76801,52.61963],[23.76891,52.6199],[23.76917,52.61973],[23.76967,52.61984],[23.76979,52.62045],[23.77072,52.62071],[23.77063,52.62122],[23.77137,52.6213],[23.77143,52.62152],[23.77192,52.62185],[23.77177,52.62232],[23.77191,52.62253],[23.77294,52.62278],[23.77322,52.62301],[23.77418,52.62304],[23.77472,52.6228],[23.77476,52.62252],[23.77534,52.62275],[23.77622,52.62253],[23.7765,52.62319],[23.78096,52.62723],[23.83551,52.65604],[23.87941,52.6797],[23.89255,52.6797],[23.90008,52.69117],[23.93864,52.71292],[23.93903,52.77613],[23.9392,52.78039],[23.93913,52.78234],[23.9393,52.78449],[23.9396,52.81319],[23.92461,52.83068],[23.92492,52.84211],[23.92463,52.84697],[23.92366,52.85492],[23.92442,52.87701],[23.92578,52.89884],[23.92531,52.89928],[23.92582,52.89957],[23.92532,52.89965],[23.92471,52.9002],[23.92403,52.90028],[23.92365,52.90062],[23.92328,52.90067],[23.92313,52.90092],[23.92321,52.9012],[23.92262,52.90132],[23.92297,52.90168],[23.92252,52.9019],[23.92246,52.90237],[23.92191,52.90263],[23.92126,52.9026],[23.92084,52.90276],[23.92094,52.90295],[23.92071,52.9032],[23.9208,52.90353],[23.9201,52.90389],[23.91981,52.90422],[23.91979,52.90451],[23.9185,52.90465],[23.91803,52.90485],[23.91624,52.90481],[23.91646,52.93884],[23.94628,52.95873],[23.9311,52.97623],[23.92937,52.98254],[23.93334,52.98843],[23.93212,52.995],[23.92538,53.02463],[23.92459,53.02443],[23.92432,53.0242],[23.92384,53.02427],[23.92332,53.02491],[23.92291,53.02473],[23.9225,53.0248],[23.92214,53.02509],[23.92079,53.02524],[23.92079,53.02556],[23.92034,53.02588],[23.92049,53.02644],[23.91971,53.02648],[23.91884,53.02702],[23.91765,53.02704],[23.91695,53.02775],[23.916,53.02784],[23.91548,53.02809],[23.9148,53.02805],[23.91434,53.02836],[23.9142,53.02873],[23.91257,53.02909],[23.91236,53.02947],[23.91183,53.02985],[23.91158,53.03087],[23.91124,53.03108],[23.91142,53.0315],[23.91115,53.03193],[23.91074,53.03212],[23.91,53.03282],[23.91064,53.03353],[23.91049,53.0342],[23.91132,53.03466],[23.91159,53.03511],[23.91136,53.03572],[23.91177,53.0361],[23.91225,53.03631],[23.91297,53.03619],[23.91337,53.03578],[23.9138,53.03584],[23.91437,53.03658],[23.91608,53.03749],[23.91626,53.03774],[23.91612,53.03806],[23.91664,53.03841],[23.91677,53.03904],[23.91631,53.03954],[23.91643,53.03999],[23.91578,53.04041],[23.91573,53.04094],[23.91509,53.04094],[23.91449,53.04055],[23.91401,53.04075],[23.9139,53.04122],[23.91329,53.04149],[23.91299,53.04182],[23.91127,53.04212],[23.91042,53.04202],[23.91013,53.0422],[23.91042,53.04247],[23.91132,53.04278],[23.91146,53.04308],[23.91087,53.04331],[23.91076,53.04365],[23.91131,53.04432],[23.91129,53.0446],[23.91084,53.04467],[23.91015,53.04439],[23.90959,53.04437],[23.90933,53.0446],[23.90949,53.04494],[23.9093,53.04512],[23.90788,53.04489],[23.90717,53.04441],[23.90658,53.04434],[23.90493,53.0448],[23.90435,53.04517],[23.90483,53.04543],[23.90559,53.04553],[23.9056,53.04595],[23.90585,53.04643],[23.90469,53.04686],[23.90441,53.04725],[23.90366,53.0473],[23.90313,53.04754],[23.90315,53.04808],[23.90279,53.04836],[23.90233,53.04803],[23.90191,53.04806],[23.90132,53.0484],[23.90091,53.04835],[23.90052,53.04793],[23.90006,53.04783],[23.89969,53.04807],[23.89971,53.0484],[23.90043,53.04883],[23.90074,53.04947],[23.9005,53.04968],[23.89899,53.04941],[23.89848,53.04962],[23.89838,53.05002],[23.89871,53.05043],[23.8998,53.05079],[23.89949,53.05125],[23.90019,53.0514],[23.89956,53.05174],[23.89995,53.05223],[23.89975,53.05285],[23.90027,53.05336],[23.89985,53.05373],[23.90091,53.05382],[23.9008,53.05408],[23.90034,53.05421],[23.9001,53.05471],[23.9017,53.05486],[23.90168,53.05525],[23.90132,53.05563],[23.90126,53.05593],[23.90188,53.05596],[23.90157,53.05646],[23.90207,53.05683],[23.90261,53.0569],[23.90243,53.05745],[23.90288,53.05774],[23.9026,53.05816],[23.90098,53.05938],[23.90087,53.05993],[23.90012,53.06035],[23.89863,53.06046],[23.89824,53.06076],[23.8975,53.06071],[23.89651,53.0616],[23.89589,53.06162],[23.89573,53.06195],[23.89595,53.06236],[23.89552,53.06244],[23.89502,53.06227],[23.8948,53.06195],[23.89437,53.06191],[23.89403,53.06234],[23.89377,53.06222],[23.89368,53.06183],[23.89334,53.06166],[23.89294,53.06174],[23.89301,53.06219],[23.89273,53.06237],[23.89232,53.06208],[23.89184,53.06216],[23.89183,53.06241],[23.89239,53.06265],[23.89163,53.06279],[23.89051,53.06218],[23.88955,53.06298],[23.88804,53.06324],[23.88764,53.06306],[23.88715,53.06242],[23.88671,53.06217],[23.88617,53.06218],[23.88591,53.06254],[23.88645,53.06358],[23.88597,53.06392],[23.88606,53.06432],[23.88563,53.06458],[23.8849,53.06454],[23.88439,53.06508],[23.8823,53.06606],[23.88216,53.06646],[23.88221,53.06696],[23.88286,53.06796],[23.8828,53.06852],[23.88139,53.06943],[23.88213,53.07019],[23.88183,53.07037],[23.88103,53.07016],[23.88073,53.07044],[23.8814,53.07113],[23.8807,53.07181],[23.8816,53.072],[23.88095,53.07246],[23.88129,53.07284],[23.87942,53.07284],[23.8789,53.07315],[23.87881,53.0735],[23.87952,53.07378],[23.88044,53.07362],[23.88162,53.07396],[23.88084,53.07439],[23.87878,53.07483],[23.87889,53.07515],[23.87981,53.07557],[23.87931,53.07575],[23.87781,53.0751],[23.87718,53.0754],[23.8777,53.07563],[23.8781,53.07604],[23.87937,53.0762],[23.87935,53.07694],[23.87909,53.0778],[23.87838,53.0775],[23.8779,53.07758],[23.87821,53.07827],[23.87813,53.07906],[23.87847,53.07944],[23.87796,53.0796],[23.87776,53.07986],[23.87734,53.07968],[23.87751,53.07926],[23.87703,53.0793],[23.87658,53.07973],[23.87566,53.07975],[23.87544,53.07952],[23.8757,53.07918],[23.87454,53.07889],[23.87412,53.07899],[23.874,53.07936],[23.87432,53.07989],[23.87409,53.08023],[23.87312,53.07988],[23.87266,53.08023],[23.87269,53.0805],[23.87355,53.08078],[23.8735,53.08103],[23.87269,53.08121],[23.87264,53.08183],[23.87207,53.08203],[23.87233,53.08236],[23.87229,53.08272],[23.87303,53.08288],[23.87317,53.08313],[23.87264,53.08338],[23.8725,53.08387],[23.87188,53.08409],[23.872,53.08456],[23.87233,53.08478],[23.87415,53.08471],[23.87464,53.08489],[23.87483,53.08523],[23.87429,53.08561],[23.87422,53.08591],[23.87458,53.08625],[23.87456,53.08661],[23.87381,53.08676],[23.87379,53.08702],[23.87468,53.08722],[23.875,53.08759],[23.87582,53.08771],[23.87583,53.08805],[23.87637,53.08901],[23.87597,53.08947],[23.87609,53.08974],[23.87691,53.09048],[23.87783,53.09095],[23.87755,53.09175],[23.87859,53.09174],[23.879,53.09212],[23.88063,53.0913],[23.881,53.09156],[23.88058,53.09205],[23.87983,53.09245],[23.88008,53.09275],[23.88139,53.09243],[23.8815,53.09273],[23.88136,53.09343],[23.88114,53.09369],[23.88149,53.09389],[23.8828,53.09353],[23.8828,53.09388],[23.88228,53.09399],[23.88221,53.09433],[23.88162,53.09413],[23.88135,53.09442],[23.88081,53.09449],[23.88097,53.09476],[23.88185,53.09504],[23.88188,53.09537],[23.88274,53.09581],[23.88226,53.09596],[23.88131,53.09549],[23.88157,53.09628],[23.88216,53.09642],[23.88243,53.09687],[23.88183,53.09693],[23.88164,53.09716],[23.88254,53.09729],[23.88255,53.09753],[23.88201,53.09756],[23.88125,53.09721],[23.88093,53.09748],[23.88253,53.09828],[23.88328,53.09822],[23.88318,53.09859],[23.88229,53.09853],[23.882,53.09921],[23.88189,53.10019],[23.8822,53.10124],[23.88406,53.1025],[23.88451,53.10297],[23.88523,53.10301],[23.88596,53.10279],[23.88665,53.10383],[23.88727,53.10391],[23.8877,53.10422],[23.88758,53.10462],[23.88769,53.10474],[23.88877,53.10502],[23.88788,53.10527],[23.88778,53.10551],[23.88875,53.10572],[23.88838,53.10644],[23.88908,53.10685],[23.88831,53.10743],[23.88807,53.10801],[23.88779,53.10823],[23.88731,53.1082],[23.88715,53.10777],[23.88662,53.10754],[23.88604,53.10768],[23.88603,53.10799],[23.888,53.10851],[23.88847,53.10892],[23.88852,53.1092],[23.88773,53.1095],[23.8882,53.11013],[23.88726,53.11018],[23.88702,53.11049],[23.88723,53.11075],[23.88859,53.11129],[23.88898,53.11155],[23.88905,53.11185],[23.88859,53.11197],[23.8874,53.1115],[23.88691,53.11178],[23.88656,53.11147],[23.88587,53.11194],[23.88562,53.11263],[23.88616,53.11321],[23.88626,53.11352],[23.88604,53.11383],[23.88551,53.11409],[23.8854,53.11436],[23.8858,53.11449],[23.88762,53.11402],[23.88783,53.1143],[23.88665,53.11482],[23.88658,53.11552],[23.88687,53.11616],[23.88721,53.11646],[23.88842,53.11647],[23.88967,53.11686],[23.88901,53.11829],[23.89012,53.11935],[23.89048,53.12003],[23.89057,53.12071],[23.89119,53.12139],[23.89089,53.1218],[23.89122,53.12218],[23.89222,53.12257],[23.89342,53.12401],[23.89341,53.12444],[23.8936,53.12475],[23.89406,53.12505],[23.89555,53.12468],[23.89615,53.12479],[23.89747,53.12471],[23.89793,53.12498],[23.89787,53.12532],[23.89731,53.12556],[23.8955,53.12608],[23.89401,53.12612],[23.89387,53.12638],[23.89461,53.12678],[23.89698,53.12694],[23.89742,53.12735],[23.89759,53.128],[23.8967,53.12856],[23.89656,53.1289],[23.89729,53.12965],[23.89681,53.13067],[23.89726,53.1312],[23.89851,53.13128],[23.89883,53.13157],[23.89816,53.13189],[23.89806,53.1322],[23.89864,53.13221],[23.89979,53.13144],[23.90039,53.13152],[23.90044,53.13186],[23.90007,53.13271],[23.90016,53.13309],[23.90075,53.1337],[23.9007,53.13405],[23.90098,53.13439],[23.90159,53.13442],[23.90182,53.13404],[23.90176,53.13369],[23.90222,53.13353],[23.90254,53.13396],[23.90365,53.13459],[23.90395,53.13494],[23.90515,53.1352],[23.90491,53.13634],[23.90427,53.13693],[23.90427,53.13728],[23.90572,53.13765],[23.90594,53.13818],[23.90769,53.13748],[23.90728,53.13709],[23.90727,53.1368],[23.90782,53.13678],[23.90868,53.13717],[23.90879,53.13814],[23.91016,53.13795],[23.91036,53.13729],[23.9108,53.13711],[23.91221,53.13784],[23.9111,53.13839],[23.91104,53.13884],[23.91193,53.14019],[23.9139,53.14024],[23.91366,53.14057],[23.91352,53.14147],[23.91378,53.14173],[23.91485,53.14174],[23.91579,53.14297],[23.91572,53.1434],[23.91588,53.14371],[23.91523,53.14419],[23.91426,53.14453],[23.91346,53.14461],[23.91308,53.14498],[23.91296,53.14529],[23.91332,53.14569],[23.91333,53.14602],[23.91136,53.14641],[23.91214,53.14675],[23.91227,53.147],[23.91192,53.14748],[23.91124,53.14788],[23.91095,53.14857],[23.90983,53.14894],[23.90972,53.14992],[23.91004,53.15024],[23.9115,53.14983],[23.91203,53.15001],[23.91226,53.15051],[23.91224,53.15096],[23.91184,53.15147],[23.91175,53.15185],[23.91205,53.15209],[23.91258,53.15202],[23.91344,53.15149],[23.91409,53.15175],[23.91437,53.15223],[23.91422,53.15268],[23.91442,53.15303],[23.91532,53.15292],[23.91596,53.15304],[23.91612,53.15368],[23.91564,53.15372],[23.91461,53.15455],[23.9144,53.15481],[23.91453,53.15516],[23.9161,53.15564],[23.91646,53.15535],[23.91707,53.15548],[23.91747,53.15605],[23.91738,53.15681],[23.9182,53.15737],[23.91826,53.15762],[23.91766,53.15798],[23.91651,53.15767],[23.91599,53.15778],[23.9157,53.15815],[23.91528,53.15832],[23.9149,53.15809],[23.91494,53.15741],[23.9144,53.15716],[23.91387,53.15734],[23.91357,53.15805],[23.91433,53.15828],[23.91471,53.1587],[23.91449,53.15982],[23.91492,53.16004],[23.9152,53.16042],[23.91486,53.16067],[23.91478,53.16129],[23.91515,53.16228],[23.91481,53.16294],[23.91396,53.16365],[23.91319,53.1639],[23.91282,53.16431],[23.91236,53.16441],[23.91138,53.16355],[23.91041,53.16355],[23.91026,53.16389],[23.91082,53.16452],[23.91222,53.1646],[23.91301,53.16487],[23.91315,53.16562],[23.91301,53.16592],[23.91239,53.16607],[23.91208,53.16643],[23.91225,53.16663],[23.91268,53.16664],[23.91326,53.16631],[23.91379,53.16628],[23.91411,53.16647],[23.91373,53.1669],[23.91268,53.16709],[23.91197,53.16711],[23.9113,53.16673],[23.91043,53.16668],[23.90979,53.16691],[23.90939,53.16726],[23.90962,53.16751],[23.90971,53.16838],[23.90952,53.16867],[23.90875,53.16872],[23.90827,53.16893],[23.90823,53.16937],[23.90869,53.16984],[23.90872,53.17019],[23.90806,53.17074],[23.90768,53.17219],[23.90708,53.1727],[23.90657,53.17258],[23.90525,53.17364],[23.90492,53.17394],[23.90438,53.17489],[23.90219,53.17633],[23.90057,53.1767],[23.8995,53.17662],[23.89835,53.17679],[23.89755,53.17651],[23.89574,53.1764],[23.89476,53.17668],[23.89445,53.17701],[23.89449,53.17752],[23.89404,53.17798],[23.89198,53.17844],[23.89156,53.17871],[23.89194,53.17939],[23.89182,53.17961],[23.89106,53.17974],[23.89095,53.18024],[23.89128,53.18101],[23.89118,53.18126],[23.89049,53.18113],[23.88992,53.18083],[23.88952,53.18095],[23.88941,53.18133],[23.89028,53.18154],[23.8904,53.18184],[23.88906,53.18179],[23.88855,53.18142],[23.8879,53.18146],[23.88765,53.18184],[23.88791,53.18214],[23.88905,53.18251],[23.88878,53.18327],[23.8884,53.18346],[23.8873,53.18314],[23.88665,53.18315],[23.8861,53.18367],[23.88439,53.18449],[23.884,53.18487],[23.88339,53.185],[23.88275,53.18462],[23.8823,53.18492],[23.88213,53.1856],[23.8824,53.18596],[23.88151,53.18608],[23.88095,53.18589],[23.88066,53.18615],[23.88115,53.18693],[23.88079,53.18721],[23.88021,53.18733],[23.87946,53.18724],[23.87916,53.18756],[23.87948,53.18795],[23.87924,53.18842],[23.88004,53.18853],[23.8802,53.18882],[23.87983,53.18898],[23.87871,53.18857],[23.87788,53.18879],[23.87716,53.1892],[23.87713,53.18953],[23.8777,53.18966],[23.87869,53.18924],[23.87903,53.18937],[23.87886,53.18966],[23.87676,53.19066],[23.87595,53.1909],[23.87421,53.19104],[23.87355,53.19129],[23.8728,53.19203],[23.87363,53.19212],[23.87355,53.1925],[23.8732,53.19273],[23.8721,53.19276],[23.87186,53.19297],[23.8723,53.19343],[23.87138,53.19407],[23.87093,53.19391],[23.87094,53.19342],[23.87005,53.19322],[23.8697,53.19357],[23.86841,53.19392],[23.86715,53.19453],[23.86714,53.19513],[23.8668,53.19537],[23.86517,53.19506],[23.86388,53.19554],[23.8639,53.19575],[23.86518,53.19599],[23.8653,53.19643],[23.86511,53.19681],[23.86469,53.19684],[23.86448,53.19675],[23.86437,53.19643],[23.8638,53.19648],[23.86369,53.19696],[23.86274,53.19714],[23.86272,53.1975],[23.86328,53.198],[23.86279,53.19881],[23.86327,53.19999],[23.86316,53.20037],[23.86185,53.20219],[23.86188,53.20255],[23.8624,53.20273],[23.86329,53.20277],[23.8638,53.20301],[23.86398,53.20353],[23.86235,53.20382],[23.8621,53.20421],[23.86248,53.20503],[23.86242,53.2054],[23.86034,53.20642],[23.86011,53.20727],[23.85924,53.20714],[23.85886,53.20724],[23.85887,53.2079],[23.85861,53.20826],[23.85862,53.20875],[23.85722,53.21036],[23.85761,53.21086],[23.85834,53.21135],[23.85928,53.2115],[23.86062,53.21199],[23.8607,53.21233],[23.86013,53.2128],[23.85999,53.21312],[23.8614,53.2132],[23.86184,53.21339],[23.86196,53.21366],[23.8619,53.21413],[23.86107,53.21464],[23.8612,53.21488],[23.86216,53.21499],[23.8623,53.21515],[23.8607,53.21514],[23.86023,53.21566],[23.8605,53.21664],[23.86005,53.21681],[23.85947,53.21626],[23.85901,53.2163],[23.85907,53.2166],[23.85953,53.217],[23.8609,53.21724],[23.86131,53.21748],[23.86136,53.21817],[23.86167,53.2187],[23.86103,53.21986],[23.8609,53.22039],[23.86145,53.22094],[23.86117,53.22114],[23.85533,53.23184],[23.81875,53.24402],[23.79898,53.27419],[23.7898,53.29201],[23.77697,53.31409],[23.77371,53.32032],[23.76728,53.33119],[23.76344,53.33816],[23.75803,53.34964],[23.75582,53.35394],[23.75409,53.35814],[23.74712,53.37316],[23.73711,53.39154],[23.71357,53.42754],[23.70741,53.43655],[23.69452,53.46112],[23.69058,53.46947],[23.68409,53.48118],[23.6672,53.5126],[23.65967,53.52137],[23.65162,53.54413],[23.64468,53.55947],[23.63733,53.57502],[23.63069,53.58816],[23.62856,53.59206],[23.62691,53.59573],[23.61669,53.62336],[23.60443,53.65812],[23.60272,53.66258],[23.59139,53.68863],[23.58603,53.70309],[23.5853,53.70567],[23.5861,53.72119],[23.58562,53.72833],[23.58211,53.74382],[23.54904,53.76777],[23.54719,53.78234],[23.5455,53.79041],[23.54471,53.79623],[23.54625,53.82581],[23.54682,53.82678],[23.54757,53.82696],[23.54783,53.82738],[23.54815,53.82749],[23.54813,53.82789],[23.54858,53.82797],[23.54875,53.82857],[23.54846,53.82866],[23.5482,53.8284],[23.54816,53.82859],[23.54889,53.82877],[23.54904,53.8301],[23.54928,53.83029],[23.55011,53.83047],[23.55182,53.82986],[23.55363,53.83009],[23.55358,53.83051],[23.55343,53.8306],[23.55358,53.83076],[23.55349,53.83108],[23.55412,53.83122],[23.55391,53.83188],[23.55311,53.83206],[23.55319,53.83228],[23.55269,53.83244],[23.55253,53.8327],[23.55199,53.83282],[23.55105,53.83368],[23.5494,53.83398],[23.54927,53.83419],[23.54959,53.83451],[23.54916,53.83463],[23.54841,53.83423],[23.54789,53.83469],[23.54826,53.83503],[23.54818,53.83532],[23.54779,53.83546],[23.54825,53.83597],[23.54822,53.83636],[23.54871,53.8365],[23.54901,53.83614],[23.54946,53.83605],[23.54993,53.83638],[23.54979,53.83694],[23.54936,53.83707],[23.5496,53.83747],[23.55006,53.83719],[23.55124,53.83731],[23.55049,53.8377],[23.55084,53.83821],[23.55108,53.83826],[23.55147,53.83789],[23.55186,53.83827],[23.55147,53.839],[23.55091,53.83926],[23.55092,53.83953],[23.55175,53.83924],[23.55186,53.83972],[23.55235,53.84032],[23.55235,53.84079],[23.5513,53.84136],[23.5501,53.84143],[23.54979,53.8417],[23.55034,53.84196],[23.5502,53.84218],[23.54888,53.84292],[23.54852,53.84281],[23.54751,53.84329],[23.548,53.8434],[23.54816,53.84365],[23.54755,53.84381],[23.54714,53.84363],[23.54621,53.84378],[23.54602,53.84426],[23.54514,53.84504],[23.54551,53.84698],[23.54588,53.84725],[23.54574,53.84783],[23.54615,53.84798],[23.5469,53.84871],[23.54705,53.84835],[23.54737,53.84814],[23.54869,53.84819],[23.54987,53.84867],[23.55022,53.84903],[23.55089,53.84919],[23.55046,53.84954],[23.55035,53.8499],[23.55051,53.85011],[23.55076,53.85012],[23.55136,53.84972],[23.5518,53.84967],[23.55204,53.84982],[23.55165,53.85026],[23.55202,53.85066],[23.55201,53.85102],[23.55167,53.85123],[23.55126,53.85198],[23.55052,53.85225],[23.55042,53.85292],[23.54969,53.85318],[23.54957,53.8537],[23.54999,53.85387],[23.54948,53.85398],[23.54935,53.85428],[23.549,53.85446],[23.54885,53.85493],[23.54845,53.85511],[23.54816,53.85547],[23.54767,53.85563],[23.54773,53.85589],[23.54819,53.85614],[23.54755,53.8565],[23.54615,53.85692],[23.54461,53.85715],[23.54232,53.85674],[23.54149,53.85794],[23.54038,53.85837],[23.53858,53.85836],[23.53814,53.8582],[23.53758,53.85722],[23.53691,53.85694],[23.53511,53.85725],[23.53447,53.85766],[23.53426,53.85811],[23.53385,53.85801],[23.53345,53.85833],[23.5321,53.8587],[23.53155,53.85921],[23.52823,53.86067],[23.529,53.86112],[23.52841,53.86154],[23.52823,53.86229],[23.52754,53.86223],[23.52743,53.86173],[23.52692,53.86153],[23.52479,53.86183],[23.52406,53.86259],[23.52437,53.86346],[23.52436,53.86428],[23.52451,53.86454],[23.52472,53.86461],[23.52679,53.86419],[23.52713,53.86436],[23.52723,53.86481],[23.52617,53.86596],[23.52588,53.86665],[23.5259,53.86751],[23.52614,53.86797],[23.52664,53.86831],[23.52668,53.86862],[23.52592,53.86937],[23.52425,53.87213],[23.51328,53.90896],[23.51205,53.91034],[23.51159,53.91587],[23.51165,53.92882],[23.51303,53.93128],[23.51473,53.95515],[23.51496,53.95627],[23.5147,53.95641],[23.51606,53.95697],[23.51643,53.95743],[23.51637,53.95788],[23.51603,53.95816],[23.51478,53.95839],[23.51436,53.95869],[23.51528,53.95882],[23.51576,53.95914],[23.51554,53.95998],[23.51528,53.96023],[23.51463,53.96047],[23.51368,53.96039],[23.51314,53.96066],[23.5112,53.96114],[23.51134,53.96135],[23.51265,53.96161],[23.51283,53.96202],[23.51272,53.96224],[23.51143,53.96277],[23.51063,53.96273],[23.50995,53.96251],[23.50889,53.96307],[23.50931,53.96404],[23.50838,53.96403],[23.50722,53.96458],[23.50599,53.96455],[23.50548,53.96478],[23.50672,53.96557],[23.50722,53.9657],[23.50747,53.96593],[23.50739,53.96611],[23.50661,53.96602],[23.50619,53.96576],[23.50447,53.96589],[23.50449,53.96677],[23.50424,53.96706],[23.50433,53.96725],[23.5036,53.9675],[23.50328,53.96747],[23.50333,53.96659],[23.50061,53.96713],[23.50026,53.96757],[23.50071,53.96767],[23.50176,53.96755],[23.50211,53.96784],[23.50187,53.96801],[23.50128,53.96786],[23.50117,53.9683],[23.50093,53.96852],[23.50117,53.96883],[23.50076,53.96899],[23.49982,53.9684],[23.49957,53.96844],[23.49954,53.96859],[23.49849,53.9687],[23.49716,53.96817],[23.49687,53.96826],[23.49652,53.96915],[23.49602,53.96907],[23.49534,53.96953],[23.49592,53.96955],[23.49592,53.96985],[23.49612,53.97004],[23.49683,53.9698],[23.49809,53.9702],[23.49806,53.9706],[23.49765,53.97095],[23.49826,53.97175],[23.49761,53.9717],[23.49717,53.97195],[23.49666,53.97196],[23.49633,53.97243],[23.49635,53.97278],[23.49552,53.97325],[23.49551,53.97352],[23.49509,53.97354],[23.49498,53.97326],[23.49519,53.97308],[23.49434,53.97284],[23.49406,53.97304],[23.49433,53.97319],[23.49425,53.9733],[23.49373,53.97378],[23.49337,53.97382],[23.49313,53.97367],[23.49341,53.97356],[23.49304,53.97327],[23.49262,53.97327],[23.49225,53.97304],[23.49197,53.97343],[23.49096,53.9735],[23.49038,53.97389],[23.49061,53.97407],[23.4912,53.97409],[23.4911,53.97442],[23.48987,53.97482],[23.48954,53.97481],[23.48949,53.97461],[23.48916,53.97466],[23.48932,53.97522],[23.49021,53.97571],[23.48983,53.97646],[23.488,53.97643],[23.48848,53.97687],[23.48905,53.97688],[23.48956,53.97725],[23.48745,53.97787],[23.48669,53.97835],[23.4873,53.97863],[23.48769,53.9785],[23.48771,53.97871],[23.48809,53.97891],[23.488,53.97902],[23.48754,53.97922],[23.48657,53.97907],[23.48604,53.97928],[23.48695,53.97965],[23.48676,53.98003],[23.48691,53.98024],[23.48843,53.98045],[23.48838,53.98061],[23.48787,53.98087],[23.4879,53.98136],[23.4884,53.9817],[23.48857,53.98204],[23.48911,53.98212],[23.4893,53.98235],[23.48918,53.9826],[23.48928,53.98279],[23.48866,53.98275],[23.48874,53.98247],[23.48862,53.98235],[23.48759,53.9822],[23.48722,53.98284],[23.48765,53.9829],[23.48768,53.98324],[23.48711,53.98349],[23.48677,53.98387],[23.48567,53.98418],[23.48554,53.98449],[23.48521,53.98469],[23.48542,53.98489],[23.48596,53.98495],[23.48612,53.98519],[23.48474,53.98544],[23.48472,53.98576],[23.48534,53.98584],[23.48511,53.98615],[23.48548,53.98645],[23.48594,53.98644],[23.48591,53.98676],[23.48632,53.98693],[23.48626,53.98731],[23.48562,53.9871],[23.48447,53.98753],[23.48544,53.98802],[23.48511,53.98811],[23.48459,53.989],[23.485,53.98964],[23.48366,53.9896],[23.48313,53.98915],[23.48228,53.98937],[23.48306,53.9901],[23.4828,53.99069],[23.48237,53.9909],[23.48241,53.99103],[23.48285,53.99111],[23.48311,53.99089],[23.48431,53.99104],[23.48434,53.99137],[23.48367,53.99165],[23.48475,53.99208],[23.48476,53.99264],[23.48427,53.99293],[23.48374,53.99371],[23.48427,53.9949],[23.48394,53.99505],[23.48352,53.99451],[23.4825,53.99483],[23.48259,53.99504],[23.48244,53.99541],[23.48268,53.9957],[23.48238,53.99592],[23.48263,53.99614],[23.48229,53.99663],[23.48254,53.99683],[23.48227,53.99703],[23.48228,53.9973],[23.4807,53.99801],[23.48165,53.99829],[23.4816,53.99856],[23.48122,53.99883],[23.48162,53.99924],[23.48187,53.99983],[23.48255,53.99998],[23.48379,53.99933],[23.4842,53.99935],[23.48414,54.00016],[23.48472,54.00027],[23.48572,53.99993],[23.48669,54.00034],[23.4872,54.00108],[23.48656,54.00142],[23.48654,54.00159],[23.4877,54.00164],[23.48893,54.00244],[23.48994,54.00232],[23.49025,54.00248],[23.49064,54.00309],[23.49136,54.00308],[23.49192,54.00355],[23.49214,54.00399],[23.49181,54.00416],[23.49131,54.00403],[23.49077,54.00425],[23.49047,54.00451],[23.49065,54.00497],[23.49055,54.00528],[23.49099,54.00562],[23.49301,54.00633],[23.49297,54.00688],[23.49324,54.0071],[23.49363,54.00713],[23.4942,54.00686],[23.49479,54.00681],[23.49494,54.00664],[23.49478,54.00648],[23.49546,54.00575],[23.4978,54.00616],[23.49804,54.00638],[23.49799,54.00652],[23.49671,54.00689],[23.49627,54.00744],[23.49683,54.00821],[23.49754,54.00846],[23.49775,54.00791],[23.49806,54.00775],[23.49909,54.00754],[23.50027,54.00756],[23.5001,54.00723],[23.49985,54.00714],[23.50004,54.00687],[23.50063,54.00676],[23.50098,54.00703],[23.50147,54.0065],[23.50282,54.00617],[23.50358,54.00653],[23.50361,54.0071],[23.50318,54.0074],[23.50264,54.00747],[23.50186,54.0073],[23.50133,54.00767],[23.50084,54.00771],[23.50897,54.0118],[23.5097,54.01452],[23.51083,54.01612],[23.51323,54.01795],[23.51145,54.02169],[23.51554,54.02578],[23.5162,54.02858],[23.52056,54.03014],[23.52488,54.03108],[23.52612,54.03348],[23.52329,54.0377],[23.52585,54.0429],[23.52651,54.04531],[23.52734,54.04735],[23.52673,54.04993],[23.52764,54.05355],[23.52591,54.05689],[23.52721,54.06181],[23.5286,54.06578],[23.52426,54.07284],[23.5213,54.07429],[23.51839,54.07868],[23.51832,54.0898],[23.51612,54.09197],[23.50696,54.0995],[23.50617,54.10103],[23.50581,54.1027],[23.50411,54.10761],[23.50202,54.11294],[23.49647,54.11303],[23.49262,54.11701],[23.49368,54.12168],[23.49534,54.13257],[23.49117,54.13555],[23.48946,54.14463],[23.48661,54.15089],[23.48585,54.15323],[23.48245,54.15346],[23.47829,54.15537],[23.47333,54.15809],[23.47552,54.16342],[23.47022,54.16412],[23.46123,54.16778],[23.45967,54.17083],[23.45899,54.17554],[23.45102,54.17579],[23.43899,54.17757],[23.42447,54.17753],[23.42244,54.18344],[23.41989,54.18705],[23.41916,54.19112],[23.4117,54.19334],[23.40638,54.19634],[23.40456,54.19919],[23.40384,54.20219],[23.40178,54.20448],[23.39795,54.20723],[23.39671,54.2096],[23.39666,54.21375],[23.39421,54.21685],[23.38671,54.21828],[23.38555,54.21963],[23.38678,54.22484],[23.38396,54.22612],[23.38382,54.22647],[23.38289,54.22709],[23.38222,54.22796],[23.38172,54.22817],[23.38132,54.22865],[23.38144,54.22875],[23.38128,54.22894],[23.38026,54.22913],[23.3798,54.22895],[23.37907,54.22903],[23.37764,54.22887],[23.3766,54.22898],[23.37367,54.23045],[23.36622,54.22993],[23.36172,54.23102],[23.35824,54.2336],[23.35618,54.2371],[23.35336,54.24063],[23.34841,54.24568],[23.33752,54.25172],[23.33436,54.25223],[23.32606,54.25247],[23.31488,54.25451],[23.30051,54.25595],[23.298,54.25598],[23.29661,54.25553],[23.28875,54.25706],[23.2818,54.26067],[23.27711,54.25996],[23.26964,54.26015],[23.25934,54.25937],[23.25088,54.25745],[23.24888,54.25682],[23.24622,54.25724],[23.23906,54.26017],[23.23388,54.26091],[23.22804,54.2669],[23.22378,54.2719],[23.22121,54.27369],[23.21729,54.27486],[23.21148,54.2782],[23.20551,54.28334],[23.20242,54.28863],[23.19134,54.28988],[23.18667,54.2896],[23.17643,54.29086],[23.16962,54.29495],[23.16231,54.29562],[23.1542,54.29702],[23.15976,54.3096],[23.14992,54.31311],[23.1488,54.31435],[23.1404,54.31595],[23.12796,54.31112],[23.11833,54.30813],[23.10704,54.30414],[23.09968,54.29914],[23.09217,54.29845],[23.06081,54.30988],[23.05097,54.31244],[23.04212,54.31597],[23.04636,54.32722],[23.05092,54.33353],[23.06316,54.34096],[23.05812,54.34535],[23.0477,54.34919],[23.02672,54.35227],[23.00938,54.35572],[22.99391,54.3619],[23.0059,54.37686],[23.00849,54.3796],[23.01021,54.3828],[22.99555,54.38436],[22.98478,54.38454],[22.98385,54.38957],[22.96499,54.39058],[22.94852,54.3928],[22.93469,54.39621],[22.92659,54.39676],[22.90189,54.3992],[22.89813,54.40042],[22.8875,54.39994],[22.88799,54.40909],[22.88341,54.40953],[22.86757,54.40846],[22.85469,54.4104],[22.84923,54.40723],[22.84246,54.40666],[22.8363,54.40648],[22.82673,54.39308],[22.81665,54.3798],[22.81143,54.37098]]],[[[14.29042,53.92035],[14.2904,53.92109],[14.29133,53.9211],[14.29179,53.9213],[14.28828,53.92402],[14.2873,53.92358],[14.28924,53.92208],[14.2893,53.9206],[14.28608,53.92132],[14.28489,53.92175],[14.28458,53.92402],[14.28341,53.92657],[14.28146,53.92895],[14.27924,53.93079],[14.28283,53.93193],[14.28262,53.93201],[14.27919,53.93097],[14.27771,53.9317],[14.27876,53.93093],[14.27868,53.93081],[14.27908,53.93073],[14.28063,53.92951],[14.28049,53.92946],[14.28057,53.92939],[14.28081,53.92941],[14.28141,53.92887],[14.28214,53.92809],[14.2819,53.92795],[14.28229,53.92791],[14.28274,53.92734],[14.28333,53.92647],[14.28316,53.92625],[14.28348,53.92624],[14.2838,53.92565],[14.28416,53.92486],[14.28388,53.92476],[14.28424,53.92468],[14.28465,53.92323],[14.28462,53.92287],[14.28429,53.92294],[14.28451,53.92286],[14.28441,53.92276],[14.28472,53.92271],[14.28475,53.92128],[14.28442,53.92121],[14.28472,53.92119],[14.28449,53.91968],[14.28412,53.91965],[14.28401,53.91922],[14.28431,53.91916],[14.2844,53.91888],[14.28401,53.91873],[14.28385,53.91815],[14.28364,53.91817],[14.28301,53.91566],[14.28534,53.91492],[14.28473,53.91438],[14.28277,53.91488],[14.28107,53.91216],[14.27929,53.91124],[14.27914,53.91135],[14.27515,53.90949],[14.27529,53.9094],[14.27371,53.90878],[14.27344,53.90889],[14.27363,53.90875],[14.27343,53.90867],[14.27332,53.90815],[14.27287,53.90808],[14.27203,53.90825],[14.26916,53.90685],[14.26915,53.9067],[14.26745,53.90581],[14.26702,53.90588],[14.26683,53.90548],[14.26525,53.90522],[14.2649,53.90491],[14.26541,53.9045],[14.26481,53.90414],[14.26434,53.90397],[14.26378,53.90432],[14.26454,53.90479],[14.26383,53.90521],[14.26057,53.90344],[14.26006,53.90371],[14.25843,53.90181],[14.25805,53.90191],[14.25777,53.90157],[14.2581,53.901],[14.25652,53.89997],[14.25701,53.89963],[14.25554,53.89844],[14.25544,53.89819],[14.25572,53.8979],[14.25595,53.8979],[14.25596,53.8981],[14.25637,53.89809],[14.25633,53.89583],[14.25646,53.89572],[14.25661,53.89572],[14.25663,53.8961],[14.25803,53.89604],[14.25816,53.89648],[14.25954,53.89635],[14.25945,53.89601],[14.25899,53.89605],[14.25897,53.89594],[14.26145,53.89573],[14.26179,53.89609],[14.2625,53.8962],[14.26276,53.896],[14.26794,53.89758],[14.26986,53.89664],[14.26284,53.89451],[14.26282,53.89408],[14.26438,53.89345],[14.27199,53.89576],[14.27226,53.89544],[14.27289,53.89578],[14.2743,53.89523],[14.27434,53.89496],[14.2697,53.89355],[14.26872,53.89275],[14.27848,53.88864],[14.27952,53.88935],[14.27966,53.88982],[14.27995,53.89004],[14.28026,53.89006],[14.28139,53.88957],[14.28146,53.88927],[14.28075,53.88787],[14.28033,53.88768],[14.28018,53.88739],[14.28091,53.88678],[14.281,53.88641],[14.28124,53.88649],[14.28262,53.88389],[14.28282,53.88391],[14.28344,53.88502],[14.28365,53.88497],[14.28364,53.8846],[14.2838,53.88439],[14.28355,53.88357],[14.2834,53.88358],[14.28342,53.88334],[14.28317,53.8831],[14.2834,53.88305],[14.28335,53.88293],[14.28301,53.88279],[14.28327,53.88251],[14.28296,53.88239],[14.28297,53.88208],[14.28314,53.88206],[14.28291,53.882],[14.28292,53.88161],[14.28333,53.88089],[14.28324,53.88065],[14.28287,53.88066],[14.28287,53.88014],[14.28332,53.88],[14.28309,53.87829],[14.2832,53.87826],[14.28308,53.8774],[14.2832,53.87679],[14.28306,53.87645],[14.28305,53.87506],[14.28354,53.87091],[14.28329,53.87066],[14.28356,53.87051],[14.28353,53.87013],[14.28388,53.86915],[14.28373,53.86838],[14.28393,53.8661],[14.28418,53.86541],[14.28434,53.86421],[14.28454,53.86355],[14.28556,53.86315],[14.28541,53.86301],[14.28559,53.86294],[14.28523,53.86257],[14.28622,53.86218],[14.28606,53.86204],[14.28624,53.86197],[14.28596,53.86172],[14.28701,53.86052],[14.28789,53.85991],[14.28879,53.85972],[14.29122,53.85986],[14.29287,53.86031],[14.29582,53.86152],[14.30193,53.86534],[14.30274,53.8654],[14.30296,53.86596],[14.3044,53.86707],[14.30533,53.86806],[14.30775,53.86954],[14.30971,53.87043],[14.31611,53.87249],[14.31803,53.87274],[14.31815,53.87257],[14.32242,53.87311],[14.32248,53.87337],[14.32306,53.87357],[14.32323,53.87383],[14.32334,53.87555],[14.32309,53.8764],[14.32322,53.87665],[14.32501,53.87738],[14.32705,53.87868],[14.32752,53.87944],[14.32724,53.88016],[14.32816,53.88079],[14.33266,53.88101],[14.33534,53.88051],[14.33585,53.88073],[14.33573,53.88084],[14.33611,53.88083],[14.33598,53.88099],[14.33618,53.88088],[14.33638,53.88095],[14.33623,53.88107],[14.33644,53.88098],[14.33644,53.88112],[14.33653,53.88102],[14.33702,53.88121],[14.33681,53.88169],[14.33717,53.88126],[14.33769,53.88143],[14.3375,53.88175],[14.3378,53.88152],[14.3381,53.88157],[14.33796,53.88196],[14.33819,53.88162],[14.34019,53.88229],[14.3428,53.88254],[14.3439,53.88307],[14.34382,53.88317],[14.34487,53.88342],[14.34702,53.8843],[14.35113,53.88473],[14.35661,53.88455],[14.35735,53.88484],[14.35795,53.88583],[14.35922,53.88697],[14.36049,53.88724],[14.36071,53.88715],[14.36068,53.88733],[14.36402,53.88819],[14.36591,53.88833],[14.36734,53.88816],[14.36802,53.88793],[14.3707,53.88767],[14.37271,53.8877],[14.37432,53.88717],[14.37446,53.88726],[14.37435,53.8878],[14.37379,53.88808],[14.37374,53.88824],[14.374,53.88925],[14.37442,53.88969],[14.37641,53.89074],[14.38023,53.8917],[14.38076,53.89212],[14.38129,53.89207],[14.38242,53.89232],[14.38286,53.89289],[14.38368,53.89334],[14.38468,53.8935],[14.38745,53.89332],[14.38787,53.89347],[14.38876,53.89423],[14.38983,53.89451],[14.39117,53.8941],[14.39145,53.89421],[14.39155,53.89392],[14.39198,53.89396],[14.39189,53.89356],[14.3933,53.89376],[14.39282,53.8964],[14.39252,53.89655],[14.39246,53.89682],[14.39322,53.89685],[14.39334,53.89641],[14.39304,53.89638],[14.39359,53.89415],[14.39385,53.89394],[14.39429,53.8939],[14.39424,53.89374],[14.39474,53.89366],[14.39751,53.89366],[14.39952,53.89407],[14.39926,53.89418],[14.39892,53.89404],[14.39931,53.89447],[14.40006,53.89428],[14.40102,53.89451],[14.40344,53.89361],[14.40356,53.89375],[14.40485,53.89382],[14.40519,53.89408],[14.40575,53.89385],[14.40587,53.89439],[14.4065,53.89472],[14.40763,53.89488],[14.40838,53.8945],[14.40849,53.89344],[14.40899,53.893],[14.41028,53.89301],[14.41317,53.89253],[14.41385,53.89208],[14.41382,53.89159],[14.41414,53.89164],[14.41451,53.89141],[14.41444,53.8912],[14.41394,53.89104],[14.41403,53.89082],[14.4151,53.89047],[14.41638,53.88971],[14.4169,53.8897],[14.41675,53.8896],[14.41726,53.88958],[14.41697,53.88974],[14.41825,53.8899],[14.41834,53.88973],[14.41812,53.88971],[14.41854,53.8896],[14.41811,53.88913],[14.41779,53.88933],[14.41769,53.8892],[14.41835,53.88887],[14.41846,53.88848],[14.41977,53.88825],[14.41931,53.88779],[14.41908,53.88705],[14.41946,53.88693],[14.41928,53.8872],[14.41948,53.88727],[14.41932,53.88736],[14.41965,53.88754],[14.41985,53.88707],[14.42027,53.88715],[14.42083,53.887],[14.42153,53.88719],[14.42257,53.88697],[14.42282,53.88684],[14.42285,53.88665],[14.42222,53.88635],[14.42231,53.88608],[14.42276,53.88592],[14.42252,53.88567],[14.42263,53.88543],[14.42449,53.88494],[14.42506,53.88497],[14.42515,53.88523],[14.42428,53.88541],[14.42399,53.88596],[14.42433,53.88639],[14.42438,53.88683],[14.42509,53.88738],[14.4244,53.88835],[14.42449,53.88917],[14.42593,53.88952],[14.42573,53.8904],[14.4259,53.89114],[14.42546,53.89165],[14.42611,53.89261],[14.42674,53.89293],[14.42716,53.89422],[14.4283,53.89544],[14.42773,53.89568],[14.42783,53.89599],[14.42812,53.89615],[14.42806,53.89627],[14.42631,53.89663],[14.42783,53.89695],[14.42812,53.8971],[14.42854,53.89768],[14.42883,53.89783],[14.42906,53.89777],[14.42903,53.89808],[14.42928,53.89835],[14.43036,53.89863],[14.43029,53.89882],[14.43186,53.89937],[14.43259,53.8999],[14.43378,53.90035],[14.43397,53.90084],[14.43386,53.90142],[14.43369,53.90151],[14.43399,53.90181],[14.43401,53.90206],[14.43455,53.90231],[14.43452,53.90248],[14.43504,53.90258],[14.43554,53.90297],[14.43553,53.90315],[14.43599,53.90341],[14.43622,53.90511],[14.43641,53.90431],[14.43626,53.9036],[14.43591,53.90317],[14.43527,53.90123],[14.43542,53.90122],[14.43516,53.90043],[14.43588,53.90034],[14.43652,53.9007],[14.43684,53.90061],[14.43679,53.89989],[14.43695,53.89961],[14.43675,53.89959],[14.43704,53.89918],[14.43698,53.89871],[14.43674,53.89865],[14.43693,53.89822],[14.43674,53.89801],[14.43692,53.89759],[14.43674,53.89759],[14.43703,53.89753],[14.43685,53.89741],[14.43743,53.89709],[14.43744,53.89614],[14.43585,53.89298],[14.43497,53.8925],[14.4349,53.89234],[14.43512,53.89217],[14.43478,53.89226],[14.43413,53.89169],[14.43305,53.8913],[14.43186,53.89163],[14.4314,53.89162],[14.43103,53.89139],[14.43102,53.89126],[14.43131,53.89119],[14.43063,53.89093],[14.43068,53.89065],[14.43177,53.8896],[14.43227,53.88836],[14.43227,53.88819],[14.43078,53.88786],[14.43061,53.88557],[14.43031,53.8855],[14.42913,53.88453],[14.43068,53.88411],[14.42907,53.88445],[14.42879,53.88408],[14.42817,53.88372],[14.42828,53.88308],[14.42783,53.88294],[14.42744,53.88303],[14.42711,53.88347],[14.42665,53.8837],[14.426,53.88379],[14.42649,53.88292],[14.4262,53.88218],[14.42571,53.88161],[14.42475,53.88092],[14.42461,53.88013],[14.42352,53.87998],[14.42857,53.88012],[14.42878,53.88007],[14.42874,53.87989],[14.42761,53.87976],[14.42335,53.87979],[14.42365,53.87978],[14.42406,53.87931],[14.42442,53.87933],[14.42454,53.87954],[14.42506,53.87941],[14.42532,53.87866],[14.425,53.87711],[14.42524,53.87701],[14.42539,53.87662],[14.42416,53.87478],[14.42356,53.8746],[14.42583,53.87431],[14.42546,53.87419],[14.42364,53.87446],[14.42391,53.87434],[14.4237,53.87399],[14.4238,53.87396],[14.42298,53.87283],[14.42271,53.87165],[14.42325,53.87087],[14.42273,53.86935],[14.42273,53.86847],[14.42251,53.86775],[14.42282,53.86735],[14.42271,53.86698],[14.42296,53.86678],[14.42429,53.86652],[14.42461,53.86633],[14.42475,53.86589],[14.42512,53.86563],[14.42623,53.86534],[14.42638,53.86513],[14.42621,53.86501],[14.42753,53.86452],[14.42757,53.8644],[14.42829,53.86448],[14.43033,53.86415],[14.43235,53.86342],[14.43715,53.86271],[14.44051,53.86288],[14.44191,53.86321],[14.446,53.86369],[14.45285,53.86415],[14.45394,53.86445],[14.45416,53.86475],[14.45854,53.86536],[14.46028,53.86536],[14.46079,53.86554],[14.46296,53.86508],[14.46374,53.86521],[14.46395,53.86566],[14.46438,53.86569],[14.46493,53.86537],[14.4667,53.86515],[14.46711,53.86536],[14.46941,53.86515],[14.4711,53.86546],[14.47181,53.86535],[14.47266,53.86477],[14.4734,53.86485],[14.47609,53.86457],[14.48073,53.86439],[14.48594,53.86321],[14.48728,53.86312],[14.48834,53.86284],[14.49173,53.86263],[14.49259,53.86271],[14.49408,53.86248],[14.49481,53.86218],[14.49711,53.86195],[14.49767,53.8622],[14.50164,53.86196],[14.51018,53.86081],[14.51701,53.85868],[14.51903,53.85777],[14.52026,53.8578],[14.52069,53.85834],[14.52139,53.85839],[14.52157,53.85809],[14.52138,53.85791],[14.52197,53.85744],[14.52307,53.85702],[14.5235,53.85707],[14.52499,53.85779],[14.52525,53.85809],[14.52741,53.85823],[14.52831,53.85853],[14.52828,53.85887],[14.5285,53.85923],[14.529,53.85913],[14.52851,53.85898],[14.52853,53.85857],[14.52891,53.85865],[14.52905,53.85885],[14.52915,53.85869],[14.52952,53.85877],[14.52974,53.85919],[14.53036,53.85925],[14.53135,53.85908],[14.53194,53.85926],[14.53228,53.85958],[14.53211,53.85974],[14.53294,53.85982],[14.53304,53.85963],[14.53364,53.85959],[14.53402,53.85935],[14.53463,53.85926],[14.54009,53.85897],[14.54163,53.85857],[14.54263,53.85858],[14.54372,53.8581],[14.54356,53.85771],[14.54472,53.85737],[14.54582,53.85751],[14.54707,53.85724],[14.54801,53.85732],[14.54808,53.85716],[14.54949,53.85699],[14.5496,53.85693],[14.54945,53.85623],[14.54975,53.85653],[14.54989,53.85699],[14.55015,53.85699],[14.55075,53.85642],[14.55099,53.8567],[14.55105,53.8565],[14.55148,53.85629],[14.55214,53.8566],[14.55323,53.85615],[14.55409,53.85612],[14.5545,53.85591],[14.55442,53.85569],[14.55519,53.85557],[14.5562,53.85511],[14.55807,53.85505],[14.55874,53.85459],[14.55977,53.85442],[14.56243,53.85329],[14.56341,53.85271],[14.56454,53.85243],[14.56631,53.85229],[14.56629,53.85193],[14.56686,53.85161],[14.56804,53.85166],[14.5685,53.85182],[14.56901,53.85169],[14.571,53.85033],[14.57159,53.8503],[14.57201,53.85006],[14.57186,53.84982],[14.57403,53.84929],[14.57574,53.84782],[14.57699,53.84641],[14.57883,53.84426],[14.57995,53.84255],[14.58185,53.8411],[14.58253,53.84083],[14.58322,53.83955],[14.58397,53.83749],[14.58442,53.83486],[14.58415,53.83255],[14.58402,53.83229],[14.58355,53.83229],[14.58299,53.83178],[14.58321,53.83155],[14.58372,53.83147],[14.58352,53.83089],[14.58291,53.83025],[14.58136,53.82949],[14.57976,53.82933],[14.57892,53.82878],[14.5781,53.82871],[14.57716,53.82835],[14.57652,53.82841],[14.57607,53.82866],[14.5754,53.82862],[14.57478,53.82903],[14.57335,53.82901],[14.57297,53.8291],[14.57274,53.82959],[14.57179,53.82978],[14.57151,53.82971],[14.57043,53.8301],[14.57009,53.82998],[14.56999,53.82972],[14.57041,53.82929],[14.57023,53.82875],[14.57083,53.82856],[14.57096,53.82784],[14.57135,53.82768],[14.57087,53.82756],[14.57082,53.82736],[14.57261,53.82645],[14.57227,53.82617],[14.57281,53.82565],[14.57264,53.82526],[14.57297,53.82495],[14.57289,53.82472],[14.57329,53.82461],[14.57348,53.82436],[14.57221,53.82364],[14.57252,53.82275],[14.57188,53.82258],[14.57175,53.82222],[14.57216,53.82123],[14.57217,53.82087],[14.57176,53.82035],[14.57178,53.81983],[14.57206,53.81959],[14.57204,53.81907],[14.57275,53.81837],[14.57363,53.81808],[14.5728,53.81708],[14.5728,53.81662],[14.57357,53.81623],[14.57317,53.81602],[14.57312,53.81573],[14.57346,53.81518],[14.57437,53.81484],[14.57444,53.81462],[14.57596,53.81411],[14.57561,53.81373],[14.57665,53.81317],[14.57709,53.81323],[14.57736,53.81301],[14.5777,53.81241],[14.57748,53.81205],[14.57818,53.8118],[14.57853,53.81135],[14.57882,53.81048],[14.57766,53.80978],[14.57841,53.80911],[14.57832,53.809],[14.57845,53.80876],[14.57895,53.80844],[14.57909,53.80811],[14.57885,53.80806],[14.57868,53.80764],[14.57913,53.80708],[14.57912,53.80686],[14.57958,53.80655],[14.57975,53.8061],[14.58003,53.80589],[14.57961,53.80558],[14.58069,53.80455],[14.581,53.80398],[14.58177,53.80365],[14.58506,53.80356],[14.58553,53.80329],[14.58562,53.80243],[14.58617,53.80229],[14.58644,53.80129],[14.58738,53.80102],[14.58809,53.8015],[14.58833,53.80115],[14.58862,53.80141],[14.5883,53.80156],[14.58819,53.80194],[14.58841,53.80298],[14.58834,53.8036],[14.58923,53.80455],[14.59015,53.80479],[14.59077,53.80534],[14.59122,53.80543],[14.5916,53.80571],[14.59228,53.80573],[14.59419,53.80701],[14.59581,53.80746],[14.59626,53.80806],[14.59577,53.80817],[14.59534,53.80906],[14.59417,53.81028],[14.5945,53.81139],[14.59433,53.81194],[14.5939,53.81223],[14.59326,53.81213],[14.59229,53.81231],[14.59182,53.81293],[14.59087,53.81293],[14.58796,53.81444],[14.58754,53.81546],[14.58756,53.81653],[14.58708,53.81777],[14.58836,53.81905],[14.58985,53.8211],[14.58964,53.82151],[14.59076,53.8219],[14.59287,53.82343],[14.59354,53.82359],[14.59372,53.8239],[14.59351,53.82445],[14.59349,53.82573],[14.59371,53.82676],[14.59358,53.82701],[14.59394,53.82735],[14.59483,53.82765],[14.59489,53.82793],[14.59535,53.82827],[14.59815,53.82848],[14.60035,53.82841],[14.60233,53.82813],[14.60292,53.82832],[14.60482,53.82844],[14.60562,53.82883],[14.60674,53.82896],[14.60773,53.82942],[14.60934,53.82984],[14.61103,53.82972],[14.61214,53.82998],[14.61224,53.83027],[14.6126,53.83044],[14.61511,53.83111],[14.61648,53.83164],[14.61788,53.83296],[14.6181,53.83401],[14.61742,53.83563],[14.61706,53.8359],[14.61656,53.83739],[14.61648,53.83945],[14.61675,53.84001],[14.61616,53.84007],[14.61647,53.84049],[14.61687,53.84044],[14.61679,53.84011],[14.61697,53.84048],[14.61698,53.84112],[14.61723,53.84159],[14.61761,53.84215],[14.61778,53.84213],[14.61924,53.84418],[14.61911,53.84422],[14.61959,53.84485],[14.61956,53.84511],[14.61974,53.84518],[14.62049,53.84645],[14.6211,53.84714],[14.6215,53.84814],[14.62173,53.84824],[14.62231,53.84999],[14.62207,53.85007],[14.62208,53.85044],[14.62187,53.85052],[14.6216,53.85121],[14.62171,53.8519],[14.62115,53.85199],[14.62112,53.85246],[14.62091,53.8527],[14.62102,53.85273],[14.62084,53.85281],[14.6208,53.85307],[14.62055,53.85314],[14.62065,53.85329],[14.62052,53.85333],[14.62072,53.85352],[14.62019,53.85364],[14.61994,53.85408],[14.62007,53.85432],[14.61986,53.8552],[14.61924,53.85627],[14.6189,53.85655],[14.61896,53.85687],[14.61871,53.85715],[14.61856,53.85785],[14.61864,53.85844],[14.61827,53.85894],[14.61833,53.85923],[14.61751,53.86028],[14.61671,53.86064],[14.6161,53.86223],[14.61612,53.86266],[14.6159,53.86295],[14.61599,53.86366],[14.6158,53.86396],[14.61609,53.86426],[14.61648,53.86544],[14.6169,53.86596],[14.61698,53.86711],[14.6167,53.86748],[14.61734,53.86853],[14.6178,53.86877],[14.61759,53.86888],[14.61758,53.86908],[14.61853,53.86967],[14.61863,53.87039],[14.61906,53.87064],[14.61949,53.87141],[14.61948,53.87269],[14.6199,53.87372],[14.61988,53.87497],[14.62024,53.87561],[14.62123,53.87579],[14.62169,53.87615],[14.6215,53.87651],[14.62167,53.87704],[14.62279,53.87812],[14.6236,53.8785],[14.62458,53.87857],[14.62518,53.87893],[14.62568,53.87901],[14.6262,53.87981],[14.62683,53.88006],[14.62727,53.8805],[14.62875,53.88084],[14.6306,53.88188],[14.63106,53.88605],[14.63149,53.88708],[14.63192,53.88733],[14.63213,53.8881],[14.63256,53.88862],[14.63256,53.88913],[14.63363,53.89016],[14.63362,53.89144],[14.6335,53.8918],[14.63315,53.89195],[14.63351,53.89198],[14.6336,53.89282],[14.63348,53.89295],[14.63396,53.89349],[14.63401,53.89411],[14.63435,53.89435],[14.63457,53.89467],[14.63451,53.89483],[14.63512,53.89509],[14.63486,53.89538],[14.63507,53.89543],[14.635,53.89558],[14.63535,53.89583],[14.63555,53.89567],[14.63583,53.89607],[14.63691,53.89665],[14.63744,53.89732],[14.63869,53.89841],[14.64054,53.89922],[14.64105,53.90005],[14.64546,53.90395],[14.64636,53.90415],[14.64685,53.90406],[14.64699,53.90381],[14.64805,53.90372],[14.64896,53.90399],[14.64932,53.90435],[14.65072,53.90457],[14.65131,53.90515],[14.65211,53.90523],[14.65208,53.90569],[14.65335,53.90681],[14.65404,53.90695],[14.65435,53.90729],[14.65493,53.90741],[14.65544,53.90746],[14.65772,53.90684],[14.66083,53.90685],[14.66247,53.90733],[14.66236,53.90779],[14.66263,53.90802],[14.66409,53.90832],[14.66432,53.90809],[14.66451,53.90841],[14.66391,53.90858],[14.66451,53.91039],[14.66549,53.91063],[14.66526,53.9112],[14.66498,53.91125],[14.66517,53.91191],[14.6646,53.91199],[14.66443,53.91228],[14.6649,53.91256],[14.66493,53.91276],[14.66451,53.91279],[14.6638,53.91381],[14.66379,53.91457],[14.66465,53.91535],[14.66486,53.91586],[14.66595,53.91612],[14.66617,53.91689],[14.66789,53.91715],[14.66789,53.91767],[14.66919,53.9178],[14.6707,53.9187],[14.67112,53.91998],[14.67198,53.9205],[14.67198,53.92126],[14.67267,53.92327],[14.67426,53.9241],[14.67462,53.92513],[14.675,53.92521],[14.67511,53.92545],[14.67594,53.92561],[14.67706,53.92644],[14.67749,53.92654],[14.67776,53.92676],[14.67772,53.92693],[14.67799,53.92729],[14.6789,53.92783],[14.67916,53.92819],[14.6813,53.92935],[14.68256,53.92982],[14.68355,53.93049],[14.68414,53.93067],[14.68492,53.93127],[14.68616,53.93183],[14.68739,53.93281],[14.69011,53.93412],[14.69097,53.93515],[14.69184,53.93566],[14.69205,53.93617],[14.69292,53.9362],[14.69313,53.93669],[14.694,53.9372],[14.69442,53.93823],[14.69442,53.93925],[14.69484,53.94079],[14.69352,53.94258],[14.69352,53.94309],[14.69308,53.94335],[14.6922,53.94514],[14.69177,53.94539],[14.69132,53.94642],[14.69089,53.94667],[14.69044,53.94795],[14.68961,53.94884],[14.6882,53.94932],[14.68813,53.94944],[14.68882,53.94977],[14.68834,53.95035],[14.68787,53.95019],[14.68786,53.95034],[14.68763,53.95041],[14.68854,53.95059],[14.68813,53.95203],[14.68828,53.95275],[14.68779,53.95281],[14.68806,53.95327],[14.68866,53.95346],[14.68866,53.95461],[14.68973,53.95512],[14.69024,53.95583],[14.69033,53.95685],[14.69081,53.95763],[14.69149,53.95817],[14.69188,53.96],[14.69285,53.96042],[14.69371,53.96021],[14.69506,53.96109],[14.69515,53.96156],[14.69468,53.96178],[14.69467,53.96484],[14.69542,53.96556],[14.69604,53.96737],[14.69583,53.96861],[14.69677,53.96976],[14.69804,53.96983],[14.69842,53.97002],[14.69999,53.97002],[14.7005,53.97014],[14.7007,53.97052],[14.70027,53.97079],[14.70026,53.97206],[14.70004,53.97257],[14.69917,53.97257],[14.69923,53.97307],[14.69986,53.97389],[14.69958,53.97457],[14.69868,53.975],[14.69864,53.97515],[14.69916,53.97539],[14.69932,53.97573],[14.69969,53.97584],[14.69954,53.97652],[14.69977,53.97688],[14.69977,53.97743],[14.69942,53.97789],[14.69948,53.97821],[14.69925,53.97851],[14.69829,53.97843],[14.69847,53.97897],[14.69847,53.97974],[14.69976,53.98051],[14.70019,53.9823],[14.70017,53.98384],[14.69978,53.98457],[14.69973,53.98589],[14.69897,53.98691],[14.6984,53.98819],[14.69769,53.98902],[14.69622,53.98998],[14.69445,53.99152],[14.69446,53.99279],[14.69402,53.99305],[14.69399,53.99347],[14.69417,53.99408],[14.69486,53.99459],[14.69475,53.99502],[14.69448,53.99519],[14.69539,53.99515],[14.69557,53.99544],[14.69602,53.99556],[14.69596,53.99578],[14.69704,53.99613],[14.69704,53.99664],[14.69679,53.99663],[14.69676,53.99688],[14.69831,53.99697],[14.69949,53.99806],[14.69969,53.9985],[14.70033,53.99877],[14.70141,53.9988],[14.70178,53.99896],[14.70184,53.99832],[14.70218,53.99835],[14.70199,53.99909],[14.70219,53.9991],[14.70227,53.99873],[14.70242,53.99867],[14.70271,53.9988],[14.70254,53.9991],[14.70298,53.99881],[14.7065,53.99867],[14.7073,53.99879],[14.70749,53.99865],[14.70903,53.9985],[14.71008,53.99862],[14.71036,53.99854],[14.71053,53.99827],[14.71168,53.9978],[14.71257,53.99786],[14.71286,53.9982],[14.7146,53.99805],[14.71786,53.99903],[14.71906,53.99972],[14.71978,54.00042],[14.72186,54.00075],[14.72237,54.00114],[14.7223,54.00144],[14.72524,54.00279],[14.72615,54.00354],[14.72667,54.00365],[14.7272,54.0044],[14.72773,54.00478],[14.72894,54.00508],[14.73064,54.00516],[14.73139,54.00564],[14.7322,54.00588],[14.7344,54.00622],[14.73609,54.00678],[14.73799,54.00698],[14.73807,54.00716],[14.73888,54.00725],[14.73913,54.00746],[14.7402,54.0076],[14.74031,54.00781],[14.74186,54.00765],[14.74483,54.00793],[14.74553,54.0078],[14.7463,54.00797],[14.74654,54.0082],[14.74778,54.00824],[14.74813,54.00841],[14.74936,54.00829],[14.75066,54.00792],[14.75191,54.00846],[14.7552,54.00864],[14.7578,54.00924],[14.75972,54.00942],[14.76029,54.00974],[14.76154,54.01],[14.76412,54.01026],[14.76389,54.00994],[14.76354,54.00981],[14.7643,54.00964],[14.76406,54.00981],[14.76441,54.00993],[14.76434,54.01027],[14.76675,54.0109],[14.76776,54.0116],[14.76828,54.01232],[14.76806,54.01267],[14.76824,54.01345],[14.76791,54.01595],[14.76802,54.01595],[14.76808,54.01631],[14.76799,54.01676],[14.76779,54.01676],[14.76742,54.01956],[14.76761,54.01956],[14.76753,54.01989],[14.76736,54.01988],[14.76666,54.0228],[14.76666,54.02331],[14.76624,54.0237],[14.76617,54.02412],[14.76529,54.02471],[14.76403,54.02523],[14.76235,54.02552],[14.75963,54.02498],[14.75748,54.02431],[14.75674,54.02389],[14.75556,54.02296],[14.75345,54.02017],[14.75355,54.01998],[14.75329,54.01984],[14.75007,54.01916],[14.74717,54.01903],[14.74714,54.0189],[14.74697,54.01891],[14.74699,54.01902],[14.74349,54.01907],[14.74313,54.01921],[14.74023,54.01938],[14.73527,54.01908],[14.73302,54.01933],[14.73274,54.01912],[14.73266,54.01881],[14.73217,54.0189],[14.73224,54.01942],[14.73138,54.0196],[14.72935,54.02043],[14.72785,54.02126],[14.72495,54.024],[14.72615,54.02271],[14.72591,54.02239],[14.723,54.02087],[14.71936,54.01939],[14.71647,54.01853],[14.71184,54.01686],[14.70906,54.01569],[14.70485,54.01428],[14.70165,54.01298],[14.6927,54.01039],[14.69037,54.00953],[14.68103,54.00678],[14.68058,54.00648],[14.67773,54.0058],[14.67305,54.00434],[14.67135,54.00402],[14.67022,54.00359],[14.66667,54.00271],[14.65358,53.99998],[14.6415,53.9982],[14.63729,53.99724],[14.63601,53.99676],[14.62619,53.99454],[14.62007,53.99276],[14.61723,53.99228],[14.6167,53.99197],[14.61482,53.99173],[14.61373,53.99132],[14.60994,53.99048],[14.59975,53.98851],[14.58681,53.98572],[14.5775,53.98316],[14.56931,53.98115],[14.54857,53.97404],[14.54582,53.97324],[14.54413,53.97292],[14.53683,53.97079],[14.53118,53.96949],[14.5301,53.96911],[14.52121,53.96732],[14.51415,53.96619],[14.50838,53.96557],[14.50303,53.9646],[14.49917,53.96338],[14.49763,53.96236],[14.49532,53.96128],[14.49257,53.95941],[14.48762,53.95649],[14.4831,53.95336],[14.47826,53.95053],[14.47352,53.94736],[14.47033,53.94551],[14.46359,53.94102],[14.45993,53.93931],[14.45779,53.93789],[14.45065,53.93434],[14.44529,53.93239],[14.44396,53.93173],[14.44353,53.93177],[14.44368,53.93157],[14.44314,53.93148],[14.44313,53.93133],[14.44171,53.93059],[14.43746,53.92905],[14.43338,53.92781],[14.42998,53.92627],[14.42385,53.92416],[14.41947,53.92283],[14.41695,53.92235],[14.41102,53.92049],[14.39652,53.91686],[14.38701,53.91501],[14.37812,53.9135],[14.36317,53.91162],[14.35448,53.91096],[14.3486,53.91078],[14.33882,53.91131],[14.32928,53.91255],[14.32294,53.91364],[14.31384,53.91529],[14.30341,53.91782],[14.30136,53.91851],[14.30064,53.92982],[14.3003,53.93034],[14.29961,53.93071],[14.28227,53.93612],[14.28072,53.93698],[14.28041,53.93738],[14.28007,53.93732],[14.28011,53.93717],[14.28231,53.93597],[14.29947,53.93061],[14.30043,53.92972],[14.30082,53.92379],[14.29988,53.92377],[14.29991,53.92323],[14.30085,53.92325],[14.30106,53.91993],[14.30026,53.91992],[14.30031,53.9192],[14.30093,53.91921],[14.30099,53.9185],[14.29936,53.91863],[14.29838,53.91915],[14.29761,53.91936],[14.29042,53.92035]]],[[[14.21237,53.8675],[14.21386,53.86542],[14.2149,53.86544],[14.21502,53.86553],[14.21493,53.86572],[14.21594,53.86558],[14.21688,53.86592],[14.21734,53.86565],[14.21726,53.86532],[14.21791,53.86554],[14.21799,53.86535],[14.21839,53.86532],[14.21886,53.86563],[14.2189,53.86529],[14.21939,53.865],[14.21911,53.86494],[14.21929,53.86484],[14.21962,53.86483],[14.22021,53.86525],[14.22089,53.86496],[14.2214,53.86505],[14.22157,53.86492],[14.22126,53.86467],[14.222,53.86449],[14.22207,53.86438],[14.22188,53.86435],[14.22224,53.86417],[14.22271,53.86433],[14.22343,53.86411],[14.22364,53.8643],[14.22394,53.86422],[14.22477,53.86355],[14.2245,53.86348],[14.22482,53.86326],[14.2245,53.86333],[14.22458,53.86323],[14.22555,53.86322],[14.22884,53.86076],[14.23014,53.86025],[14.23052,53.85981],[14.23138,53.85955],[14.23308,53.85855],[14.23312,53.85834],[14.23396,53.85763],[14.23495,53.85752],[14.23702,53.85638],[14.23806,53.85536],[14.23869,53.85512],[14.23874,53.85489],[14.23951,53.85472],[14.24,53.85438],[14.2405,53.85381],[14.24055,53.85349],[14.24219,53.85246],[14.2456,53.8492],[14.25035,53.84546],[14.2516,53.84471],[14.25293,53.84358],[14.25387,53.84242],[14.25439,53.8422],[14.25494,53.84172],[14.2559,53.84136],[14.25668,53.84044],[14.25752,53.8401],[14.25907,53.83834],[14.25966,53.83787],[14.26091,53.83726],[14.26115,53.83679],[14.26229,53.83605],[14.26247,53.83558],[14.2633,53.835],[14.26361,53.83452],[14.26494,53.83367],[14.2655,53.83281],[14.26603,53.83276],[14.26665,53.83238],[14.26826,53.8303],[14.26858,53.83015],[14.26953,53.83019],[14.27145,53.82905],[14.27263,53.82816],[14.27328,53.82704],[14.27525,53.82604],[14.27684,53.82577],[14.27819,53.82521],[14.27983,53.82494],[14.28041,53.82462],[14.28037,53.82426],[14.28111,53.82413],[14.28136,53.82424],[14.28228,53.82401],[14.28244,53.82387],[14.28232,53.82366],[14.28286,53.82342],[14.28347,53.82338],[14.28363,53.82357],[14.28408,53.82365],[14.2846,53.82355],[14.28545,53.82309],[14.28754,53.8229],[14.28871,53.82299],[14.28977,53.82272],[14.29483,53.8229],[14.29509,53.82316],[14.29574,53.82336],[14.29631,53.82313],[14.29647,53.82287],[14.29632,53.82264],[14.30008,53.82255],[14.30098,53.82276],[14.30159,53.82252],[14.30245,53.82265],[14.30315,53.82226],[14.30282,53.82211],[14.30288,53.822],[14.30648,53.82222],[14.30785,53.82169],[14.308,53.82154],[14.30767,53.82124],[14.30788,53.82115],[14.31006,53.82089],[14.31029,53.82013],[14.31015,53.81964],[14.30788,53.81954],[14.30934,53.81946],[14.30957,53.81872],[14.30939,53.81818],[14.30942,53.81728],[14.309,53.81675],[14.30893,53.81636],[14.30812,53.81592],[14.30836,53.81516],[14.30845,53.81316],[14.3077,53.81261],[14.30702,53.81286],[14.3068,53.8131],[14.3058,53.81324],[14.3044,53.81411],[14.31019,53.80975],[14.31413,53.80975],[14.31741,53.80994],[14.31934,53.80975],[14.3202,53.80993],[14.32423,53.81005],[14.32487,53.80987],[14.32634,53.81025],[14.33032,53.81],[14.33117,53.81016],[14.33351,53.80953],[14.33648,53.8077],[14.33714,53.80708],[14.33774,53.80709],[14.33752,53.80756],[14.31834,53.82201],[14.31242,53.82622],[14.28704,53.84505],[14.28352,53.84836],[14.2822,53.8504],[14.28096,53.85271],[14.2784,53.85941],[14.27753,53.85977],[14.27794,53.86045],[14.27713,53.86078],[14.27759,53.86149],[14.27561,53.86655],[14.27524,53.86891],[14.27335,53.87319],[14.27257,53.87487],[14.27153,53.87658],[14.26999,53.87851],[14.26844,53.87893],[14.26788,53.87877],[14.26714,53.87828],[14.26634,53.87735],[14.26511,53.87656],[14.26466,53.87593],[14.26524,53.87602],[14.26631,53.8767],[14.26772,53.87842],[14.26813,53.87834],[14.26841,53.87807],[14.26667,53.87653],[14.26472,53.87542],[14.26424,53.87487],[14.26452,53.87335],[14.26712,53.86722],[14.26709,53.867],[14.26663,53.86667],[14.26523,53.86642],[14.26485,53.86669],[14.26369,53.86821],[14.26306,53.86934],[14.26267,53.87049],[14.26217,53.87327],[14.26214,53.874],[14.26236,53.87506],[14.26291,53.87637],[14.26331,53.87693],[14.26378,53.87721],[14.26323,53.87728],[14.26503,53.8782],[14.26586,53.87842],[14.26702,53.87924],[14.26688,53.87932],[14.26697,53.87938],[14.26714,53.87929],[14.26755,53.87954],[14.26811,53.88024],[14.26758,53.8811],[14.26627,53.88222],[14.26534,53.88296],[14.26439,53.88318],[14.26455,53.88343],[14.26217,53.8852],[14.26174,53.88516],[14.2615,53.88588],[14.2582,53.88787],[14.25832,53.88792],[14.25295,53.89218],[14.25266,53.89246],[14.25272,53.89269],[14.2522,53.89323],[14.25192,53.89324],[14.2516,53.89271],[14.25126,53.89271],[14.25112,53.89402],[14.25142,53.89404],[14.25139,53.89431],[14.25121,53.8943],[14.25123,53.89409],[14.25111,53.89408],[14.25092,53.89537],[14.25045,53.89584],[14.24788,53.89721],[14.24606,53.8995],[14.24979,53.89898],[14.24969,53.89778],[14.24979,53.89722],[14.2505,53.89649],[14.25091,53.89634],[14.25102,53.89646],[14.25094,53.89771],[14.25118,53.89902],[14.25182,53.89981],[14.25133,53.89994],[14.25452,53.90383],[14.25628,53.90495],[14.25867,53.90617],[14.25661,53.90619],[14.2535,53.90428],[14.25236,53.90326],[14.2499,53.90009],[14.24831,53.90042],[14.25003,53.90306],[14.25273,53.90608],[14.25255,53.90627],[14.24983,53.90639],[14.2475,53.9039],[14.24734,53.9016],[14.24659,53.9008],[14.24644,53.90084],[14.24626,53.90066],[14.24543,53.90078],[14.24554,53.9027],[14.24528,53.9026],[14.2453,53.90277],[14.24554,53.90276],[14.2456,53.90345],[14.24629,53.90478],[14.2475,53.90623],[14.24903,53.90705],[14.24988,53.9074],[14.25052,53.90745],[14.25258,53.90703],[14.25588,53.90712],[14.25594,53.90728],[14.25718,53.90712],[14.25722,53.90729],[14.25822,53.90722],[14.25822,53.90733],[14.26182,53.90763],[14.26447,53.90834],[14.26843,53.90989],[14.27514,53.91307],[14.27484,53.91327],[14.27341,53.91269],[14.27254,53.91265],[14.26779,53.91062],[14.26815,53.91033],[14.26702,53.90984],[14.2658,53.91077],[14.27115,53.91308],[14.27107,53.91322],[14.27457,53.91405],[14.27579,53.91564],[14.27612,53.91631],[14.2771,53.91679],[14.27596,53.91712],[14.27607,53.91735],[14.27708,53.91718],[14.27698,53.91696],[14.27716,53.91693],[14.27777,53.91734],[14.27857,53.91839],[14.2796,53.92163],[14.2791,53.92215],[14.27945,53.9228],[14.27938,53.92343],[14.27921,53.9241],[14.27908,53.92406],[14.27832,53.92524],[14.27856,53.9253],[14.27851,53.92538],[14.27828,53.9253],[14.27739,53.92641],[14.27715,53.92632],[14.27835,53.92503],[14.27838,53.92457],[14.27814,53.92448],[14.27799,53.92461],[14.27764,53.92426],[14.27736,53.92431],[14.27643,53.92386],[14.27615,53.92401],[14.2761,53.9238],[14.27578,53.92367],[14.27191,53.92281],[14.26629,53.92228],[14.26045,53.92257],[14.25453,53.92263],[14.24866,53.92329],[14.24076,53.92495],[14.23383,53.9268],[14.22646,53.92909],[14.2261,53.92773],[14.20766,53.91587],[14.19933,53.91538],[14.19685,53.915],[14.19494,53.91513],[14.19111,53.91577],[14.18747,53.91487],[14.18533,53.91409],[14.18533,53.91196],[14.19238,53.91209],[14.20577,53.91055],[14.20514,53.9098],[14.20392,53.90662],[14.20683,53.90459],[14.21226,53.9004],[14.21353,53.8874],[14.2154,53.88081],[14.21523,53.88023],[14.21449,53.87933],[14.21456,53.87821],[14.21409,53.87641],[14.21414,53.87602],[14.21347,53.87203],[14.21234,53.86799],[14.21237,53.8675]]],[[[19.64694,54.45339],[19.6387,54.45851],[19.63709,54.45743],[19.63608,54.457],[19.63373,54.45558],[19.62814,54.45281],[19.62327,54.45015],[19.62039,54.44893],[19.61637,54.44673],[19.61236,54.44487],[19.61151,54.44462],[19.61119,54.44432],[19.61055,54.4442],[19.60985,54.44366],[19.60755,54.4427],[19.60692,54.4423],[19.60645,54.4422],[19.60584,54.44171],[19.60476,54.44143],[19.60243,54.44034],[19.6011,54.43989],[19.59788,54.43818],[19.59628,54.4376],[19.59556,54.43708],[19.59341,54.43639],[19.58677,54.43339],[19.58602,54.43323],[19.58525,54.43276],[19.58283,54.43188],[19.5818,54.43125],[19.57898,54.43033],[19.57493,54.42854],[19.57392,54.42832],[19.56795,54.42586],[19.55801,54.42206],[19.55688,54.42181],[19.55453,54.42079],[19.55108,54.41971],[19.54542,54.41766],[19.53932,54.41573],[19.53872,54.41541],[19.53771,54.41521],[19.53521,54.41424],[19.53383,54.41391],[19.53057,54.4125],[19.51637,54.40804],[19.47797,54.39667],[19.47686,54.3965],[19.46055,54.39211],[19.45834,54.39173],[19.45009,54.38962],[19.44445,54.38846],[19.4401,54.38732],[19.43743,54.38689],[19.42574,54.38416],[19.39738,54.37807],[19.36814,54.37261],[19.3411,54.36847],[19.32294,54.36793],[19.31751,54.36721],[19.3139,54.3665],[19.3124,54.36755],[19.31084,54.36824],[19.30924,54.36869],[19.30468,54.36951],[19.30457,54.3694],[19.30936,54.36859],[19.31149,54.3679],[19.31367,54.36658],[19.31436,54.36587],[19.31495,54.36492],[19.3151,54.36451],[19.31299,54.36432],[19.31292,54.36041],[19.31217,54.35871],[19.31238,54.35863],[19.31217,54.35863],[19.31212,54.355],[19.3123,54.355],[19.31211,54.35493],[19.31282,54.35323],[19.31279,54.35053],[19.31298,54.35044],[19.31316,54.35042],[19.31316,54.35073],[19.31297,54.35086],[19.31307,54.3526],[19.31607,54.35209],[19.32243,54.35194],[19.32369,54.35211],[19.32487,54.35191],[19.32599,54.35199],[19.32703,54.35226],[19.32824,54.3522],[19.32897,54.35198],[19.33097,54.35205],[19.334,54.35182],[19.33507,54.35182],[19.3358,54.35201],[19.3381,54.35173],[19.33914,54.35125],[19.3397,54.35142],[19.3399,54.35169],[19.34187,54.35197],[19.34236,54.35178],[19.3427,54.35214],[19.34327,54.35213],[19.34407,54.35243],[19.34523,54.35231],[19.34577,54.35274],[19.34807,54.35155],[19.34837,54.3516],[19.349,54.35131],[19.34948,54.35142],[19.34992,54.35124],[19.35053,54.35145],[19.3505,54.3517],[19.35517,54.35263],[19.35949,54.35315],[19.36527,54.35467],[19.36635,54.35512],[19.36692,54.35578],[19.36768,54.35585],[19.36861,54.35703],[19.3717,54.35834],[19.38069,54.36107],[19.38335,54.36165],[19.38398,54.36372],[19.38628,54.36409],[19.38751,54.36461],[19.39048,54.3652],[19.39211,54.36531],[19.39549,54.36601],[19.39681,54.36601],[19.39832,54.36644],[19.40047,54.36646],[19.40294,54.36726],[19.40771,54.36745],[19.41084,54.36776],[19.4135,54.36893],[19.41736,54.37],[19.41806,54.36995],[19.41852,54.36937],[19.41916,54.36948],[19.41898,54.37003],[19.4231,54.37112],[19.42287,54.37121],[19.42302,54.37139],[19.42401,54.37184],[19.42446,54.37175],[19.42538,54.37207],[19.42688,54.37205],[19.42764,54.37236],[19.43005,54.37277],[19.43247,54.37361],[19.43441,54.37371],[19.43658,54.37478],[19.43857,54.3748],[19.4393,54.37591],[19.4392,54.37613],[19.43938,54.37625],[19.43925,54.37681],[19.43897,54.37725],[19.43927,54.37732],[19.43979,54.3765],[19.4404,54.37662],[19.44143,54.37603],[19.44128,54.37581],[19.44146,54.37569],[19.44186,54.37568],[19.44233,54.37592],[19.44345,54.37573],[19.44369,54.3764],[19.44419,54.37648],[19.44448,54.3767],[19.44459,54.37745],[19.44499,54.37765],[19.44509,54.37791],[19.44433,54.37873],[19.44309,54.37932],[19.44343,54.37953],[19.44743,54.37765],[19.44758,54.37777],[19.44566,54.37864],[19.44675,54.37943],[19.44714,54.37925],[19.44744,54.37937],[19.44881,54.37873],[19.44808,54.3782],[19.44783,54.37829],[19.44805,54.37818],[19.4482,54.37782],[19.44814,54.37817],[19.44887,54.3787],[19.44924,54.37853],[19.44979,54.37946],[19.4495,54.37952],[19.45007,54.37984],[19.45102,54.37984],[19.4518,54.38043],[19.45172,54.38065],[19.45191,54.38088],[19.45292,54.38104],[19.45492,54.38207],[19.45575,54.38223],[19.45594,54.38245],[19.45718,54.38283],[19.45791,54.38299],[19.45991,54.38297],[19.46021,54.38309],[19.46036,54.3834],[19.46114,54.3839],[19.46125,54.38416],[19.46094,54.38448],[19.461,54.38467],[19.46259,54.38544],[19.46284,54.38611],[19.46344,54.38647],[19.46348,54.38691],[19.46369,54.3871],[19.46497,54.38729],[19.46557,54.38764],[19.46693,54.38746],[19.46832,54.38772],[19.47014,54.38765],[19.47326,54.38867],[19.47723,54.38908],[19.47833,54.38959],[19.48398,54.39089],[19.48483,54.39139],[19.4853,54.39193],[19.48671,54.39239],[19.48714,54.39271],[19.48891,54.39268],[19.49386,54.39343],[19.4953,54.39427],[19.49835,54.39537],[19.50134,54.39613],[19.50323,54.39607],[19.50426,54.39625],[19.50459,54.39639],[19.50456,54.39657],[19.50488,54.39703],[19.50633,54.39789],[19.50704,54.39801],[19.50742,54.39786],[19.5096,54.39784],[19.50981,54.39812],[19.51375,54.39925],[19.51399,54.39937],[19.51395,54.3997],[19.51486,54.39973],[19.51602,54.40029],[19.5177,54.40062],[19.51797,54.40089],[19.51983,54.40085],[19.52029,54.40108],[19.52298,54.40121],[19.52382,54.40162],[19.52521,54.40191],[19.52561,54.40185],[19.52812,54.40324],[19.52965,54.40386],[19.53455,54.40495],[19.5354,54.40531],[19.53638,54.40505],[19.53684,54.40547],[19.53857,54.40559],[19.53958,54.40594],[19.53991,54.40665],[19.54022,54.40689],[19.54134,54.40724],[19.54326,54.40719],[19.54438,54.40772],[19.54555,54.40772],[19.5459,54.40803],[19.54634,54.40808],[19.54682,54.40837],[19.54674,54.40861],[19.54703,54.40894],[19.5484,54.40916],[19.54881,54.40982],[19.54995,54.41017],[19.55031,54.41073],[19.55194,54.41143],[19.55269,54.41151],[19.55424,54.41234],[19.55537,54.4125],[19.55714,54.41326],[19.55873,54.41346],[19.55972,54.4141],[19.56063,54.41422],[19.56141,54.41459],[19.56266,54.41465],[19.56424,54.4144],[19.56412,54.41547],[19.56469,54.41587],[19.56547,54.41598],[19.56541,54.41622],[19.56602,54.41664],[19.56672,54.41664],[19.56702,54.41632],[19.5676,54.41616],[19.56766,54.41598],[19.56836,54.41608],[19.56837,54.41647],[19.56809,54.41687],[19.56886,54.4173],[19.5694,54.41787],[19.57032,54.41804],[19.57162,54.41766],[19.57214,54.41777],[19.57198,54.41813],[19.5721,54.41827],[19.57275,54.41861],[19.57291,54.41886],[19.57373,54.41893],[19.57403,54.41915],[19.57405,54.41945],[19.57478,54.41971],[19.57522,54.42006],[19.58045,54.42154],[19.58408,54.42233],[19.58879,54.42376],[19.59303,54.42464],[19.59389,54.4254],[19.59491,54.42556],[19.5957,54.42601],[19.59827,54.4268],[19.59867,54.42745],[19.59761,54.42784],[19.59813,54.42827],[19.59917,54.42785],[19.59981,54.42831],[19.59984,54.42854],[19.59968,54.42856],[19.5999,54.4288],[19.60185,54.42899],[19.60274,54.42974],[19.60418,54.43026],[19.60717,54.43179],[19.60949,54.43256],[19.61159,54.43365],[19.61103,54.43379],[19.61108,54.43395],[19.61178,54.43387],[19.61245,54.43417],[19.61335,54.43413],[19.61426,54.43478],[19.61553,54.43504],[19.61575,54.4353],[19.61554,54.43534],[19.61559,54.43548],[19.61585,54.43567],[19.61692,54.43597],[19.61867,54.43712],[19.6187,54.43787],[19.61824,54.43816],[19.61877,54.43792],[19.61936,54.4381],[19.61941,54.43888],[19.62192,54.44046],[19.6228,54.44071],[19.6241,54.44146],[19.62485,54.44171],[19.62525,54.44237],[19.62733,54.44293],[19.62886,54.44412],[19.63159,54.4453],[19.63329,54.44555],[19.6363,54.44682],[19.63852,54.44754],[19.64056,54.44868],[19.64062,54.44922],[19.64097,54.44974],[19.64258,54.45016],[19.644,54.45102],[19.64671,54.45214],[19.64712,54.45277],[19.64845,54.45328],[19.64694,54.45339]]],[[[18.72473,54.378],[18.72377,54.37862],[18.72271,54.37976],[18.72096,54.37978],[18.71911,54.38082],[18.71888,54.38154],[18.71871,54.38165],[18.71933,54.38269],[18.72018,54.3833],[18.72062,54.38334],[18.72635,54.38039],[18.73356,54.38513],[18.73257,54.38561],[18.73199,54.38521],[18.72753,54.38743],[18.73148,54.39003],[18.72681,54.39244],[18.71484,54.38453],[18.71417,54.38487],[18.70774,54.39042],[18.70805,54.39052],[18.70816,54.39038],[18.71594,54.39294],[18.71558,54.39331],[18.70744,54.39063],[18.70562,54.39299],[18.70588,54.39312],[18.70566,54.39342],[18.70539,54.39342],[18.70496,54.39399],[18.70426,54.39536],[18.70448,54.39547],[18.70442,54.39559],[18.70713,54.396],[18.707,54.39625],[18.70638,54.39615],[18.70645,54.396],[18.70439,54.39564],[18.70405,54.39579],[18.70313,54.39764],[18.69811,54.3968],[18.6979,54.39712],[18.70855,54.39901],[18.69779,54.39723],[18.69697,54.39816],[18.69682,54.39811],[18.69697,54.39793],[18.69645,54.39746],[18.69184,54.39685],[18.69096,54.39842],[18.69562,54.39957],[18.69589,54.39919],[18.69822,54.39973],[18.69844,54.39963],[18.69888,54.39886],[18.6991,54.39882],[18.69918,54.39892],[18.69857,54.39976],[18.69875,54.39983],[18.69864,54.39994],[18.70089,54.40061],[18.70104,54.40128],[18.7004,54.40161],[18.71188,54.40449],[18.71507,54.40654],[18.71917,54.4049],[18.71901,54.40473],[18.72045,54.40423],[18.72047,54.40432],[18.71977,54.40458],[18.72013,54.40472],[18.71999,54.40482],[18.72113,54.40443],[18.72104,54.40435],[18.72116,54.4043],[18.72184,54.40418],[18.72175,54.4041],[18.72187,54.40406],[18.72252,54.40394],[18.72217,54.4036],[18.72301,54.40413],[18.72286,54.4042],[18.72255,54.40396],[18.71997,54.40496],[18.72011,54.40509],[18.72084,54.40483],[18.721,54.4049],[18.71949,54.40541],[18.71932,54.40524],[18.71556,54.40656],[18.71839,54.40842],[18.7255,54.40592],[18.72491,54.40556],[18.72498,54.40548],[18.72563,54.40588],[18.73058,54.40358],[18.73046,54.40348],[18.73111,54.40318],[18.7313,54.40333],[18.72665,54.40559],[18.7182,54.40856],[18.70961,54.40644],[18.70972,54.40628],[18.7101,54.40637],[18.71003,54.40648],[18.7135,54.40734],[18.71494,54.4066],[18.7115,54.40454],[18.69763,54.40126],[18.69078,54.40314],[18.68848,54.40311],[18.68747,54.40345],[18.68444,54.40501],[18.677,54.40839],[18.67355,54.4096],[18.66702,54.41155],[18.66293,54.4131],[18.66072,54.41433],[18.65909,54.4167],[18.65864,54.4167],[18.65836,54.41651],[18.65838,54.41631],[18.6588,54.41618],[18.6614,54.41221],[18.66201,54.40987],[18.66763,54.40902],[18.66758,54.40873],[18.66872,54.40856],[18.66757,54.40867],[18.66752,54.40838],[18.66367,54.40856],[18.66305,54.4083],[18.663,54.40812],[18.66473,54.40664],[18.66567,54.40613],[18.6671,54.40571],[18.68023,54.40379],[18.6801,54.40355],[18.68209,54.40217],[18.68218,54.40107],[18.6827,54.40049],[18.68332,54.40026],[18.6811,54.39731],[18.68138,54.39708],[18.6837,54.39675],[18.68379,54.39639],[18.68291,54.39536],[18.68391,54.39394],[18.68357,54.39376],[18.6822,54.39362],[18.68191,54.39289],[18.68123,54.39293],[18.68054,54.39318],[18.6794,54.39259],[18.67901,54.39261],[18.67846,54.39328],[18.67788,54.39357],[18.67613,54.3938],[18.67625,54.39365],[18.67611,54.3936],[18.67533,54.3939],[18.67207,54.39101],[18.67196,54.39046],[18.6752,54.38292],[18.67335,54.38263],[18.67023,54.38905],[18.66958,54.38913],[18.66824,54.38804],[18.66796,54.38743],[18.66251,54.38297],[18.66181,54.38029],[18.66236,54.37746],[18.66276,54.37652],[18.66301,54.37657],[18.66295,54.37636],[18.66356,54.37492],[18.66346,54.3748],[18.66653,54.36777],[18.66749,54.36725],[18.66675,54.36728],[18.66703,54.36716],[18.66723,54.36564],[18.66655,54.3616],[18.67127,54.35937],[18.67752,54.35588],[18.67777,54.35565],[18.6775,54.35552],[18.67777,54.35532],[18.67794,54.35525],[18.67822,54.35542],[18.68033,54.3547],[18.68129,54.35454],[18.68353,54.35431],[18.68512,54.35436],[18.68691,54.35467],[18.6891,54.3553],[18.69032,54.35628],[18.69054,54.35617],[18.69164,54.35658],[18.69163,54.35679],[18.69206,54.35695],[18.69394,54.35744],[18.69964,54.358],[18.70316,54.35791],[18.70821,54.35736],[18.71152,54.35744],[18.72355,54.35538],[18.72677,54.35547],[18.7305,54.35613],[18.73291,54.35611],[18.73728,54.35521],[18.73984,54.35439],[18.74142,54.3543],[18.7419,54.35417],[18.74192,54.35401],[18.74229,54.35384],[18.74374,54.35354],[18.74888,54.35192],[18.75329,54.35091],[18.7549,54.35079],[18.75638,54.35085],[18.75879,54.35131],[18.76159,54.35228],[18.76321,54.35302],[18.76485,54.35339],[18.77078,54.3534],[18.77722,54.35263],[18.77749,54.35265],[18.77762,54.35286],[18.78177,54.35284],[18.7821,54.35267],[18.78187,54.35179],[18.7789,54.3523],[18.77858,54.35221],[18.77825,54.35157],[18.78199,54.3508],[18.78261,54.35084],[18.78255,54.35013],[18.7814,54.34999],[18.77937,54.35049],[18.78122,54.34942],[18.78205,54.34923],[18.7842,54.34912],[18.78433,54.34927],[18.7839,54.35042],[18.7841,54.35046],[18.78519,54.34917],[18.78557,54.34919],[18.78366,54.35337],[18.78221,54.35785],[18.78208,54.35784],[18.78226,54.35712],[18.78122,54.35702],[18.78035,54.35791],[18.78068,54.358],[18.7801,54.35861],[18.78065,54.35879],[18.78049,54.35926],[18.78081,54.35936],[18.78048,54.36044],[18.77954,54.36084],[18.77984,54.36137],[18.77986,54.3626],[18.77938,54.36365],[18.77928,54.36436],[18.77782,54.36486],[18.7767,54.36558],[18.77648,54.36579],[18.7767,54.36593],[18.77668,54.36636],[18.77624,54.36659],[18.77416,54.36679],[18.77331,54.36703],[18.77293,54.36697],[18.77258,54.36669],[18.77087,54.3678],[18.77196,54.36768],[18.77292,54.36785],[18.77337,54.36758],[18.77345,54.36715],[18.77665,54.36671],[18.77684,54.36733],[18.77882,54.3682],[18.77959,54.36844],[18.7797,54.36836],[18.78028,54.36865],[18.78013,54.36922],[18.7794,54.36973],[18.77899,54.37067],[18.77736,54.37074],[18.77702,54.3721],[18.77676,54.3726],[18.77654,54.37248],[18.77694,54.37209],[18.77721,54.37115],[18.77677,54.37089],[18.7747,54.37043],[18.77191,54.37052],[18.76169,54.37216],[18.75252,54.37321],[18.74961,54.37374],[18.74651,54.37405],[18.74078,54.3741],[18.73432,54.37507],[18.73174,54.37564],[18.72473,54.378]]],[[[14.38922,53.84919],[14.38964,53.84972],[14.38963,53.85048],[14.38918,53.85176],[14.38851,53.85304],[14.38459,53.85417],[14.38329,53.85442],[14.38069,53.85441],[14.3767,53.85381],[14.37638,53.85392],[14.3733,53.85376],[14.37331,53.85365],[14.37127,53.85359],[14.3712,53.85344],[14.37084,53.85342],[14.36991,53.85369],[14.36786,53.85389],[14.36683,53.85382],[14.3654,53.85427],[14.36516,53.8541],[14.36475,53.8542],[14.36481,53.85439],[14.36311,53.85469],[14.36301,53.85488],[14.36213,53.85518],[14.35959,53.85588],[14.34941,53.86013],[14.3481,53.86038],[14.34723,53.86089],[14.34526,53.86337],[14.34235,53.86493],[14.34147,53.86574],[14.34073,53.8666],[14.34014,53.8678],[14.34002,53.86963],[14.33926,53.86964],[14.3392,53.86953],[14.33956,53.86947],[14.3395,53.86936],[14.33404,53.86959],[14.3337,53.86937],[14.33348,53.86957],[14.33024,53.86995],[14.32932,53.86917],[14.3294,53.86908],[14.32925,53.86896],[14.32904,53.86905],[14.32827,53.86879],[14.32815,53.86895],[14.32688,53.86882],[14.32609,53.86831],[14.3242,53.86762],[14.32349,53.86704],[14.32291,53.86643],[14.3225,53.86522],[14.32225,53.86508],[14.32227,53.86491],[14.32179,53.86476],[14.32045,53.86279],[14.31718,53.8614],[14.31712,53.86123],[14.31742,53.86106],[14.31733,53.8609],[14.3154,53.86048],[14.31496,53.86006],[14.31377,53.85972],[14.31326,53.85928],[14.31029,53.8582],[14.31006,53.85778],[14.30966,53.85791],[14.30858,53.85759],[14.30791,53.85729],[14.30783,53.85705],[14.30806,53.85692],[14.30755,53.85659],[14.30739,53.85667],[14.30598,53.85612],[14.30645,53.85588],[14.30637,53.85576],[14.30567,53.85594],[14.30521,53.85566],[14.30522,53.8555],[14.30509,53.85558],[14.30483,53.85532],[14.30355,53.85487],[14.30308,53.85463],[14.30319,53.85455],[14.30304,53.85461],[14.30221,53.85425],[14.30058,53.85338],[14.2968,53.85199],[14.29303,53.85146],[14.29149,53.85142],[14.29095,53.85156],[14.29005,53.85149],[14.28801,53.85185],[14.288,53.85198],[14.28941,53.85247],[14.29246,53.85262],[14.29572,53.8534],[14.2959,53.85354],[14.29586,53.85417],[14.29615,53.85488],[14.29598,53.85562],[14.29414,53.85603],[14.29401,53.85592],[14.29418,53.85578],[14.29411,53.85565],[14.29153,53.85572],[14.2913,53.856],[14.28958,53.85602],[14.28904,53.85628],[14.2876,53.85638],[14.28478,53.85717],[14.28462,53.85701],[14.28481,53.85663],[14.28576,53.85581],[14.28581,53.85391],[14.28416,53.85389],[14.28403,53.85399],[14.28387,53.85526],[14.28391,53.8567],[14.28377,53.85744],[14.28278,53.85775],[14.28248,53.85763],[14.2829,53.85605],[14.28478,53.85142],[14.28737,53.84796],[14.28903,53.84649],[14.29088,53.84493],[14.29193,53.84428],[14.29205,53.84401],[14.30979,53.83088],[14.31393,53.82784],[14.31413,53.82792],[14.31448,53.82767],[14.31426,53.82757],[14.32909,53.8169],[14.34005,53.8087],[14.3408,53.80845],[14.341,53.8087],[14.34078,53.80904],[14.34086,53.81039],[14.34054,53.81149],[14.34014,53.81192],[14.33963,53.81312],[14.33978,53.8135],[14.339,53.81398],[14.3389,53.81431],[14.33868,53.81432],[14.33838,53.81462],[14.3382,53.81525],[14.33834,53.81638],[14.3376,53.81762],[14.33747,53.81921],[14.33705,53.81974],[14.33724,53.82066],[14.33697,53.82081],[14.33743,53.82253],[14.33774,53.82317],[14.33839,53.82391],[14.33957,53.82477],[14.34063,53.82526],[14.34082,53.82574],[14.34101,53.82583],[14.34171,53.82563],[14.34213,53.82586],[14.34107,53.82599],[14.33995,53.82668],[14.33983,53.82694],[14.3391,53.82722],[14.33891,53.82747],[14.33869,53.8284],[14.33906,53.82899],[14.34045,53.82973],[14.34187,53.82953],[14.34232,53.82966],[14.34159,53.83087],[14.34081,53.83089],[14.33989,53.8313],[14.33946,53.8313],[14.33966,53.83183],[14.3404,53.83176],[14.34097,53.83206],[14.34086,53.83216],[14.34102,53.83223],[14.34176,53.83216],[14.34212,53.83234],[14.34289,53.83232],[14.34316,53.83212],[14.34371,53.83213],[14.34426,53.83238],[14.34464,53.83233],[14.3453,53.83159],[14.34638,53.83167],[14.34694,53.83209],[14.34704,53.83248],[14.34541,53.83226],[14.34507,53.83235],[14.34701,53.83339],[14.34703,53.83378],[14.34883,53.83423],[14.34995,53.83375],[14.35302,53.8357],[14.35282,53.83624],[14.35507,53.83661],[14.35604,53.83703],[14.35711,53.83793],[14.35841,53.83819],[14.36006,53.83774],[14.36036,53.83815],[14.36133,53.83766],[14.36193,53.83786],[14.36237,53.83858],[14.36317,53.83873],[14.36396,53.83853],[14.36455,53.8388],[14.36517,53.83884],[14.36658,53.83823],[14.36754,53.83823],[14.36847,53.83901],[14.36816,53.83934],[14.36999,53.83988],[14.37077,53.83994],[14.37088,53.84016],[14.37024,53.84],[14.36953,53.84018],[14.37031,53.84075],[14.37167,53.84068],[14.37304,53.84013],[14.37397,53.84007],[14.37424,53.83978],[14.37582,53.83965],[14.37662,53.84012],[14.37835,53.84006],[14.38089,53.84048],[14.38257,53.84113],[14.38735,53.84343],[14.38838,53.84715],[14.38922,53.84919]]],[[[14.70967,53.94624],[14.71142,53.9464],[14.71236,53.94613],[14.71351,53.94638],[14.7152,53.94703],[14.71613,53.94714],[14.71659,53.94746],[14.71889,53.94815],[14.72192,53.94944],[14.72422,53.95018],[14.72584,53.95012],[14.72999,53.95089],[14.73106,53.95133],[14.73402,53.95155],[14.73407,53.95167],[14.73419,53.95155],[14.73432,53.95169],[14.73435,53.95148],[14.73454,53.95149],[14.73486,53.95181],[14.73536,53.95173],[14.73534,53.95199],[14.73565,53.95172],[14.73637,53.95175],[14.73655,53.95191],[14.73635,53.95209],[14.73667,53.95214],[14.737,53.95261],[14.73807,53.95324],[14.73815,53.95335],[14.73791,53.95354],[14.73799,53.95369],[14.73827,53.95342],[14.74021,53.95427],[14.74119,53.95435],[14.74055,53.95463],[14.74063,53.95478],[14.7414,53.95463],[14.74145,53.95495],[14.74163,53.95505],[14.74267,53.95505],[14.7428,53.95517],[14.74386,53.95491],[14.74577,53.95537],[14.74631,53.95528],[14.74674,53.95493],[14.74792,53.95472],[14.74821,53.95481],[14.74798,53.95442],[14.74829,53.95416],[14.74934,53.95415],[14.74886,53.95397],[14.74902,53.95357],[14.74949,53.95354],[14.74971,53.95371],[14.74996,53.95351],[14.74993,53.95335],[14.74958,53.95347],[14.74889,53.95331],[14.74869,53.95297],[14.74975,53.95187],[14.75038,53.95193],[14.7516,53.95165],[14.75285,53.95161],[14.75332,53.95188],[14.75299,53.95206],[14.753,53.95222],[14.75337,53.9523],[14.7539,53.95202],[14.75536,53.95286],[14.75594,53.95264],[14.757,53.95304],[14.75803,53.95415],[14.75914,53.95506],[14.76008,53.95723],[14.76029,53.96066],[14.76028,53.96118],[14.75875,53.96297],[14.75723,53.96399],[14.75591,53.96552],[14.75613,53.96604],[14.75547,53.96655],[14.75633,53.96783],[14.75671,53.96951],[14.75731,53.97],[14.75744,53.97111],[14.75734,53.97149],[14.75714,53.97163],[14.7572,53.9722],[14.75619,53.97278],[14.75492,53.97315],[14.75395,53.97309],[14.75173,53.97419],[14.74956,53.97486],[14.74771,53.97579],[14.74528,53.97739],[14.74151,53.97829],[14.73546,53.97883],[14.72931,53.97978],[14.72395,53.98005],[14.7141,53.98006],[14.7115,53.97934],[14.71064,53.97925],[14.70977,53.97823],[14.71014,53.97793],[14.71245,53.97694],[14.71301,53.97646],[14.71327,53.97567],[14.71328,53.97388],[14.71416,53.9721],[14.71482,53.97171],[14.71569,53.97158],[14.71606,53.97061],[14.71702,53.97036],[14.71722,53.96954],[14.71657,53.96915],[14.71604,53.96916],[14.71565,53.96899],[14.7157,53.96847],[14.72093,53.96706],[14.72012,53.96713],[14.71567,53.96827],[14.71442,53.96825],[14.71326,53.96801],[14.71137,53.96722],[14.70792,53.96439],[14.70727,53.96311],[14.70685,53.96131],[14.70578,53.96003],[14.70491,53.95926],[14.70514,53.95772],[14.70428,53.95644],[14.70305,53.95515],[14.70257,53.95356],[14.70256,53.952],[14.7029,53.9497],[14.70271,53.94932],[14.70329,53.94843],[14.70439,53.94766],[14.70641,53.94684],[14.70824,53.94636],[14.70967,53.94624]]],[[[14.4136,53.85365],[14.41366,53.85385],[14.41418,53.8543],[14.41537,53.85477],[14.4134,53.85548],[14.41155,53.85592],[14.41026,53.85658],[14.40905,53.85757],[14.40967,53.85785],[14.41133,53.85671],[14.41253,53.85612],[14.41543,53.85528],[14.41675,53.8552],[14.41705,53.8553],[14.41677,53.85547],[14.417,53.85569],[14.41732,53.85568],[14.41768,53.85544],[14.4178,53.85563],[14.41728,53.8563],[14.41662,53.85655],[14.41642,53.85578],[14.41558,53.8559],[14.41511,53.85629],[14.41487,53.85731],[14.4155,53.85936],[14.41569,53.8605],[14.41557,53.86192],[14.41579,53.86295],[14.41566,53.86346],[14.41224,53.86377],[14.41003,53.86352],[14.40788,53.86309],[14.3988,53.86039],[14.39319,53.85896],[14.39307,53.85838],[14.39666,53.85916],[14.40158,53.85934],[14.40376,53.85996],[14.40644,53.86016],[14.4072,53.85982],[14.40887,53.85863],[14.40857,53.85836],[14.40803,53.85838],[14.40666,53.85963],[14.40575,53.85973],[14.40086,53.85877],[14.39809,53.85887],[14.39646,53.85874],[14.39105,53.85702],[14.38804,53.85585],[14.38783,53.85483],[14.39002,53.8533],[14.39091,53.85151],[14.39137,53.84972],[14.38887,53.84331],[14.3873,53.8413],[14.38558,53.83982],[14.38216,53.83748],[14.38257,53.83683],[14.38442,53.83654],[14.38486,53.83627],[14.38746,53.83629],[14.38853,53.83668],[14.38895,53.83746],[14.38959,53.8381],[14.39089,53.83862],[14.39348,53.83902],[14.39346,53.84004],[14.39432,53.84056],[14.39476,53.84043],[14.39692,53.84057],[14.39608,53.83903],[14.39694,53.83916],[14.39909,53.84032],[14.4004,53.83982],[14.40125,53.84046],[14.40212,53.84072],[14.4034,53.84163],[14.40254,53.84149],[14.39994,53.84161],[14.40036,53.84224],[14.4008,53.84224],[14.40123,53.842],[14.40383,53.84201],[14.40469,53.84227],[14.40859,53.84242],[14.41117,53.84359],[14.4129,53.84411],[14.41548,53.84566],[14.41677,53.84617],[14.4174,53.84733],[14.41738,53.84861],[14.41629,53.84938],[14.41574,53.84901],[14.41495,53.84898],[14.41475,53.84974],[14.41552,53.85028],[14.4161,53.85015],[14.41584,53.8499],[14.41609,53.84979],[14.4165,53.85011],[14.41675,53.8507],[14.4172,53.85084],[14.4172,53.85179],[14.41768,53.85214],[14.41758,53.85237],[14.41698,53.85212],[14.41651,53.85239],[14.41644,53.85255],[14.41669,53.85263],[14.41657,53.85273],[14.41695,53.85323],[14.41726,53.85341],[14.41789,53.85343],[14.41857,53.85317],[14.41923,53.85329],[14.41948,53.85349],[14.41861,53.85425],[14.41839,53.85469],[14.41734,53.85498],[14.41652,53.85487],[14.41631,53.85453],[14.41559,53.85466],[14.41445,53.85436],[14.41374,53.85383],[14.41386,53.85341],[14.41457,53.85341],[14.41479,53.85326],[14.41485,53.85284],[14.41517,53.85242],[14.41493,53.85189],[14.41469,53.85199],[14.41446,53.85184],[14.413,53.85186],[14.41195,53.85213],[14.41152,53.85288],[14.41223,53.85348],[14.4136,53.85365]]],[[[14.3783,53.875],[14.37789,53.87557],[14.37765,53.87527],[14.37776,53.87511],[14.37686,53.87491],[14.37621,53.87497],[14.37615,53.87471],[14.37594,53.87459],[14.37518,53.87457],[14.37513,53.87438],[14.37446,53.87404],[14.37468,53.87384],[14.37445,53.87378],[14.37417,53.87338],[14.37239,53.87275],[14.37103,53.87269],[14.3703,53.87289],[14.37039,53.87248],[14.36998,53.87214],[14.37013,53.8717],[14.36911,53.87118],[14.36767,53.8712],[14.36719,53.87161],[14.36674,53.87152],[14.36675,53.87126],[14.36631,53.87126],[14.36586,53.87149],[14.3659,53.87173],[14.36438,53.87269],[14.36279,53.87278],[14.36283,53.87252],[14.36248,53.87245],[14.36188,53.87283],[14.3609,53.87266],[14.35998,53.87332],[14.35937,53.87521],[14.36041,53.87727],[14.36305,53.87821],[14.36828,53.87855],[14.36868,53.87945],[14.36984,53.87991],[14.37098,53.87975],[14.37184,53.87943],[14.37203,53.87934],[14.37201,53.8791],[14.37238,53.87933],[14.36712,53.88146],[14.36573,53.88228],[14.36384,53.88257],[14.36036,53.88245],[14.35912,53.88206],[14.35809,53.88138],[14.35755,53.88065],[14.35726,53.87994],[14.35665,53.8796],[14.356,53.87966],[14.35448,53.88028],[14.35255,53.87913],[14.35269,53.87898],[14.35287,53.87909],[14.35304,53.87899],[14.35236,53.87876],[14.35253,53.87893],[14.35245,53.87909],[14.35223,53.87877],[14.35158,53.87853],[14.3507,53.8769],[14.35005,53.87615],[14.34705,53.87467],[14.346,53.8744],[14.34566,53.87447],[14.34523,53.87428],[14.34619,53.87301],[14.34671,53.87259],[14.3473,53.87243],[14.34782,53.87272],[14.34848,53.87259],[14.34868,53.87232],[14.34954,53.87224],[14.35011,53.872],[14.35077,53.8715],[14.35074,53.87138],[14.3516,53.87135],[14.35252,53.87098],[14.35241,53.87088],[14.35269,53.87059],[14.35198,53.87026],[14.35183,53.86961],[14.35241,53.86922],[14.35317,53.86923],[14.35326,53.86863],[14.3538,53.86841],[14.3537,53.8682],[14.35428,53.86721],[14.35696,53.86508],[14.35681,53.86498],[14.35745,53.86414],[14.35729,53.86377],[14.3587,53.86185],[14.35979,53.86109],[14.35992,53.86074],[14.36043,53.86051],[14.36042,53.86032],[14.3609,53.86011],[14.36081,53.85992],[14.36389,53.85864],[14.3637,53.85838],[14.36518,53.85775],[14.36504,53.85747],[14.36563,53.85731],[14.36611,53.85745],[14.36584,53.85892],[14.36667,53.86092],[14.36733,53.86172],[14.36737,53.8628],[14.36785,53.86322],[14.36934,53.86383],[14.36974,53.86464],[14.37034,53.86524],[14.37118,53.86561],[14.37573,53.86626],[14.37649,53.86698],[14.37649,53.86727],[14.37587,53.86842],[14.37638,53.87125],[14.37751,53.87325],[14.37835,53.87421],[14.37836,53.8745],[14.37818,53.87471],[14.3783,53.875]]],[[[14.51366,53.75035],[14.51315,53.75184],[14.5122,53.75334],[14.51079,53.75463],[14.50921,53.75564],[14.50752,53.75647],[14.50608,53.75692],[14.50243,53.75756],[14.50059,53.75764],[14.49682,53.75744],[14.4945,53.75696],[14.49223,53.75613],[14.49025,53.7551],[14.48852,53.75368],[14.48758,53.75254],[14.48693,53.75101],[14.48681,53.74948],[14.48707,53.74797],[14.48781,53.74652],[14.489,53.74518],[14.49059,53.744],[14.49254,53.74301],[14.49476,53.74226],[14.49719,53.74178],[14.49972,53.74157],[14.50228,53.74165],[14.50476,53.74202],[14.50708,53.74266],[14.50915,53.74355],[14.5109,53.74465],[14.51227,53.74593],[14.51321,53.74735],[14.51367,53.74884],[14.51366,53.75035]]],[[[19.37013,54.33373],[19.37145,54.33209],[19.37482,54.32955],[19.37667,54.32859],[19.37967,54.32737],[19.38402,54.3263],[19.38812,54.32605],[19.39088,54.32651],[19.39219,54.32703],[19.39315,54.32776],[19.39364,54.32837],[19.39405,54.32951],[19.39392,54.33106],[19.39326,54.33245],[19.39175,54.33426],[19.39005,54.33566],[19.38795,54.337],[19.3856,54.33815],[19.38321,54.33905],[19.37967,54.33993],[19.37621,54.34026],[19.37386,54.3401],[19.37176,54.33953],[19.37063,54.33893],[19.36945,54.3376],[19.3692,54.33659],[19.36946,54.33501],[19.37013,54.33373]]],[[[14.60984,53.41452],[14.60982,53.41512],[14.61005,53.41536],[14.61004,53.41604],[14.60941,53.41775],[14.60659,53.42262],[14.60566,53.42287],[14.60353,53.42199],[14.60152,53.42174],[14.59972,53.42181],[14.59066,53.42296],[14.59032,53.42246],[14.59029,53.42207],[14.58937,53.41989],[14.58872,53.41901],[14.58886,53.41855],[14.58835,53.41792],[14.58827,53.4173],[14.5879,53.41693],[14.5872,53.41483],[14.58839,53.41374],[14.59101,53.41359],[14.59135,53.41343],[14.59402,53.41339],[14.60762,53.41145],[14.6082,53.41168],[14.60888,53.41241],[14.60917,53.41321],[14.60946,53.41345],[14.60955,53.4138],[14.61016,53.41426],[14.60984,53.41452]]],[[[18.65542,54.37625],[18.6534,54.37342],[18.65204,54.37379],[18.65521,54.37818],[18.65327,54.37793],[18.65266,54.37851],[18.65271,54.37864],[18.65534,54.37906],[18.65524,54.37924],[18.65245,54.37877],[18.65204,54.37911],[18.65253,54.37931],[18.65561,54.37984],[18.65236,54.37935],[18.65182,54.38029],[18.65168,54.3803],[18.64785,54.3788],[18.64626,54.37756],[18.64536,54.37649],[18.64858,54.37504],[18.64827,54.3748],[18.64523,54.37608],[18.64463,54.37509],[18.64447,54.37352],[18.64821,54.37321],[18.64809,54.37263],[18.64446,54.37292],[18.64453,54.37228],[18.64575,54.37205],[18.64698,54.37091],[18.64743,54.37089],[18.64721,54.36904],[18.64851,54.36796],[18.64841,54.3679],[18.65019,54.36656],[18.65314,54.3657],[18.65317,54.3655],[18.65425,54.36544],[18.65451,54.36578],[18.65924,54.36454],[18.65957,54.36437],[18.65939,54.36414],[18.66328,54.3631],[18.66326,54.36354],[18.6642,54.36794],[18.66343,54.36819],[18.66372,54.36855],[18.66424,54.36848],[18.65937,54.37952],[18.6575,54.37923],[18.66078,54.37186],[18.65812,54.37146],[18.65771,54.37228],[18.657,54.37151],[18.65497,54.37212],[18.65756,54.3756],[18.65703,54.37671],[18.65663,54.3771],[18.65669,54.37724],[18.65633,54.37713],[18.65542,54.37625]]],[[[14.38021,53.87472],[14.37933,53.87444],[14.37803,53.8727],[14.37699,53.87015],[14.37658,53.86841],[14.37774,53.86758],[14.3779,53.86731],[14.37667,53.86629],[14.37611,53.86602],[14.37469,53.86566],[14.37149,53.86526],[14.3708,53.86501],[14.37022,53.86427],[14.37037,53.8639],[14.36827,53.86303],[14.36784,53.86272],[14.36789,53.86166],[14.3663,53.85872],[14.36701,53.85759],[14.36703,53.85699],[14.36729,53.85694],[14.36778,53.85723],[14.36851,53.85692],[14.37105,53.85645],[14.37267,53.85594],[14.3733,53.85591],[14.37599,53.85752],[14.37826,53.86021],[14.3819,53.86279],[14.38427,53.86474],[14.38681,53.8664],[14.3882,53.86756],[14.38799,53.86863],[14.38749,53.86927],[14.38631,53.86963],[14.3858,53.87031],[14.38602,53.87043],[14.38594,53.87066],[14.38548,53.87043],[14.38496,53.87056],[14.38438,53.87098],[14.38477,53.87118],[14.38518,53.8711],[14.38534,53.87125],[14.38519,53.87138],[14.38371,53.87111],[14.38339,53.8714],[14.3836,53.87151],[14.38365,53.87189],[14.38224,53.87221],[14.38216,53.87239],[14.38237,53.87253],[14.38219,53.8726],[14.38253,53.87261],[14.38279,53.87282],[14.38229,53.87319],[14.38186,53.87412],[14.38114,53.87483],[14.38056,53.87495],[14.3804,53.87522],[14.37962,53.87539],[14.37903,53.87511],[14.3791,53.87465],[14.37987,53.87482],[14.38021,53.87472]]],[[[14.45975,53.79432],[14.45917,53.79545],[14.45792,53.79661],[14.45655,53.79748],[14.45331,53.79853],[14.45157,53.79877],[14.44974,53.79882],[14.44767,53.79861],[14.44601,53.79823],[14.44442,53.79763],[14.44297,53.79679],[14.44154,53.79538],[14.44098,53.79429],[14.44081,53.79305],[14.44097,53.79221],[14.44159,53.791],[14.44278,53.78973],[14.44419,53.78884],[14.44531,53.78836],[14.44792,53.78767],[14.4509,53.78749],[14.45294,53.7877],[14.45497,53.78818],[14.4564,53.78871],[14.4576,53.78938],[14.45894,53.79054],[14.45955,53.79147],[14.45998,53.79319],[14.45975,53.79432]]],[[[14.6257,53.53189],[14.61751,53.53666],[14.61776,53.53682],[14.61672,53.53767],[14.61325,53.53607],[14.61271,53.53599],[14.61274,53.53562],[14.61231,53.53477],[14.6112,53.52958],[14.61184,53.52865],[14.61469,53.52668],[14.61704,53.52523],[14.61831,53.52464],[14.62055,53.52401],[14.62443,53.52426],[14.62874,53.52567],[14.62937,53.52682],[14.6257,53.53189]]],[[[14.37289,53.87963],[14.37497,53.8792],[14.3755,53.87882],[14.37582,53.87878],[14.37618,53.87898],[14.37601,53.87925],[14.37539,53.87929],[14.3744,53.87976],[14.37314,53.87996],[14.37217,53.88051],[14.37119,53.88058],[14.37064,53.88092],[14.3706,53.88111],[14.37035,53.88106],[14.3701,53.8813],[14.37031,53.88135],[14.3702,53.88147],[14.36996,53.88152],[14.37019,53.88164],[14.36998,53.88171],[14.36976,53.8821],[14.37006,53.88251],[14.37059,53.88278],[14.37009,53.88372],[14.37029,53.88404],[14.37017,53.88449],[14.36794,53.88709],[14.36623,53.88771],[14.36471,53.88763],[14.35975,53.88627],[14.35907,53.88585],[14.3582,53.88461],[14.35707,53.88417],[14.35573,53.88393],[14.35575,53.88381],[14.35081,53.88396],[14.34901,53.88387],[14.34554,53.88312],[14.34356,53.88239],[14.34313,53.88201],[14.34339,53.88111],[14.34426,53.88053],[14.3452,53.88053],[14.34747,53.88099],[14.34747,53.8811],[14.34755,53.881],[14.35052,53.88149],[14.35134,53.88141],[14.35259,53.88082],[14.35301,53.88043],[14.35279,53.88041],[14.35283,53.87985],[14.35361,53.88014],[14.35409,53.88051],[14.35453,53.8806],[14.35505,53.88054],[14.35597,53.88002],[14.35654,53.87995],[14.35673,53.88],[14.35692,53.88076],[14.35749,53.88148],[14.35926,53.8825],[14.36104,53.88284],[14.36459,53.88286],[14.36599,53.88258],[14.37126,53.88016],[14.37289,53.87963]]],[[[14.33718,53.87604],[14.3363,53.87498],[14.33557,53.87445],[14.33545,53.87397],[14.336,53.8738],[14.34034,53.87392],[14.34067,53.87372],[14.3407,53.8734],[14.34123,53.87315],[14.34348,53.87322],[14.34378,53.87309],[14.34391,53.87323],[14.34385,53.87362],[14.34413,53.87365],[14.34446,53.87466],[14.34555,53.87532],[14.34815,53.87592],[14.34858,53.87589],[14.3497,53.87661],[14.35045,53.87836],[14.35221,53.88008],[14.3523,53.88034],[14.35152,53.88086],[14.35001,53.8811],[14.34878,53.88093],[14.34738,53.88049],[14.34821,53.88042],[14.34766,53.88029],[14.34432,53.88019],[14.34363,53.88035],[14.34294,53.8809],[14.34248,53.88205],[14.34148,53.88221],[14.34154,53.88196],[14.34135,53.88215],[14.34025,53.88192],[14.33734,53.88095],[14.33608,53.88032],[14.33734,53.87957],[14.33791,53.87888],[14.33767,53.87842],[14.33585,53.87797],[14.33548,53.87775],[14.33725,53.87688],[14.33718,53.87604]]],[[[14.25947,53.89093],[14.25906,53.89121],[14.2587,53.89109],[14.26945,53.88294],[14.27338,53.87906],[14.27541,53.87601],[14.27611,53.8747],[14.27808,53.86961],[14.27935,53.8657],[14.2795,53.86572],[14.27953,53.86662],[14.27965,53.86672],[14.27954,53.86743],[14.27964,53.8681],[14.27993,53.86858],[14.27968,53.87098],[14.27961,53.87115],[14.27919,53.87132],[14.27873,53.87235],[14.27683,53.8744],[14.2766,53.87496],[14.27648,53.87734],[14.27708,53.87939],[14.27698,53.88001],[14.27721,53.88011],[14.27709,53.88023],[14.2774,53.88237],[14.2772,53.88337],[14.27645,53.88386],[14.27659,53.88394],[14.27552,53.88477],[14.27391,53.88573],[14.27346,53.88568],[14.27284,53.88586],[14.27003,53.88692],[14.26682,53.88717],[14.26559,53.88799],[14.26568,53.88829],[14.26537,53.88874],[14.26426,53.88887],[14.26324,53.88951],[14.26079,53.89038],[14.25994,53.89094],[14.25947,53.89093]]],[[[14.58729,53.59467],[14.58696,53.59278],[14.58707,53.59166],[14.58692,53.59154],[14.58689,53.59037],[14.58668,53.58988],[14.58691,53.58862],[14.58677,53.58851],[14.58657,53.58691],[14.5866,53.58589],[14.58637,53.58538],[14.58652,53.58451],[14.58621,53.58373],[14.58608,53.5825],[14.58626,53.58242],[14.58618,53.58221],[14.58645,53.5815],[14.58694,53.58102],[14.58727,53.58052],[14.58723,53.58034],[14.58893,53.5784],[14.58996,53.57769],[14.59154,53.57697],[14.59148,53.57729],[14.59164,53.57746],[14.59173,53.5781],[14.59221,53.57881],[14.59151,53.57868],[14.5915,53.57898],[14.5925,53.57912],[14.59282,53.57949],[14.59296,53.57944],[14.59356,53.57985],[14.59307,53.58004],[14.59342,53.58044],[14.59331,53.58059],[14.59359,53.58097],[14.59362,53.58181],[14.59414,53.58279],[14.59393,53.58285],[14.59418,53.58364],[14.59351,53.58384],[14.59339,53.58399],[14.59358,53.58408],[14.59347,53.58421],[14.59365,53.58425],[14.59367,53.58445],[14.59238,53.58547],[14.59244,53.586],[14.59224,53.58626],[14.59249,53.58628],[14.59251,53.58665],[14.59215,53.58681],[14.59231,53.58702],[14.59211,53.58727],[14.59203,53.58717],[14.59183,53.58803],[14.59161,53.58817],[14.59194,53.58829],[14.59176,53.58853],[14.59172,53.58911],[14.59127,53.5893],[14.59089,53.58971],[14.59076,53.59026],[14.5911,53.59096],[14.59092,53.59105],[14.5901,53.59072],[14.58896,53.59132],[14.58844,53.59207],[14.58872,53.59279],[14.58791,53.5934],[14.58788,53.59412],[14.58771,53.59459],[14.58729,53.59467]]],[[[14.3934,53.86625],[14.3928,53.86614],[14.39207,53.86634],[14.39181,53.86615],[14.38973,53.86564],[14.38988,53.8656],[14.38952,53.86539],[14.3895,53.86394],[14.39087,53.86026],[14.40088,53.86249],[14.40957,53.86522],[14.40951,53.86557],[14.40928,53.86566],[14.40905,53.86554],[14.40874,53.86584],[14.40834,53.86592],[14.40753,53.86575],[14.4066,53.86608],[14.40673,53.86675],[14.40637,53.86671],[14.40588,53.86628],[14.40405,53.86665],[14.40342,53.86641],[14.40264,53.86661],[14.40224,53.86641],[14.40163,53.86646],[14.40122,53.86675],[14.40011,53.867],[14.39862,53.86672],[14.39819,53.867],[14.39784,53.86683],[14.39825,53.86668],[14.39817,53.86649],[14.39786,53.86631],[14.39744,53.86645],[14.39705,53.86603],[14.39677,53.86617],[14.39615,53.86605],[14.39609,53.8659],[14.39483,53.86579],[14.3934,53.86625]]],[[[14.32354,53.87582],[14.32352,53.87405],[14.32336,53.87358],[14.32422,53.87389],[14.32487,53.8739],[14.32563,53.87367],[14.32667,53.87396],[14.32713,53.87373],[14.32761,53.87372],[14.32895,53.87397],[14.33089,53.87389],[14.33212,53.87414],[14.33301,53.87398],[14.33423,53.87403],[14.33483,53.8742],[14.33601,53.87518],[14.33687,53.87625],[14.33686,53.87655],[14.33663,53.87685],[14.3364,53.87676],[14.3365,53.87692],[14.33509,53.87751],[14.335,53.87767],[14.33513,53.87793],[14.33576,53.87824],[14.33734,53.87856],[14.33754,53.87888],[14.33696,53.87943],[14.33528,53.88025],[14.33356,53.88076],[14.33278,53.88088],[14.32854,53.88074],[14.32748,53.88022],[14.3277,53.87948],[14.32714,53.87853],[14.32507,53.87722],[14.32339,53.87661],[14.32354,53.87582]]],[[[14.59084,53.45037],[14.59051,53.45007],[14.58989,53.44958],[14.58948,53.44951],[14.58867,53.44839],[14.59329,53.44721],[14.59304,53.44633],[14.59281,53.44624],[14.59318,53.44614],[14.59288,53.44568],[14.58767,53.44701],[14.58688,53.44578],[14.58578,53.44582],[14.5866,53.44537],[14.58602,53.44429],[14.58542,53.44235],[14.58567,53.4424],[14.58549,53.44225],[14.58778,53.44332],[14.58876,53.44264],[14.58681,53.44175],[14.5853,53.44182],[14.58495,53.44035],[14.58564,53.44028],[14.59009,53.44244],[14.59172,53.44363],[14.59284,53.44469],[14.59347,53.44594],[14.59393,53.44732],[14.59376,53.44748],[14.59596,53.45435],[14.5947,53.45455],[14.59503,53.45519],[14.5948,53.45524],[14.59452,53.45474],[14.59316,53.45492],[14.59221,53.45324],[14.59178,53.45329],[14.59187,53.45198],[14.59059,53.45185],[14.5904,53.45145],[14.59073,53.451],[14.59084,53.45037]]],[[[14.60161,53.55918],[14.60237,53.55838],[14.60356,53.55777],[14.60358,53.55759],[14.60499,53.55698],[14.60609,53.55694],[14.60635,53.5571],[14.60697,53.55696],[14.60759,53.55654],[14.60771,53.5562],[14.60815,53.55615],[14.60828,53.55625],[14.60788,53.55694],[14.60809,53.55695],[14.60844,53.55634],[14.60899,53.55617],[14.60939,53.55626],[14.61044,53.55697],[14.61033,53.55705],[14.61097,53.55736],[14.61155,53.55819],[14.6114,53.55845],[14.61162,53.55894],[14.61042,53.55999],[14.60721,53.56155],[14.6064,53.56209],[14.60612,53.5624],[14.60625,53.56248],[14.60617,53.56269],[14.60577,53.56316],[14.60527,53.56477],[14.60487,53.56512],[14.60429,53.56527],[14.60274,53.56509],[14.6037,53.56363],[14.60359,53.5636],[14.60258,53.56511],[14.60156,53.56509],[14.60134,53.56493],[14.60167,53.56475],[14.60136,53.56455],[14.60153,53.56387],[14.60133,53.56379],[14.60153,53.5635],[14.6017,53.56353],[14.60154,53.56336],[14.60221,53.56263],[14.60212,53.56253],[14.60281,53.56163],[14.60331,53.56148],[14.60312,53.56075],[14.6025,53.56056],[14.6025,53.55985],[14.60161,53.55918]]],[[[14.38909,53.86435],[14.38945,53.86531],[14.38924,53.86544],[14.38904,53.86524],[14.38906,53.86494],[14.38855,53.86464],[14.38838,53.86493],[14.38169,53.85992],[14.38063,53.85902],[14.37983,53.85799],[14.3794,53.85722],[14.37941,53.85671],[14.38038,53.85658],[14.3819,53.85665],[14.38456,53.85699],[14.38846,53.85898],[14.39002,53.86015],[14.39038,53.86079],[14.38975,53.86221],[14.38949,53.86227],[14.38966,53.86265],[14.38936,53.86323],[14.38903,53.86336],[14.38913,53.86393],[14.38902,53.86394],[14.38918,53.86407],[14.38909,53.86435]]],[[[19.38548,54.25655],[19.38522,54.25662],[19.38245,54.25266],[19.37387,54.23915],[19.37662,54.23925],[19.37609,54.23972],[19.37673,54.23976],[19.37711,54.23998],[19.37728,54.24035],[19.3771,54.24065],[19.37798,54.24077],[19.37791,54.24163],[19.37738,54.24185],[19.37735,54.24213],[19.37711,54.24223],[19.377,54.24253],[19.37796,54.24344],[19.37818,54.24443],[19.37915,54.24547],[19.37904,54.2456],[19.37943,54.24648],[19.37962,54.2465],[19.38024,54.2472],[19.38035,54.24708],[19.38024,54.24679],[19.37973,54.24647],[19.37983,54.24627],[19.37966,54.24609],[19.37993,54.24541],[19.37981,54.24514],[19.37939,54.24492],[19.3794,54.24473],[19.37975,54.24458],[19.37952,54.24426],[19.38002,54.24393],[19.37983,54.24356],[19.38006,54.24337],[19.37963,54.24317],[19.37965,54.24259],[19.37883,54.2417],[19.37914,54.24152],[19.37971,54.24151],[19.37873,54.24104],[19.37888,54.24034],[19.37927,54.24007],[19.38014,54.2399],[19.38117,54.24033],[19.38127,54.24055],[19.3826,54.2407],[19.3832,54.24113],[19.383,54.24129],[19.38323,54.24152],[19.38332,54.2427],[19.38287,54.24284],[19.38269,54.2435],[19.38242,54.24378],[19.38209,54.24545],[19.38253,54.24623],[19.38222,54.24692],[19.38252,54.24838],[19.38223,54.24865],[19.3823,54.25086],[19.38269,54.25204],[19.38241,54.25217],[19.38304,54.2532],[19.38476,54.25524],[19.38548,54.25655]]],[[[14.52868,53.67173],[14.53285,53.67019],[14.53205,53.67066],[14.53225,53.67077],[14.53266,53.67067],[14.53257,53.67117],[14.53234,53.67127],[14.53261,53.6714],[14.5324,53.67165],[14.53256,53.67171],[14.53216,53.6717],[14.53218,53.67232],[14.53355,53.67309],[14.53449,53.67308],[14.53556,53.67348],[14.53597,53.67422],[14.53545,53.67499],[14.53555,53.67521],[14.53534,53.6754],[14.53537,53.67561],[14.53495,53.67635],[14.53538,53.67646],[14.53535,53.67671],[14.53436,53.67707],[14.53321,53.67726],[14.53238,53.67708],[14.53194,53.67716],[14.53166,53.67696],[14.53056,53.67678],[14.528,53.67531],[14.52669,53.67433],[14.52614,53.67416],[14.52591,53.67435],[14.5256,53.67433],[14.52523,53.67406],[14.52489,53.67416],[14.52451,53.67399],[14.52306,53.67429],[14.52868,53.67173]]],[[[14.31039,53.863],[14.31045,53.86274],[14.30865,53.86089],[14.30925,53.86094],[14.30957,53.86131],[14.3171,53.86497],[14.31717,53.86527],[14.3194,53.86704],[14.3194,53.86738],[14.31803,53.86764],[14.31764,53.8681],[14.31742,53.86788],[14.31657,53.86765],[14.31554,53.86708],[14.31507,53.86651],[14.31333,53.86547],[14.31083,53.86325],[14.30914,53.86378],[14.30721,53.86397],[14.30668,53.86427],[14.30479,53.86328],[14.30391,53.86324],[14.30292,53.86266],[14.30135,53.86108],[14.30159,53.86051],[14.302,53.86036],[14.30219,53.85999],[14.3014,53.85936],[14.29992,53.85854],[14.29968,53.85836],[14.29968,53.85817],[14.30105,53.85821],[14.30399,53.85904],[14.30431,53.85956],[14.3058,53.86061],[14.30633,53.86125],[14.30717,53.86295],[14.30732,53.86361],[14.3082,53.86369],[14.31039,53.863]]],[[[14.61886,53.53879],[14.62068,53.53711],[14.62726,53.53323],[14.62829,53.53279],[14.62881,53.53305],[14.62871,53.53359],[14.62835,53.53406],[14.62813,53.53406],[14.62796,53.53463],[14.62758,53.53513],[14.62617,53.53658],[14.6261,53.53718],[14.62542,53.53798],[14.62341,53.53969],[14.61894,53.54255],[14.61847,53.54304],[14.61761,53.54319],[14.61774,53.54295],[14.61743,53.54268],[14.61725,53.542],[14.61747,53.54179],[14.61732,53.54114],[14.61784,53.54009],[14.61851,53.53954],[14.61886,53.53879]]],[[[14.59336,53.5717],[14.59294,53.57243],[14.59225,53.57262],[14.59243,53.573],[14.59215,53.57298],[14.59147,53.57335],[14.59163,53.57344],[14.59152,53.57361],[14.59157,53.57423],[14.59005,53.57512],[14.58967,53.57334],[14.58977,53.57311],[14.58964,53.57223],[14.58983,53.57204],[14.58951,53.57174],[14.5898,53.57009],[14.59048,53.56882],[14.59175,53.56721],[14.59373,53.5642],[14.59445,53.56272],[14.59484,53.5605],[14.59518,53.56006],[14.59597,53.55983],[14.59653,53.56111],[14.59627,53.56196],[14.59639,53.56211],[14.59619,53.56252],[14.59566,53.56256],[14.59569,53.56267],[14.59631,53.5628],[14.59625,53.56309],[14.59571,53.56344],[14.59544,53.56325],[14.59526,53.56343],[14.59551,53.56364],[14.59534,53.56372],[14.59549,53.56392],[14.59544,53.56436],[14.59498,53.5646],[14.59498,53.56484],[14.59516,53.56481],[14.59521,53.56499],[14.59517,53.56517],[14.59488,53.56521],[14.59539,53.56565],[14.59506,53.56567],[14.59464,53.56546],[14.59524,53.56594],[14.59526,53.56612],[14.59521,53.56629],[14.59478,53.56643],[14.59511,53.56685],[14.59487,53.56718],[14.59498,53.56741],[14.59451,53.56817],[14.59468,53.56868],[14.59346,53.57097],[14.59359,53.57115],[14.59347,53.57146],[14.59324,53.57152],[14.59336,53.5717]]],[[[19.37433,54.23888],[19.37395,54.23906],[19.37376,54.239],[19.37223,54.23702],[19.36358,54.22977],[19.3624,54.22856],[19.36142,54.22702],[19.36086,54.2252],[19.36085,54.22382],[19.36122,54.22149],[19.36149,54.22145],[19.36211,54.22232],[19.36306,54.22409],[19.36311,54.2245],[19.36294,54.22463],[19.36316,54.22491],[19.36318,54.2252],[19.36294,54.22557],[19.36305,54.22647],[19.36276,54.2266],[19.36291,54.22697],[19.36359,54.2277],[19.36489,54.2285],[19.36483,54.22907],[19.36575,54.22984],[19.36528,54.23038],[19.36677,54.23094],[19.36697,54.23092],[19.36702,54.23067],[19.36739,54.23044],[19.36804,54.2306],[19.36746,54.23094],[19.36756,54.23109],[19.36817,54.2312],[19.36924,54.23174],[19.3691,54.23189],[19.37033,54.23277],[19.37026,54.23306],[19.37056,54.23358],[19.37053,54.23426],[19.37083,54.23474],[19.37103,54.23557],[19.37162,54.23599],[19.37303,54.23621],[19.37395,54.23715],[19.37388,54.2375],[19.37544,54.23811],[19.37548,54.23826],[19.37623,54.23837],[19.37674,54.23805],[19.37722,54.23804],[19.37783,54.23818],[19.37782,54.23845],[19.37876,54.23797],[19.37925,54.23789],[19.37954,54.23797],[19.37975,54.23824],[19.37969,54.23862],[19.37933,54.23911],[19.37433,54.23888]]],[[[14.61575,53.53842],[14.61533,53.53885],[14.61466,53.5406],[14.61425,53.54257],[14.61289,53.54423],[14.6105,53.54616],[14.61001,53.54633],[14.61013,53.54443],[14.6105,53.54351],[14.61216,53.54098],[14.61324,53.53901],[14.61347,53.5387],[14.61409,53.53877],[14.6134,53.53856],[14.6131,53.5365],[14.61622,53.5379],[14.61622,53.53816],[14.61573,53.53823],[14.61575,53.53842]]],[[[14.56799,53.42766],[14.5682,53.42711],[14.56919,53.42732],[14.57038,53.42798],[14.57305,53.42905],[14.57631,53.43007],[14.57742,53.43078],[14.57781,53.43241],[14.57757,53.43307],[14.57701,53.43324],[14.57617,53.43297],[14.57291,53.43106],[14.5711,53.43021],[14.56799,53.42766]]],[[[14.61936,53.84206],[14.61932,53.84157],[14.61887,53.84097],[14.61917,53.8401],[14.61968,53.83944],[14.62024,53.8391],[14.62148,53.83991],[14.62159,53.84056],[14.62192,53.84104],[14.62241,53.84145],[14.62374,53.84208],[14.62423,53.84252],[14.62451,53.8429],[14.62462,53.84359],[14.62448,53.84416],[14.62311,53.84584],[14.61936,53.84206]]],[[[14.34546,53.86673],[14.34612,53.86511],[14.34743,53.86407],[14.34817,53.86395],[14.34878,53.864],[14.34919,53.86438],[14.34994,53.86661],[14.34973,53.86747],[14.34575,53.86881],[14.34484,53.86896],[14.34546,53.86673]]],[[[14.34164,53.86672],[14.34322,53.86527],[14.34418,53.86485],[14.34531,53.86473],[14.34528,53.86549],[14.34474,53.86679],[14.34464,53.86793],[14.3443,53.86843],[14.34454,53.8685],[14.34438,53.8686],[14.34287,53.86908],[14.34176,53.86919],[14.34144,53.86898],[14.34093,53.86821],[14.34102,53.86766],[14.34164,53.86672]]],[[[14.62907,53.51743],[14.62876,53.51736],[14.6321,53.51569],[14.6322,53.51583],[14.63204,53.51622],[14.63219,53.5164],[14.63218,53.51712],[14.63196,53.51722],[14.63245,53.51731],[14.63252,53.51745],[14.63232,53.51762],[14.63261,53.51787],[14.63268,53.51844],[14.63242,53.51853],[14.63252,53.51868],[14.63195,53.51919],[14.63148,53.51918],[14.63143,53.51936],[14.63164,53.51953],[14.6315,53.51968],[14.63157,53.51996],[14.63077,53.5215],[14.63048,53.52097],[14.63062,53.52086],[14.63049,53.52066],[14.63028,53.5206],[14.63006,53.52011],[14.62983,53.52002],[14.62968,53.51953],[14.62942,53.51942],[14.62885,53.51869],[14.62909,53.51854],[14.62873,53.518],[14.62907,53.51743]]],[[[18.68042,54.3953],[18.68047,54.39513],[18.68007,54.39456],[18.67844,54.39519],[18.67745,54.39534],[18.67584,54.39421],[18.67739,54.39402],[18.6779,54.39415],[18.67848,54.39396],[18.67859,54.39358],[18.67938,54.39292],[18.68047,54.39359],[18.68037,54.39375],[18.68118,54.39403],[18.68166,54.39392],[18.68313,54.3941],[18.68251,54.39489],[18.68207,54.39511],[18.68207,54.39543],[18.68251,54.39564],[18.68303,54.39631],[18.68299,54.39646],[18.67987,54.39721],[18.67931,54.3967],[18.68121,54.39603],[18.68123,54.39588],[18.68042,54.3953]]],[[[14.63184,53.51494],[14.63043,53.51612],[14.6285,53.5172],[14.62841,53.51667],[14.62891,53.51638],[14.62849,53.51634],[14.62829,53.51574],[14.62873,53.51428],[14.62875,53.51365],[14.62951,53.51206],[14.62929,53.51207],[14.6293,53.5119],[14.62957,53.51174],[14.62971,53.51093],[14.62996,53.51093],[14.63047,53.51144],[14.63051,53.51164],[14.63013,53.5121],[14.63076,53.51205],[14.6308,53.51226],[14.63044,53.51261],[14.63051,53.51279],[14.63085,53.51285],[14.63106,53.51328],[14.6315,53.51356],[14.6314,53.51374],[14.63171,53.51406],[14.63184,53.51494]]],[[[14.28304,53.7392],[14.28249,53.73962],[14.28115,53.73986],[14.27976,53.74041],[14.27906,53.74022],[14.27837,53.74025],[14.27788,53.74046],[14.27677,53.74032],[14.27602,53.73988],[14.27612,53.73991],[14.27613,53.73907],[14.27706,53.73893],[14.27777,53.73863],[14.2785,53.73863],[14.2784,53.73843],[14.2794,53.73821],[14.27921,53.73814],[14.27948,53.73801],[14.27933,53.73787],[14.27955,53.73775],[14.28205,53.73774],[14.28226,53.73793],[14.28326,53.73808],[14.28287,53.73841],[14.28235,53.73848],[14.28244,53.73858],[14.28185,53.73885],[14.28117,53.73945],[14.28156,53.73957],[14.28304,53.7392]]],[[[14.52344,53.65981],[14.5246,53.66089],[14.51714,53.66381],[14.51603,53.6628],[14.51685,53.66237],[14.52344,53.65981]]],[[[14.59378,53.63743],[14.59288,53.63649],[14.59281,53.63512],[14.59299,53.63462],[14.59355,53.63439],[14.59482,53.63498],[14.5967,53.63557],[14.59622,53.63615],[14.59631,53.63687],[14.59688,53.63702],[14.59679,53.63724],[14.59611,53.63754],[14.5949,53.63766],[14.59378,53.63743]]],[[[18.66221,54.35342],[18.66203,54.35335],[18.66146,54.35364],[18.66023,54.35321],[18.65914,54.35262],[18.65855,54.35067],[18.65946,54.35051],[18.65972,54.35063],[18.66255,54.35293],[18.66302,54.35297],[18.66292,54.35314],[18.66492,54.354],[18.66498,54.35415],[18.66206,54.3538],[18.66189,54.35373],[18.66221,54.35342]]],[[[14.29682,53.85469],[14.2968,53.85397],[14.30075,53.85576],[14.30294,53.8569],[14.3053,53.85836],[14.30487,53.85841],[14.30274,53.85735],[14.30199,53.85722],[14.3007,53.85663],[14.30019,53.85666],[14.29985,53.85634],[14.29828,53.85614],[14.29815,53.85639],[14.29772,53.85635],[14.29759,53.8561],[14.29716,53.85605],[14.29725,53.85581],[14.29682,53.85469]]],[[[14.31913,53.86421],[14.31394,53.86226],[14.31304,53.86176],[14.31236,53.86102],[14.31259,53.86093],[14.31338,53.86112],[14.31961,53.86317],[14.32047,53.86406],[14.32008,53.86425],[14.31946,53.86416],[14.31946,53.864],[14.31924,53.86397],[14.31913,53.86421]]],[[[14.37301,53.88709],[14.37439,53.88703],[14.37444,53.88714],[14.3738,53.88718],[14.37268,53.88763],[14.3707,53.88765],[14.36829,53.88782],[14.36789,53.88776],[14.37121,53.88509],[14.37277,53.88469],[14.37273,53.88481],[14.37146,53.88515],[14.37167,53.88524],[14.37168,53.88547],[14.37122,53.88543],[14.37079,53.88593],[14.37105,53.88645],[14.37301,53.88709]]],[[[18.5337,54.67652],[18.53309,54.67624],[18.53373,54.67643],[18.53565,54.67799],[18.54496,54.68638],[18.54709,54.68893],[18.548,54.69074],[18.55049,54.69388],[18.55097,54.69497],[18.55168,54.69577],[18.55146,54.69579],[18.55098,54.69519],[18.55051,54.69414],[18.54943,54.69272],[18.54905,54.69271],[18.54914,54.69248],[18.54813,54.69159],[18.5467,54.68887],[18.54443,54.68637],[18.54134,54.68332],[18.53475,54.67743],[18.53376,54.6768],[18.5337,54.67652]]],[[[14.39001,53.86872],[14.39023,53.86947],[14.39052,53.86974],[14.39086,53.87054],[14.39089,53.87109],[14.39052,53.87153],[14.38995,53.87153],[14.38961,53.87178],[14.3894,53.87221],[14.38875,53.8721],[14.38871,53.8724],[14.38853,53.87239],[14.38826,53.87214],[14.3883,53.87202],[14.38854,53.87204],[14.38853,53.87154],[14.38887,53.87102],[14.38831,53.87092],[14.38826,53.87067],[14.38865,53.87049],[14.38887,53.86969],[14.38927,53.86941],[14.38927,53.86919],[14.38971,53.86865],[14.39001,53.86872]]],[[[14.39433,53.87144],[14.39426,53.87167],[14.39399,53.87167],[14.39367,53.87225],[14.39409,53.87266],[14.39411,53.87299],[14.39378,53.87323],[14.39227,53.87349],[14.39214,53.87337],[14.39218,53.87277],[14.39258,53.87256],[14.39274,53.87215],[14.39264,53.87176],[14.3919,53.87167],[14.39191,53.87099],[14.39208,53.87093],[14.39212,53.87059],[14.39194,53.87051],[14.39191,53.87015],[14.39235,53.87015],[14.39433,53.87144]]],[[[14.40492,53.86975],[14.40663,53.86975],[14.40683,53.86999],[14.40641,53.87035],[14.40566,53.87057],[14.40528,53.87112],[14.40524,53.87169],[14.40496,53.87189],[14.4045,53.872],[14.40374,53.87186],[14.40349,53.87156],[14.4041,53.87115],[14.40428,53.87077],[14.40392,53.87024],[14.40286,53.87048],[14.40279,53.87026],[14.40297,53.86994],[14.40305,53.86979],[14.40383,53.86957],[14.40492,53.86975]]],[[[18.55366,54.69857],[18.55759,54.70162],[18.56027,54.70402],[18.56616,54.70857],[18.57116,54.7114],[18.57279,54.71206],[18.57274,54.71223],[18.5729,54.7124],[18.57399,54.71313],[18.57907,54.71538],[18.58162,54.71684],[18.58195,54.71721],[18.57987,54.71588],[18.57661,54.71447],[18.57646,54.71425],[18.57459,54.71347],[18.57399,54.71348],[18.57407,54.71331],[18.57284,54.71253],[18.57246,54.7122],[18.57254,54.71207],[18.57105,54.71153],[18.56571,54.70846],[18.56006,54.70406],[18.55921,54.70323],[18.55885,54.70307],[18.55863,54.70265],[18.55754,54.70169],[18.55366,54.69857]]],[[[14.7197,53.94103],[14.71973,53.94118],[14.7203,53.94149],[14.72073,53.94146],[14.72012,53.94233],[14.71926,53.94253],[14.71817,53.9423],[14.71756,53.94175],[14.71737,53.94118],[14.71769,53.94096],[14.71829,53.94087],[14.7197,53.94103]]],[[[14.41436,53.86559],[14.41345,53.86551],[14.41194,53.86623],[14.41174,53.86589],[14.40988,53.86507],[14.412,53.86535],[14.41265,53.86523],[14.41649,53.86518],[14.41686,53.86527],[14.41693,53.86603],[14.41658,53.86598],[14.41597,53.86619],[14.41566,53.866],[14.4156,53.8654],[14.41436,53.86559]]],[[[18.67875,54.39529],[18.67864,54.39533],[18.67951,54.39513],[18.67932,54.39506],[18.67996,54.39475],[18.68016,54.39527],[18.68004,54.39531],[18.68027,54.39535],[18.68016,54.39545],[18.68037,54.39571],[18.68092,54.39599],[18.68025,54.39614],[18.68025,54.39602],[18.67939,54.39632],[18.67957,54.39638],[18.67908,54.39664],[18.67886,54.39624],[18.67902,54.39619],[18.67854,54.39562],[18.67842,54.39572],[18.67793,54.39532],[18.67875,54.39529]]],[[[14.62167,53.83978],[14.6219,53.83973],[14.62253,53.84015],[14.62331,53.84107],[14.62355,53.84171],[14.62279,53.84147],[14.622,53.84082],[14.62167,53.83978]]],[[[18.52702,54.6714],[18.53134,54.67441],[18.53286,54.67581],[18.53269,54.67582],[18.53173,54.67511],[18.53158,54.6748],[18.52765,54.67215],[18.52702,54.6714]]],[[[14.40011,53.87045],[14.3997,53.87046],[14.39904,53.87006],[14.39819,53.86994],[14.39823,53.8698],[14.39945,53.86994],[14.40132,53.86989],[14.40208,53.8701],[14.40213,53.87031],[14.40142,53.87031],[14.4013,53.87015],[14.40061,53.87008],[14.40011,53.87045]]]]}}